LST,NDVI,NDBI,NDWI,Heat_Risk
29.944595660000005,-0.0223101589684109,0.0322798487304159,0.0884223918575063,Low
40.63958023999999,0.1563823471205224,-0.0067192722511284,-0.1671460530520933,High
40.06706188999999,0.3029766259771266,-0.1395998922268624,-0.2823359987872816,Moderate
31.19559098000002,-0.0430733410942956,0.0186376600119387,0.1104965732836359,Low
39.97306634000006,0.0608345091715379,0.00045582314062143887,-0.0867715689918638,Moderate
36.490103960000056,0.2530004616094783,-0.0907112242164479,-0.2395068305491076,Moderate
37.2318143,0.1423660185644982,0.0042618365852034,-0.1676557863501483,Moderate
41.13861115999998,0.2209306907285551,-0.0735171840354767,-0.202405898331393,High
35.874860360000014,0.1380995286942057,0.0582280658990866,-0.1973530698556219,Moderate
39.45010927999999,0.2360466001675169,-0.085819397993311,-0.2425750153092467,Moderate
39.62784632,0.1168943517283639,0.0083210650963323,-0.1659830667920978,Moderate
37.69324700000004,0.2479707792207792,0.0032145654933952,-0.2599877074370006,Moderate
40.04313575000003,0.066180935033394,0.053780636189814,-0.0801007956507073,Moderate
30.778592539999977,-0.015891250239326,0.001262994267949,0.0567653535600685,Low
31.75272824000001,-0.0551836204094897,0.0142411501424115,0.1023835988637767,Low
36.35680118000005,0.3293658314696183,-0.1745202451522154,-0.293236964377904,Moderate
37.06604033000002,0.2644626520750969,-0.0899721769480252,-0.2759896696604093,Moderate
35.77402877000003,0.240264104692998,-0.1207173734414633,-0.2160564417653557,Moderate
36.1893182,0.3424199469341765,-0.144246855443336,-0.3131621986773804,Moderate
39.892742870000006,0.1138838830995847,0.0308638819298873,-0.1234121574902704,Moderate
31.86210488000006,-0.0398056438048962,-0.0071876633559853,0.06892177589852,Low
36.18590018000003,0.2473921595898984,-0.0678686851505358,-0.2382154550116366,Moderate
30.71706818000001,0.0278646909498789,-0.0481608572632592,0.0195128818808953,Low
34.053055700000016,0.33823686935409,-0.1238717802632762,-0.3167047251010012,Low
32.02275182000005,-0.038688752461485,-0.0336280981442271,0.0654805472664827,Low
33.35065258999998,0.1585549666942189,-0.0942824339839265,-0.1253955509375147,Low
37.22497826000006,0.268865829531231,-0.1056927732038561,-0.244446204411357,Moderate
31.735638139999992,-0.0348485783013631,-0.005009633911368,0.1095430489956182,Low
35.22885458000002,0.3049777117384844,-0.0953138153587129,-0.2860123732474283,Low
33.57624191000002,0.3546921398161067,-0.1363534054589379,-0.3154420705228417,Low
30.91531334000001,-0.0218068535825545,-0.0250272034820457,0.0716790817657459,Low
39.01260272000002,0.1949683290213221,-0.037875030994297,-0.2075947997619863,Moderate
29.51734316,-0.0385824139083918,0.0275278998985458,0.1147096853642017,Low
36.20982632000005,0.3106582777725608,-0.0951977401129943,-0.2938428166193892,Moderate
37.20959717000005,0.2625372044701521,-0.0572301904537973,-0.2442304499418894,Moderate
36.95324567,0.2228516524210821,-0.1139272820101382,-0.2015892685037666,Moderate
38.68105478000001,0.2211948790896159,-0.1108475307310761,-0.2074542897327707,Moderate
33.926588960000004,0.4149968742802619,-0.1643067926469393,-0.3846550114298593,Low
38.325580700000046,0.2304865444244535,-0.0571597710978096,-0.2279247445325183,Moderate
33.98640431000001,0.3967047770370626,-0.2097531787584143,-0.3532344968374552,Low
38.08802831000003,0.1823859869499982,-0.0384603597805767,-0.2007795889440113,Moderate
36.72252932000004,0.2368814718396052,-0.0728657611809511,-0.2267052023121387,Moderate
28.65942014000001,-0.011154944905455,0.0228525339427342,0.0929623159470925,Low
43.93626053000003,0.2047172664045963,-0.0310872940961544,-0.2142421743339668,Extreme
29.746350500000005,-0.0233468286099865,0.0182459472291935,0.0959400374765771,Low
40.98821828000001,0.1467987804878048,-0.0013310262212165,-0.158275596612779,High
35.461279940000054,0.3871084524281552,-0.1816833355362676,-0.3583523254832447,Low
41.74701872000003,0.1720087132410144,-0.0340448898345802,-0.1794871794871795,Extreme
35.20834646000003,0.3863427204122952,-0.2534531536029289,-0.3306480107412903,Low
37.54627214000004,0.2259406169368814,-0.0945160735774454,-0.2114316158002892,Moderate
40.94036600000004,0.1993298571240329,-0.0359001040582726,-0.2039759628103858,High
40.130295260000025,0.0956810489793311,0.0280589123867069,-0.1031482394290735,Moderate
36.47984989999998,0.2157232165796009,-0.0310491338925808,-0.2048376830044557,Moderate
39.3338966,0.2171042288948278,-0.0695586102092975,-0.2105386599953092,Moderate
36.95153665999999,0.296642649087843,-0.1345405767940979,-0.2759088852013878,Moderate
41.03948858000001,0.1094765778817935,0.0365806451612903,-0.1388804148871263,High
39.79532930000005,0.2585331562914942,-0.0972047257498893,-0.2430472516875602,Moderate
31.376746040000057,-0.0461196759864123,0.0176264800861141,0.1028508232981076,Low
36.58580852,0.2752728317059161,-0.0467631198986357,-0.269711916505826,Moderate
35.53305836000004,0.3895935073604328,-0.2226653065009737,-0.3484709010944052,Low
37.56336224000006,0.2964101026755602,-0.1085974300637677,-0.2770764119601329,Moderate
29.650645940000004,-0.0156121610517666,0.020708446866485,0.0855543540487246,Low
37.53601808000002,0.2748088481825244,-0.0776303055440342,-0.2541936521983989,Moderate
41.43256087999998,0.1575768630550657,0.0432189761458054,-0.1658229915088177,Extreme
29.780530699999986,-0.0220893087745531,0.0277064468171374,0.1042211430706014,Low
32.59356116000004,-0.0116907466637255,-0.0608500059192612,0.04029559024338,Low
33.072083959999986,-0.0447139532034791,-0.0159598723210214,0.0881131965152312,Low
34.022293520000005,0.0615246233415785,-0.0122440227297094,-0.0488590663674539,Low
37.11901964000003,0.1821040480834295,-0.0271148924396486,-0.1832815363774005,Moderate
36.66784100000001,0.2702191987906273,-0.0548946988481215,-0.2624896701975809,Moderate
38.15809772,0.1778768544853562,-0.0223000583771161,-0.1894430428876382,Moderate
38.00086880000004,0.2304167152122412,-0.0423081984471641,-0.249980273021384,Moderate
37.21130618000001,0.2503751418219083,-0.0678585940674522,-0.2417854027333527,Moderate
31.53910199000001,-0.0138426602793417,-0.0185381526104417,0.0568530033022937,Low
35.871442340000044,0.2673059905004424,-0.0861698010989861,-0.2690248842592592,Moderate
29.565195440000025,-0.0244100344850902,0.0270416076606649,0.0950827897641746,Low
37.271121530000016,0.176017411066813,-0.025615184345343,-0.1753156760086233,Moderate
35.59116470000004,0.2736518079800499,-0.1324094924649229,-0.2423084962848944,Moderate
36.74645545999999,0.226313709996049,-0.0760643461378449,-0.2145568381921346,Moderate
38.39735912000003,0.0809505703422053,-0.0179025385799706,-0.0961000906059028,Moderate
35.88511442000004,0.3799678666643126,-0.154061955526681,-0.3492378601391358,Moderate
39.28946234,0.2316815597075548,-0.072770368273959,-0.2228405516573917,Moderate
30.77175650000004,-0.0335839598997493,0.0040679279395622,0.0650421288719161,Low
40.444753100000014,0.2081989866421004,-0.0570929607737775,-0.2014199015229588,High
31.968063500000028,0.0927209267034245,-0.1110996811027672,-0.067292490118577,Low
34.41707483000005,0.184310219063978,-0.1108364599426175,-0.1526324226532621,Low
32.14238252000001,0.081555454683008,-0.1096507115135834,-0.0599051008303677,Low
32.73369997999998,0.1416971173365814,-0.1078377727680623,-0.1166361490436585,Low
30.616236590000028,-0.0357035503156207,0.0194267083276728,0.1126137201868699,Low
37.20788816000004,0.2977371530487125,-0.0861256666614836,-0.2836665686562775,Moderate
32.23125104000002,-0.0209991026024528,-0.015451442755197,0.0527899976846492,Low
32.92852712000001,0.0701988879384089,-0.0563339402095042,-0.0489715708109524,Low
33.89240876000002,0.2912382565219144,-0.151031557760046,-0.2539253690434238,Low
40.97625520999998,0.11117136659436,0.0739680626694787,-0.1560378387527504,High
32.05693201999998,0.0007861422104150289,-0.0684146553221045,0.0399687946950981,Low
39.45010927999999,0.2312228312228312,-0.0437401864966193,-0.2293176328502415,Moderate
34.765712870000016,0.2221147583048773,-0.0857122816861892,-0.2026026998154802,Low
33.94367906000002,0.3954913845944289,-0.1797219103549529,-0.3672761243827572,Low
41.65815020000002,0.1854223487094351,-0.0511742025937609,-0.1794085260342929,Extreme
32.06376806000003,-0.0181500364166059,-0.0326949593994178,0.0583403185247275,Low
34.471763150000015,0.3739623685666851,-0.1808034719022635,-0.3325506113617685,Low
34.66317227000002,0.3123903385970806,-0.1396939635609155,-0.2826079025137728,Low
34.463218100000006,0.2565180169663009,-0.0926132710723107,-0.2506778216748005,Low
36.34825612999998,0.2199342825848849,-0.0663679534313725,-0.2073450982092529,Moderate
40.63274420000005,0.1038150843797488,0.0166025366965939,-0.0986307912752746,High
34.85287238000001,0.268889721493693,-0.1710915587658969,-0.2441324135679007,Low
30.39406529000001,-0.0231846614087571,0.02072115056915,0.0935074768124171,Low
35.94663878000006,0.2217421137547985,-0.0844087437450619,-0.2137067059690493,Moderate
33.45148418000002,0.4024386007572862,-0.2804313352362829,-0.3488356553406168,Low
38.52382585999999,0.1916331195759917,-0.0253616250935612,-0.1953327922077922,Moderate
32.78497028000004,-0.0047659097280627,-0.0569250922948672,0.0402811570694782,Low
39.10830728000002,0.2364154077355058,-0.0829984758209782,-0.2286893299272941,Moderate
34.7195696,0.2848076160253867,-0.133389320456295,-0.2555723533744233,Low
38.92031617999999,0.3878371016071915,-0.1931848122017623,-0.3551669104934167,Moderate
31.651896650000023,-0.0092392978133661,-0.0255020720433535,0.0485626404826688,Low
31.20926306000001,-0.0447393978633862,0.0205138418641704,0.1112583579302451,Low
35.68003322000004,0.1697175515613352,-0.0505681712510926,-0.1585143255604093,Moderate
30.518823020000013,-0.0111747070046334,0.013728421911105,0.0657009496217608,Low
32.87554781000006,0.2658378877684551,-0.1059215171996368,-0.2450173187212537,Low
41.79145298000003,0.2216197306279517,-0.0330444043428098,-0.2239318635869755,Extreme
32.01933380000003,-0.0457240592930444,-0.0350627666810957,0.0676247771836007,Low
35.64243499999998,0.2749181006890838,-0.0807929262297698,-0.2725700969706081,Moderate
34.96566704000003,0.379140724433284,-0.1655280676763859,-0.337280277509089,Low
38.151261680000005,0.2752625478557128,-0.0940428481031729,-0.2710214940838759,Moderate
34.84261832000004,0.0114765800889572,-0.0728013977868375,0.0179142674344209,Low
31.988571620000016,-0.0399774457287848,-0.0372220530003046,0.0960925886600127,Low
38.56142408000005,0.2493799503960316,-0.1136785052061046,-0.2283972468043264,Moderate
32.294484409999995,0.1066468508174037,-0.1080380737357929,-0.0716625310173697,Low
34.71444257000002,0.353848833159178,-0.1293382726810489,-0.3346266760519855,Low
39.58683008000003,0.2989049614708666,-0.0950535673581034,-0.2981152469094102,Moderate
32.070604100000025,-0.0314671920319597,-0.0538287483625104,0.0785171300635218,Low
35.91245858000002,0.1735727819424994,-0.0379221157699173,-0.1800372747980948,Moderate
29.69166217999998,-0.0055566989092405,0.0202757502027575,0.0644724104549854,Low
35.03060942000002,0.3589023452174379,-0.1741865677409382,-0.3217796801865288,Low
38.78701339999998,0.2035643564356435,-0.0410386407234858,-0.1825362854585781,Moderate
39.634682360000056,0.2092894445323627,-0.0648319108169308,-0.2008800534318155,Moderate
41.32831127000003,0.2111208598376837,-0.0338758250503222,-0.2108331353593684,High
30.952911560000015,-0.0206440465906044,-0.0305956112852664,0.0526194455650971,Low
39.38003987000002,0.1559288923617894,-0.0134100601140625,-0.163314656443527,Moderate
37.30188371000003,0.2017681614610597,-0.0817423475620397,-0.2116816857908008,Moderate
31.202427020000016,-0.0005169027189083015,-0.0808272778088317,0.0263846928499496,Low
31.229771180000057,-0.038561093781111,0.0230644726193687,0.0989052002985817,Low
40.54729370000001,0.0932785786121354,-0.0119463191373826,-0.10794971972142,High
35.14853111000002,-0.0388038830774195,-0.0457577530719719,0.0652475221632364,Low
34.23762878000002,0.300794372208829,-0.1057582476651212,-0.2640270363685241,Low
34.514488400000005,-0.0499741809627632,-0.0426952141057934,0.0746101827530319,Low
31.872358940000023,0.0597788866060072,-0.0933131466061064,-0.0283381592063416,Low
30.73928531000001,-0.0333052702475164,0.0188666347665595,0.1073172248655036,Low
30.37013915,-0.030689329556185,0.0200811428181787,0.1086922814525382,Low
32.06035004,0.005690461434447,-0.0530352191611114,0.03057622332048,Low
31.48441366999998,-0.0172890326374595,-0.0406974933831542,0.0524495350419596,Low
36.45079672999998,0.2762647446879738,-0.1131913431810374,-0.2516415604480494,Moderate
30.41286439999999,0.004107713372889,-0.0502446592672156,0.040453603750954,Low
40.70110460000001,0.1562860667807537,-0.0098362934899725,-0.1529365079365079,High
38.47939159999999,0.3662112154853402,-0.1489960199898255,-0.3279380231029951,Moderate
36.66784100000001,0.2350399320961456,-0.1047799827437446,-0.2119640321817321,Moderate
32.73882701000002,0.3498721886091546,-0.1732868720129154,-0.3207024362157688,Low
37.25232242000004,0.2533302264165599,-0.0904913158072582,-0.2426646130150173,Moderate
40.882259660000045,0.1523014177510196,-0.0215916526051172,-0.1599155458242102,High
38.51357180000002,0.2554122350456362,-0.0982578857067441,-0.2393327872514707,Moderate
31.46219654000004,-0.0022709175096587,-0.0244685361274301,0.0421857304643261,Low
38.45546546000003,0.2083172891798228,-0.0812487078767831,-0.2022527872495306,Moderate
36.24400652000003,0.3554906968259759,-0.1667870489589548,-0.3233366576435389,Moderate
36.80456179999999,0.2349268672290904,0.0094340961001007,-0.2534151901915378,Moderate
37.21472419999998,0.2041589666050661,0.0277618688771665,-0.2074948992007187,Moderate
33.03106772000001,0.1880347730850845,-0.1154241645244216,-0.1590499298800169,Low
31.21268108000004,-0.0295334569838778,-0.0404748064979961,0.0570327446141902,Low
31.47586862000003,-0.0129616945044522,-0.0622023134497618,0.0444540794205412,Low
33.815503310000054,0.41787057362125,-0.2236075010646577,-0.3762325542984557,Low
34.97592110000005,0.2802088927572733,-0.0711518795128451,-0.2788116467497872,Low
30.51027797000006,-0.0275210655069312,0.0242056457111686,0.1062886404796103,Low
32.83282256000001,0.1205710986299931,-0.1004123711340206,-0.0730873630240273,Low
32.72002789999999,0.3395160347582122,-0.1392589646715715,-0.2988249518268032,Low
36.19273622000003,0.310311385126944,-0.0550682600995663,-0.3103567717353654,Moderate
34.35384146000001,0.2569076082653788,-0.1120372640353027,-0.2403609515996718,Low
40.448171119999984,0.1421647187585506,0.0168898459053899,-0.1436846843320678,High
34.95199495999998,0.2900102338030386,-0.1098543853708093,-0.2723320004658566,Low
39.86027167999998,0.2949937329499373,-0.1061846580173825,-0.2900477414616232,Moderate
29.40113048000001,-0.0101741208603618,0.0289389067524115,0.0865208897851156,Low
39.15274154000002,0.2910289525425035,-0.143559623002322,-0.2708918406072106,Moderate
29.729260400000044,-0.0044719642242862,0.0209742895805142,0.0662106350025813,Low
36.59948059999999,0.27385409941898,-0.0980217578809715,-0.2825896194221456,Moderate
37.30871975000002,0.2427258193445244,-0.0873199048818016,-0.2212490180675569,Moderate
40.35588458000001,0.1770565679724868,-0.0143416794413217,-0.1829956297179181,Moderate
31.54935605000003,-0.0401737854764994,-0.0402690720073383,0.0646101396678763,Low
36.84899605999999,0.2903908730936606,-0.1159557876178205,-0.256547300908605,Moderate
34.99642921999998,0.0895138180581864,-0.1215439228038598,-0.0688012197446159,Low
38.55458804,0.3035774363575193,-0.1536705594336189,-0.2854141324781599,Moderate
36.11583077,0.2624042557446553,-0.0963976795081113,-0.2413521857977227,Moderate
32.88751088000004,0.0282058894976922,-0.0443865661411925,-0.0085515342458499,Low
30.925567399999977,-0.0345929025457565,0.0,0.0967124925283921,Low
33.91291688000001,0.3158234502093439,-0.123889344004033,-0.2897976894288658,Low
38.34267080000001,0.2260012074864157,-0.053869840500986,-0.2125796178343949,Moderate
35.43393578000001,0.2161416115322262,-0.1327823691460055,-0.1787238560356726,Low
37.101929540000015,0.1453018539058786,-0.0148122148122148,-0.148805976079787,Moderate
38.65029260000006,0.0942466249886744,0.0466070921090025,-0.105100378822539,Moderate
29.859145160000025,-0.0183349178324052,0.01900108577633,0.0872008587485003,Low
31.009308890000057,-0.0406935176358436,-0.0135020300254933,0.0974016873616055,Low
40.63616222000002,0.1257885536216462,0.0407357036461369,-0.1360202477278828,High
36.025253239999984,0.3229931065154547,-0.1460446898677282,-0.2964227347012892,Moderate
41.34369235999998,0.1530743115805356,0.0759650554699072,-0.1684568632697526,High
32.69951978000006,-0.0232832136445242,-0.0439866870558603,0.0523909316060201,Low
37.40955134000001,0.2454778385406707,-0.0669637006945354,-0.2515563753746829,Moderate
31.082796320000057,-0.0181622418043238,-0.0281577307658071,0.0550571296119549,Low
32.97125237,0.0900251374271429,-0.0607241740813419,-0.058874040680513,Low
30.952911560000015,-0.0200369729858667,-0.0282514156994024,0.0521154789028927,Low
29.582285540000044,-0.0148153205434559,0.0231519090170593,0.0813013306169224,Low
39.79874732000002,0.1979510264271023,-0.0374378276650087,-0.2033680271313296,Moderate
36.23204344999999,0.1760191028483711,0.0468883912526609,-0.2091400112233445,Moderate
31.65702368000001,-0.03128322793665,-0.043619811292316,0.0581642091517492,Low
36.12095780000004,0.387056454412888,-0.1809045226130653,-0.3477043484127787,Moderate
35.47324301000003,0.1687920185659258,-0.1224410082025595,-0.1318813716404077,Low
39.09463520000003,0.1763219046842513,-0.0209107313448678,-0.1952775476387738,Moderate
31.00589087000003,-0.0149364965996956,-0.0215438121920587,0.0698997243886706,Low
37.97010662000002,0.2054386907467867,-0.0630899879724459,-0.1912599550745354,Moderate
35.39291953999998,0.349537037037037,-0.1378973828182759,-0.320679594988845,Low
32.76788018000002,0.3461970630400248,-0.1914543397002846,-0.3044000600690794,Low
37.27624856,0.1478427852804274,-0.0695087323505387,-0.1241210139002453,Moderate
35.78940985999998,0.1927275583130448,-0.0690929569532927,-0.1789776035399604,Moderate
37.41980540000003,0.2462674961119751,-0.0352690394677346,-0.2423549474826557,Moderate
34.84945435999998,0.3575647762275775,-0.1440874664060591,-0.3209915723403505,Low
40.05168079999999,0.2547304937806257,-0.0787478125607622,-0.243620876452348,Moderate
30.57009332000001,-0.0071892793466382,-0.0453582026282323,0.0583165130107468,Low
31.523720900000058,-0.0121870621513733,-0.0593972385245669,0.0382477092556367,Low
41.982862100000034,0.1077042198993418,0.0328555976203353,-0.1209841717599122,Extreme
35.84409818000006,0.2906631729027783,-0.1226035661616838,-0.2587943475646422,Moderate
36.99938894000002,0.301061388410786,-0.1638066523398659,-0.2804460599216572,Moderate
41.64789614000006,0.1511184274232594,-0.025305756326439,-0.1513860101117718,Extreme
37.51550996000003,0.189697831635138,-0.055774550484094,-0.1799737208223836,Moderate
30.95803859,-0.0249555423829282,-0.0339755476631989,0.0604598029415964,Low
33.72150776000001,0.3484789043831806,-0.1399885428287152,-0.3132120033342595,Low
36.70543922000002,0.1956970466814862,-0.0332384317222927,-0.1956495852022387,Moderate
38.252093270000046,0.2782144701359803,-0.0750546905160211,-0.2653880379423292,Moderate
32.16972668000005,-0.0219897643552106,-0.0405696505505026,0.0784313725490196,Low
36.43883366,0.4018019240884334,-0.1696798946667988,-0.3663320488861693,Moderate
40.21232773999998,0.2151355568558611,-0.0621611484297746,-0.2049823991334958,Moderate
33.08062901000005,0.326857355895694,-0.1825229815040425,-0.2903238801160167,Low
30.195820130000016,-0.0107556253627889,0.0227349389462322,0.0763246827775298,Low
32.25859520000006,-0.0505365385768239,-0.0287087555209145,0.071901552886024,Low
35.922712639999986,0.324209672064628,-0.1411042944785276,-0.2893007219049671,Moderate
38.11366346,0.1628427979917188,-0.0246404399323181,-0.1607531497713795,Moderate
29.626719800000046,-0.0322279308734236,0.0234311877188257,0.103695464095909,Low
38.04872108000001,0.2417202174987642,-0.1043998782508708,-0.2166008494150957,Moderate
34.61531998999999,0.2646796876618131,-0.1461931220904039,-0.2330371567043618,Low
30.414573410000003,-0.0155344918378093,0.0139767932489451,0.0573256436922883,Low
35.905622540000024,0.3035680502478338,-0.1215573930594439,-0.2784147834799065,Moderate
40.362720620000005,0.1076852428904123,0.0889470418431488,-0.1613191650331854,Moderate
31.06228820000001,-0.056974207622225,0.0182352548259969,0.1231879735130943,Low
36.462759800000015,0.2904781799536632,-0.0783268272557047,-0.278147688372268,Moderate
30.365012120000017,-0.0324826770322798,0.0210670314637482,0.108258824262438,Low
38.40761318,0.2282846925827661,-0.0602761550716941,-0.2192831787472804,Moderate
31.54764704000001,0.3537383459857836,-0.2640406129547805,-0.3168791992321404,Low
29.513925140000023,-0.0160903800068469,0.0280032467532467,0.0920005054972829,Low
36.122666810000055,0.3877912317327766,-0.1813193062268979,-0.3511219512195122,Moderate
37.22839628000003,0.263940795559667,-0.0806757782839787,-0.2665183537263626,Moderate
35.66636114000005,0.2154911022354196,-0.1134395831737031,-0.1950983818903304,Moderate
41.935009820000005,0.178723740325383,-0.030910032809532,-0.1812425801345469,Extreme
36.59435357000001,0.3141621457566675,-0.1166269099348849,-0.290779349020923,Moderate
36.954954680000014,0.170545009185548,-0.0062512337961439,-0.1867603119785805,Moderate
31.24344326000005,-0.0580843855866954,0.0068840109105078,0.1141748247697387,Low
31.151156720000017,-0.018880285884455,-0.0195580862783932,0.0631025167069529,Low
31.97148152,-0.0388052816698379,-0.0309852186282392,0.0921468249646008,Low
39.69962473999999,0.2595953585242487,-0.0453409055835056,-0.2572107353650841,Moderate
34.37434958000006,0.4261992619926199,-0.2133987386124737,-0.3801370954886019,Low
36.33629306,0.1866260861894049,-0.0685998013902681,-0.1663559505744634,Moderate
37.744517299999984,0.1780599210342958,0.0326435904770986,-0.1930223441787534,Moderate
40.21916378000003,0.0691180187010361,0.0499663148439254,-0.1033208728157871,Moderate
30.476097770000024,-0.007799782962561,0.0210786937901498,0.0776166456494325,Low
33.642893300000026,0.0627298680589491,-0.0799226386493126,-0.0319938060391118,Low
33.982986289999985,0.2800222283967769,-0.0662572521910875,-0.2745213766645763,Low
32.984924449999994,0.1323196213685111,-0.1232705659057989,-0.0892403070738381,Low
30.38210221999998,-0.0209993247805536,0.0273696920909639,0.097310422114307,Low
31.17850088,-0.0376969616381889,0.0291118862355782,0.1112612059437553,Low
41.30096710999999,0.1033543024549769,-0.0526726323315927,-0.0823623766346603,High
32.42607817999999,-0.0438036032924653,-0.0360483971560434,0.0648502589506867,Low
38.527243880000015,0.2133370557970725,0.0048739001014032,-0.2230441424780895,Moderate
36.92590151000002,0.1892590410672545,-0.0186707469926586,-0.1847336337132255,Moderate
34.98275713999999,0.3315669389857952,-0.1665860657059032,-0.2960349582721444,Low
38.86220983999999,0.2463969171483622,-0.0688697951090548,-0.2348337342037949,Moderate
38.44008437000002,0.1719106602945479,-0.0129489124936772,-0.1758327787998591,Moderate
39.81583741999998,0.2238900550516852,-0.0739929795294199,-0.2142239685658153,Moderate
41.47699513999999,0.1623674601159907,-0.0035065241579284,-0.1877643866230345,Extreme
36.25084256000002,0.2278509941342271,-0.1030848460998853,-0.211834141573625,Moderate
35.08529773999999,0.0976032968224704,-0.0649200336700336,-0.0798612963456921,Low
41.27533196000002,0.137641531233151,0.0180174190545841,-0.1469617549990293,High
32.97637940000004,-0.0189999726619098,-0.0528415925828125,0.0467284754137555,Low
37.38562520000005,0.2131344238691357,-0.0597072284526429,-0.2048939381901962,Moderate
34.480308200000024,0.3507479102507699,-0.1777323146757024,-0.31345252312793,Low
34.035965600000054,0.3364993731241214,-0.1946614141139713,-0.2951658628180111,Low
31.88603102000002,-0.0360964991837475,-0.0150261046733732,0.1061396131202691,Low
31.55277407000005,-0.016072295002426,-0.0281712456824159,0.0513974973687288,Low
39.17324966000001,0.1364782402163189,0.0442211364125257,-0.1626481253037269,Moderate
38.98696757000005,0.1675636007827788,-0.047303845380241,-0.1588936325192724,Moderate
37.21814222,0.2992107884453298,-0.1371470726309436,-0.2758465011286681,Moderate
31.585245260000026,-0.0169183741412184,-0.0288881849857459,0.0515373609367243,Low
30.68630600000006,-0.0263990841134083,0.0181670005772691,0.1006252138480201,Low
32.02958785999999,-0.0418722037398187,-0.0305385896724042,0.0943396226415094,Low
41.12493907999999,0.1818642153234916,-0.0584664759645573,-0.1639111588476735,High
40.557547760000034,0.2161779734297618,-0.0765430380627652,-0.2107054818640685,High
28.52269934000003,-0.019104840342942,0.024439371559017,0.0908522087348266,Low
31.60575338000001,-0.0464188461782027,0.0089509016717125,0.1168846401970559,Low
36.42174355999998,0.2060559685177088,-0.0558736741366935,-0.1978286438071111,Moderate
35.153658140000005,0.242628180191395,-0.0797207997431087,-0.2261482064372492,Low
31.38358208,-0.0416583615706597,0.0245485899776831,0.1199511897498474,Low
31.23660722,-0.0433186971623304,0.0240021394664705,0.121396328618718,Low
33.93513401000001,0.305127542398155,-0.1343747839911522,-0.2836136096988658,Low
32.15605460000006,-0.022209727298285,-0.0517084971273057,0.0529354100860472,Low
30.438499550000017,-0.0175943041007736,0.0214129841789416,0.0902751363002409,Low
34.55550463999998,0.3086582463847703,-0.1069614765266939,-0.293083490088265,Low
31.10159543000003,0.0121126838286013,-0.063523817807544,0.02462242076154,Low
37.86927503000004,0.1820321771102853,0.0021513852621898,-0.1937835235868518,Moderate
33.815503310000054,0.3916085157762034,-0.231811394891945,-0.3490661846974782,Low
32.263722229999985,-0.0185869474620065,-0.0542904044172511,0.0515009935019601,Low
31.304967620000014,-0.0558920010093363,0.0112968223558168,0.1176227816756087,Low
35.09555180000001,0.2904142365784358,-0.1379776466321585,-0.2720806383253174,Low
35.970564920000015,0.3599135602377094,-0.1248547680757887,-0.3339692633810281,Moderate
39.32022452000001,0.3603896103896103,-0.1717077560991289,-0.3302800839339476,Moderate
39.106598270000006,0.1308783061363994,0.0054567315103122,-0.1560030817193127,Moderate
33.76594202000001,0.2576854919485322,-0.1422023965713286,-0.2366287878787878,Low
29.38745840000001,-0.0156451066711818,0.0217405936595544,0.085336689741976,Low
35.31772310000002,0.2214043251077463,-0.0534557057797953,-0.224018652295226,Low
31.46561456000001,-0.0510224080486052,0.0096809380965366,0.0989392717573351,Low
29.50708910000003,-0.0292476299334364,0.0282675999461569,0.101891017666086,Low
37.30188371000003,0.195280537697253,-0.0454146099902557,-0.1940374755970734,Moderate
31.858686860000034,-0.0415913200723327,-0.0341463414634146,0.0968154223026946,Low
36.96520873999998,0.1660226768860454,-0.0153523690452113,-0.1596808063838723,Moderate
33.12335426000004,0.0392442275308959,-0.0580885130619242,-0.0094255932579285,Low
36.03892532000003,0.3606947208962322,-0.1526971573528314,-0.3276958509504658,Moderate
36.13121186000001,0.1842985944328516,-0.0117385893511822,-0.1983108915624253,Moderate
40.66008836000003,0.1580302542645638,0.003979376449012,-0.1657216912360278,High
32.13212845999999,-0.0294275588014176,-0.0505085730892182,0.0607493634048745,Low
40.79680916000001,0.1888075313807531,0.0227858985382631,-0.1921924172036565,High
41.25824186,0.2150812704159943,-0.0506363574491254,-0.2041106842690275,High
32.031296870000006,-0.0220407217539896,-0.0371348711490616,0.0710866574965612,Low
37.915418300000056,0.129232444202504,0.0829624826854498,-0.1810521521293555,Moderate
40.164475460000006,0.1994594366316145,-0.1081112715071593,-0.179730010384216,Moderate
29.81129288,-0.0062780269058295,0.0223971765983439,0.0608332789985003,Low
35.57065657999999,0.0811233510131918,0.0904462242562929,-0.1067488079078347,Moderate
31.561319120000007,0.0391544309070082,-0.0879258653584082,-0.0048839434066764,Low
37.58045234000002,0.2594728831210446,-0.133505163929994,-0.242502074524835,Moderate
35.54331242000001,0.2666613899002691,-0.057001321003963,-0.2567636549259826,Low
34.28889908000002,0.3370344668054592,-0.1950173153460485,-0.3147070530924806,Low
42.216996470000026,0.1326408310027966,0.0246610474299028,-0.1590997788474047,Extreme
33.430976060000035,-0.0073647871116225,-0.0336109280450542,0.0368468066100937,Low
33.85310153,0.066558091634134,-0.0776043557168784,-0.0444449656401716,Low
42.90914552000004,0.1088475836431226,0.0393249380012238,-0.1406064777637566,Extreme
39.37491283999998,0.138517122822012,0.0110016198704103,-0.1461759586991806,Moderate
39.11856134000004,0.2658823529411764,-0.1109581497797356,-0.2483564080748704,Moderate
40.882259660000045,0.1915585672797676,-0.0064102564102564,-0.195958025650991,High
32.605524230000015,0.26109781193566,-0.1260359245509431,-0.2235600920889106,Low
31.181918900000028,-0.0409256198347107,0.0263122566787488,0.117639902676399,Low
36.196154240000055,0.0600453743382909,-0.0785329571685047,-0.0258587041373926,Moderate
35.57920163000006,0.3084389422020365,-0.172803230519214,-0.2776694862211413,Moderate
41.05316066,0.1373646608234514,-0.0110983794401702,-0.1470380687093779,High
42.07173062000004,0.1399030974216992,-0.003198050711947,-0.1393609201366368,Extreme
30.53249510000001,-0.0234128917031985,0.0101049998354234,0.0681374523595575,Low
32.44487729000002,0.0157744044081897,-0.0703591962201855,0.0122399663794914,Low
37.55652620000001,0.1479647756906912,-0.0257328110225584,-0.1485725089809037,Moderate
29.56861346000005,-0.0209256356076613,0.0299182818936989,0.0882315602386695,Low
33.45832022000002,0.3544834419419991,-0.1914986339484755,-0.3137555674656711,Low
35.48520608000001,0.3149680603948896,-0.1052133858027516,-0.2910007661196928,Low
35.46298895000001,0.168972878943623,-0.0075305823423177,-0.1718452758402029,Low
34.03254758000003,0.3698176955022172,-0.1665517758129776,-0.3278973764115861,Low
35.43735379999998,0.2641574288906075,-0.1625113595954008,-0.2358550006300667,Low
33.84626549000001,0.248880073101696,-0.123573877649229,-0.221226980494715,Low
34.44783701000006,0.3753723413520999,-0.1498558238429499,-0.3550723394030927,Low
30.635035700000003,-0.0349494883447216,0.0188792129229542,0.1131741024485504,Low
38.937406280000005,0.241775790482274,-0.064439957564765,-0.2296015180265654,Moderate
30.49660589000001,-0.0233019674935842,0.0231348391512662,0.1007214643520998,Low
35.037445460000015,0.3002909833696259,-0.1590428912516962,-0.2711414200403142,Low
36.56530040000001,0.1291862403394453,0.0095700139562703,-0.1752691139939277,Moderate
34.15046927000003,0.3409821507858982,-0.12338754072994,-0.3154465312380222,Low
36.462759800000015,0.1503211248047214,-0.0509039010466222,-0.1469862835879018,Moderate
31.171664840000005,-0.0515596724227831,-0.0113160648874934,0.0808239945304836,Low
32.56621700000005,-0.0154165755521539,-0.0535244223457151,0.037258780135778,Low
31.175082860000032,-0.0430863051836139,0.0259766547466432,0.1274177949709864,Low
31.26395137999998,-0.025183410690223,-0.0316263151223222,0.0662574575493345,Low
41.25824186,0.0937065041567919,0.0345995484128038,-0.1153137946908086,High
39.43301918000003,0.2912116666085197,-0.1609159347553325,-0.2991891038017341,Moderate
41.22747967999999,0.1643348710580049,-0.0113643828417526,-0.1788667687595712,High
30.50002390999998,-0.0270897304674172,0.0268905268905268,0.1072289533827995,Low
32.39531599999998,-0.0159382462375742,-0.0503852993479549,0.0643151335938325,Low
32.04667796000001,-0.0290432801822323,-0.0453068481392925,0.0569690265486725,Low
35.73130351999998,0.2763252578556008,-0.1047058823529411,-0.2648969889064976,Moderate
37.97694266000002,0.2015130802793955,-0.0332211468783716,-0.2111293580232931,Moderate
40.93011194000002,0.1644579215333932,0.0736907934900757,-0.1885065815868406,High
30.67605193999998,-0.0311794249502814,0.0213490415063502,0.1060865238080428,Low
38.10170039000002,0.2452604815453133,-0.0048192107509707,-0.2731110762198845,Moderate
35.83042610000001,0.0919145120310865,0.0361477572559366,-0.0932216070626963,Moderate
31.80741655999998,0.0131770076779414,-0.0638413770563242,0.0113144506036904,Low
34.722987620000026,0.1458333333333333,-0.0526969922943077,-0.1365567831104352,Low
37.56165323000005,0.1513560148542706,0.0045565843454571,-0.1624973961785369,Moderate
31.275914450000016,-0.0162653795720224,-0.0385555653736267,0.0490317708614272,Low
41.23773374000001,0.1235709957584326,0.0363107199778255,-0.1320770076112173,High
37.18738004,0.2182112173929984,-0.060799348578408,-0.2025153362435337,Moderate
31.120394540000007,-0.0550850239642833,0.0263175698531899,0.1285498032092037,Low
33.020813660000044,0.0641767783591227,-0.0688469601677148,-0.0342141562762015,Low
30.732449270000014,-0.0318277239791426,0.0219257739011458,0.1051511547850034,Low
37.17028994000003,0.2291552062868369,-0.0769071881024511,-0.2048220613156678,Moderate
40.80022717999998,0.1543404603341512,0.0053023692865292,-0.1639962299717247,High
37.49158382000002,0.2054823856943998,-0.0017499629245143,-0.2094105851178113,Moderate
38.619530420000046,0.2555195062119174,-0.0853741961964701,-0.241471048513302,Moderate
41.8461413,0.1102249305493323,-0.0208050096815391,-0.1012444444444444,Extreme
36.264514640000016,0.1256785991264949,-0.0017799411529659,-0.1316372589249076,Moderate
33.96931420999999,0.2846174620934449,-0.0857450312229957,-0.2690717130714843,Low
36.16197404000002,0.344821728544195,-0.2171580853462708,-0.3055667533990545,Moderate
39.62442829999998,0.2003396272186956,-0.0444327176781002,-0.1969519816151272,Moderate
28.594477760000014,-0.0232054664772342,0.0259731498347163,0.0962128325508607,Low
35.758647680000024,0.2901075477182444,-0.1229443216894091,-0.2658718840910387,Moderate
39.35782274000002,0.2527801211749367,-0.0907816099629394,-0.2292583813071452,Moderate
32.99688752000003,0.0827306311462615,-0.0822519828370823,-0.0425611864024649,Low
35.73130351999998,0.0765243149839545,-0.0917511578420327,-0.0472096820670444,Moderate
33.33185348000001,0.335625168990691,-0.1626374365354224,-0.2991921848581627,Low
37.95985256000006,0.3337793113161045,-0.1591089896579156,-0.3069969638421198,Moderate
39.92521406000003,0.2472082408760441,-0.0104946211412535,-0.2338086484750058,Moderate
31.38358208,-0.0448389217619986,0.0066324786324786,0.1012681719764924,Low
31.156283750000057,-0.0133821977899938,-0.0635381438362314,0.0461670603392742,Low
33.65314736000005,0.1300958601074476,-0.079384243887715,-0.0995182945577534,Low
34.37093156000003,0.2617014288060437,-0.1004279242985801,-0.2408140192198982,Low
31.55277407000005,-0.0155451982919818,-0.0525781809501074,0.0489876250303308,Low
39.23819204000006,0.1940630797773655,-0.0152843020402439,-0.1995526838966203,Moderate
35.90391353000001,0.2476510711883946,-0.0902466461827767,-0.2382060180771137,Moderate
38.359760900000026,0.3364820380707027,-0.1282887781301918,-0.3114708050981356,Moderate
30.30519677000001,-0.0269965133654325,0.0234619742718123,0.1027344826530299,Low
38.58535022000001,0.2658515780494739,-0.0786843539887334,-0.2635163899531715,Moderate
29.82496495999999,-0.0039102696027989,0.0262875536480686,0.091875664519357,Low
35.07504368000002,0.2731464628079116,-0.1297107171057354,-0.2396030245746692,Low
40.178147540000055,0.1913354562251837,-0.0330322140787455,-0.1910545140117124,Moderate
40.60198202000004,0.1929361280739396,-0.0123603767638922,-0.1860846734492943,High
30.665797880000014,-0.0052426101505856,-0.060152163575844,0.0448240775451186,Low
34.47859919000001,0.300404368693549,-0.1234817813765182,-0.27816057797671,Low
40.97283719000001,0.3046676904396271,-0.1179215692274737,-0.2950935904707884,High
40.04997179000003,0.164216537407879,-0.0265893200415085,-0.1735900427849085,Moderate
32.49272957000005,-0.0031735518944725,-0.0617871840094062,0.0410682524091427,Low
39.06045500000005,0.1167679177071298,0.0325455249903138,-0.1314855373461219,Moderate
32.14580053999998,-0.0535852655421112,-0.0263736263736263,0.074762542975351,Low
29.53443326000001,-0.0111554882247624,0.0274955979953948,0.0929189564777967,Low
32.24834113999998,-0.0167985877797391,-0.0494134808241658,0.0487576442069307,Low
31.85185081999998,0.0069564249540875,-0.0648227159040753,0.0247136504514216,Low
32.410697089999985,0.3478477056400056,-0.1446582614465826,-0.3141719331659596,Low
32.21074292000003,0.021438263229308,-0.0463112247734474,-0.0013301409949454,Low
31.20926306000001,-0.0463067824336227,0.0091515230749117,0.1064080646112126,Low
37.373662130000014,0.2580766200142583,-0.1082501487406624,-0.2407119597394908,Moderate
31.780072399999995,-0.0050136736554238,-0.0493300486691101,0.0343378490461708,Low
36.85412309000003,0.0965056887279409,-0.0680741286722122,-0.0606472525748941,Moderate
29.531015239999988,-0.0246963562753036,0.027321668909825,0.0940203083866115,Low
31.569864170000017,0.1721059185639435,-0.1552498726321152,-0.1266543204300103,Low
32.36797184,-0.0249219276223133,-0.0270897832817337,0.0541134541134541,Low
35.80649996,0.3507011123591435,-0.1511951083935519,-0.3176628609805238,Moderate
32.27910331999999,0.0915900918897323,-0.1099939061547836,-0.0678587131760222,Low
34.12483412000006,0.2774298938197658,-0.1015562114301046,-0.2598388952819332,Low
31.48441366999998,-0.00033457870964144314,-0.0531046231569053,0.0325418240690771,Low
34.75887683000002,0.308555164908756,-0.1450709727829144,-0.2942063915515243,Low
31.06228820000001,-0.0363942145980491,0.0290130151843817,0.1179802955665024,Low
39.23477402000003,0.2511980100230457,-0.0613131438500682,-0.2564837263977665,Moderate
32.743954040000006,0.0508997429305912,-0.0557245337159253,-0.014559894109861,Low
29.729260400000044,-0.0086897023605884,0.0167628096369189,0.0912056203738552,Low
39.70646078000004,0.1769965609476499,-3.246647836109217e-05,-0.185695588574948,Moderate
36.48155890999999,0.1955733019843119,-0.0859383629735999,-0.1779060247219282,Moderate
41.19671749999998,0.2087763847008411,-0.0517485414437118,-0.2028110071459591,High
38.393941100000006,0.2393750248479306,-0.0933641975308642,-0.2205951448707909,Moderate
44.259263420000025,0.191848050050575,-0.0482372322899505,-0.1773805558639576,Extreme
29.70191624000006,-0.015257340476029,0.0196449065010463,0.0810024047588912,Low
39.607338200000015,0.1428571428571428,0.004103653112176,-0.1891039917765975,Moderate
40.89764075000005,0.2468587884884707,-0.1035807189371322,-0.2330680399500624,High
34.182940460000054,0.2366853979703095,-0.1184859288477584,-0.2069741742725003,Low
33.015686630000005,0.3770927922814983,-0.2106650035082248,-0.3399485736966538,Low
30.30177875000004,-0.0232510983440351,0.0273599192327107,0.100886607559496,Low
41.965772000000015,0.1931788979037409,0.0099459294798568,-0.2060635297610212,Extreme
35.772319760000016,0.2244975930312523,-0.0500278478524391,-0.2270760748880125,Moderate
42.160599140000045,0.0987440092546686,-0.0158135981665393,-0.1024790647541663,Extreme
37.905164239999976,0.3587563587207855,-0.1445180235519731,-0.3339386743032758,Moderate
41.10443096000006,0.192967215591479,-0.0466927359490986,-0.1924492685228881,High
35.04428150000001,0.3363584366062917,-0.1539677313137965,-0.2958881822215649,Low
41.25653284999999,0.1490200145183034,0.0067590583932445,-0.1507384251085308,High
32.44487729000002,-0.0099719628869555,-0.0310966615491134,0.0468345624043411,Low
35.51938628000005,0.1862661674608577,-0.1167541154323707,-0.168664598876687,Low
38.11024544000003,0.2150091713852779,-0.0610439809172267,-0.1918172572948447,Moderate
37.38904322000002,0.3140119020017002,-0.1425307439016195,-0.2910133262462508,Moderate
37.689828980000016,0.2573724449992198,-0.0614812131590213,-0.2426368542791056,Moderate
37.96839761000001,0.1642462509865824,0.0013540044682147,-0.1874421412759106,Moderate
35.58432865999998,0.4374626568412667,-0.217441419153512,-0.4017058052404149,Moderate
39.64493642000002,0.2277887801721602,-0.0401674474235024,-0.2293556367063258,Moderate
30.416282420000016,-0.015208514195685,0.0009459503539159084,0.0513241443394765,Low
35.572365590000004,0.3508302685835283,-0.1747811197622201,-0.3229403525366998,Moderate
30.40090133000001,-0.0232716385410996,0.0272101928094608,0.1016959759684586,Low
31.83134270000005,-0.0464894504708546,-0.0209968728061778,0.0734927897144842,Low
33.875318660000005,0.3675010513612843,-0.1776839983623594,-0.331825628606026,Low
29.68482614000004,-0.0097260273972602,0.0197301511966913,0.0858046158710085,Low
34.79818406000004,0.2900976010581798,-0.1073609605890144,-0.2769435242308226,Low
31.968063500000028,-0.0446369883477741,-0.0320165246578879,0.0774912007385609,Low
31.527138920000027,-0.0754919951907865,0.0029345526513341,0.1075682609492395,Low
39.81241940000001,0.1715250076710647,-0.0253105068815038,-0.1718845917740945,Moderate
35.707377380000025,0.2287629541164233,-0.0476096631686127,-0.229568234387047,Moderate
32.83282256000001,0.008934021419455,-0.0575849232201023,0.0200495849951492,Low
40.86516956000003,0.1319028671302666,-0.0158867899339162,-0.1486904672050721,High
41.05316066,0.1502221541290026,-0.0026041666666666,-0.1686189049305366,High
30.347922020000052,-0.0246649703138252,0.0242677256219665,0.1002754131196795,Low
42.62886788000003,0.1263974446725986,0.02163358324801,-0.1264402783587481,Extreme
31.944137360000013,-0.0457016548180894,-0.031578947368421,0.0778733475725913,Low
37.910291270000016,0.1951017836752372,-0.0148964271981007,-0.196067227553051,Moderate
42.90230947999999,0.0908802159844364,0.1244383544182785,-0.1283314853599441,Extreme
32.63457740000001,0.0198675496688741,-0.0524852071005917,0.0080584446365334,Low
36.34996514,0.2877717286381713,-0.0691456964257092,-0.2691019786910197,Moderate
34.07185480999999,0.126607735840232,-0.091114986524132,-0.0936166348860437,Low
30.82644482000001,-0.0103208157174832,-0.0171570976708521,0.0562637102033556,Low
31.380164060000027,-0.0326481257557436,0.0120746432491767,0.0961586743660557,Low
43.70554418000006,0.0961727643228556,-0.0316095754529824,-0.0876638467974342,Extreme
36.63024278,0.1743422331040379,-0.0158852897174267,-0.1771786980404378,Moderate
36.65758693999999,0.2770458924849581,-0.1284706536470097,-0.262548112437308,Moderate
34.38460364000002,0.258938738328399,-0.1265156403899059,-0.2426660672136675,Low
36.26109661999999,0.316640229624594,-0.1292799067085614,-0.2844773589771932,Moderate
38.674218740000015,0.1344611230243824,0.0442608142919273,-0.1310923704319594,Moderate
33.572823889999995,0.1743184568296676,-0.1277342325920525,-0.1356262763003923,Low
46.17164561000004,0.066495740633529,0.0230320478824153,-0.0767143304456737,Extreme
30.43679054000006,-0.0278136688201292,0.0214586399260755,0.1048215403882279,Low
40.69085054000004,0.2435459636661658,-0.1155495650042886,-0.2432912256742915,High
35.93809372999999,0.3446447918278904,-0.174635366492589,-0.3078544277595875,Moderate
38.94766034000003,0.2235440478967421,-0.0283287044600555,-0.2273134968607417,Moderate
32.12016539000001,0.3086771544474126,-0.228891036123086,-0.275831468477506,Low
37.22156024000003,0.2302707222744852,0.032059101687249,-0.2468440473878423,Moderate
32.532036800000014,-0.0166575939031028,-0.0415129151291512,0.0558720535200961,Low
35.52793133,0.2741462334643272,-0.0765897080144044,-0.2685758371755543,Low
29.643809900000008,-0.0167427701674277,0.0275744098528908,0.0973069105691056,Low
41.18646344000001,0.1082950229862082,0.0278761527402784,-0.1209768720685751,High
36.81994288999999,0.1776032429693438,-0.0028879668049792,-0.1778557504873294,Moderate
32.624323340000046,-0.0235594821359115,-0.0523699733508997,0.0494144375625456,Low
38.73574310000004,0.2064626718698712,-0.0610726199640749,-0.2019475328827847,Moderate
31.469032580000032,-0.048146459052707,0.0217609641781051,0.1259870782483848,Low
38.58535022000001,0.3384545231330457,-0.1615475936805576,-0.3140259650814422,Moderate
30.46755272000001,-0.0207836456558773,0.0204498977505112,0.0924019453041116,Low
42.61177778000001,0.154095701540957,0.0010880628970552,-0.1626766892719993,Extreme
36.2918588,0.3407601813276561,-0.1439891009881144,-0.3210488245931284,Moderate
37.30701074000001,0.3388055889971179,-0.1587622355541522,-0.3034737515095546,Moderate
31.732220120000022,-0.0502141837220371,-0.0305338583693757,0.0699137730132836,Low
38.212786040000026,0.2139516448672215,-0.0436145563581845,-0.2118862026668777,Moderate
38.36659694000002,0.2421092708928231,-0.0683433212168844,-0.2423457730388423,Moderate
34.55208662000001,0.2934665764223434,-0.0940193965517241,-0.2709987872148977,Low
29.44556474000001,-0.0081423195347245,0.0195468380114981,0.079735906551549,Low
30.722195209999995,-0.0308966074313408,0.0189772069094749,0.1071904747139623,Low
32.26543124,0.0166701835830343,-0.0845244794597636,0.0021229223838865,Low
35.95005680000003,0.3727272727272727,-0.1749172895478495,-0.3456599536874605,Moderate
36.28844078000003,0.2788595023671377,-0.1384615384615384,-0.2647680067591354,Moderate
37.50183788000004,0.30010737956826,-0.1226499552372426,-0.2787064350486179,Moderate
35.83726214000001,0.3394315583142764,-0.1418492387671741,-0.3042556199632404,Moderate
37.76673443000004,0.2145357495116715,-0.0485190503222359,-0.2009255540894574,Moderate
40.475515280000025,0.2136889460154241,-0.0056914628057913,-0.2115477145148356,High
29.83521902000001,-0.0172705722993565,0.026435856146001,0.0824005565041421,Low
31.20926306000001,-0.0425406009599579,0.0184685899164195,0.100333621648338,Low
36.45763277000003,0.2950964908901814,-0.1190919984023432,-0.2737053453043906,Moderate
34.49398028000002,0.3322811287746254,-0.1441122197364338,-0.3005754594393911,Low
39.76798514000001,0.2163807856091057,-0.0746457578847438,-0.203733606395967,Moderate
31.633097539999994,-0.0488503994633164,-0.022554419092578,0.0693400167084377,Low
36.14146592000003,0.2243553629469122,-0.1216006987176942,-0.206113387978142,Moderate
29.763440600000024,-0.0184471923778633,0.0167196913287754,0.1033333333333333,Low
38.031630980000045,0.3004594867197131,-0.1136632649796858,-0.2830133048317547,Moderate
37.99403275999998,0.3062035856274848,-0.1160748621971542,-0.2890879478827362,Moderate
30.74270333000004,-0.0251922748248162,0.0242583912136038,0.0999810641923878,Low
40.21232773999998,0.2614361802591319,-0.046768227697323,-0.258346521968498,Moderate
36.606316640000045,0.3139474657787643,-0.0798418972332015,-0.2903178928247048,Moderate
38.86733687000003,0.2542713964408318,-0.075029169555439,-0.2489734975737215,Moderate
42.338336180000056,0.0743620715687754,0.0765087605451005,-0.1191412393834539,Extreme
40.07902496000003,0.149428896651882,-0.008471657827674,-0.1577449197438127,Moderate
37.23352331000001,0.2585232588600726,-0.1006234760837192,-0.2555630227001195,Moderate
37.594124420000014,0.206119131848169,-0.0583241048357327,-0.2233363719234275,Moderate
39.193757780000055,0.1593147454570675,0.019964234411187,-0.1891295841781382,Moderate
35.89195046000003,0.3326138071926917,-0.1435943237074526,-0.2959964012595591,Moderate
39.12881540000001,0.1870321980601443,-0.0753274890168308,-0.1758099541556077,Moderate
35.83726214000001,0.2939403308084711,-0.1406281937725693,-0.2617576123002713,Moderate
39.02627480000001,0.1516253363391753,-0.0440745014010219,-0.1563766475592391,Moderate
31.75101923,-0.007010214884546,-0.0496007742559883,0.0536907261473018,Low
38.08290127999999,0.2296670255020602,-0.0530565533903423,-0.2195265618672459,Moderate
38.851955780000026,0.1820359281437125,-0.0373821952843078,-0.1786951156403009,Moderate
40.25505299000002,0.285672864339821,-0.0954373504207519,-0.285952510422331,Moderate
37.97523365000001,0.2391271347248577,-0.0578991705546915,-0.2390095816336211,Moderate
37.40955134000001,0.3559010600706714,-0.1524507448342143,-0.3224427901847256,Moderate
37.67615690000002,0.1609524901578565,-0.0310951184737592,-0.1723339380138176,Moderate
32.56450799000004,0.121628573528331,-0.1023474178403755,-0.0907141836199914,Low
32.59185215000002,-0.0084658381722472,-0.0575943505441074,0.0380140051597957,Low
41.53851950000001,0.1306341992244506,-0.0148203592814371,-0.1380366810760901,Extreme
30.641871740000056,-0.0125626585803576,-0.0080869345463735,0.0668460143868062,Low
37.20788816000004,0.1409416626368312,0.00645062496411,-0.1219280233437803,Moderate
33.762523999999985,0.3724773273111804,-0.1671747347884404,-0.32305884792149,Low
38.79726746000006,0.2613841978287093,-0.1114358786993058,-0.2451903397462136,Moderate
31.84501478000004,0.0050810965982488,-0.043950146102928,0.0369677632302783,Low
42.10591082000002,0.1286310172485062,0.0288116410670978,-0.15231737262124,Extreme
31.055452160000016,-0.0239928645755909,-0.0336272040302267,0.0631278538812785,Low
36.14659295000001,-0.0080641096718915,-0.0197937716980154,0.026440107838045,Moderate
39.15274154000002,0.2137809187279152,-0.0499114306554131,-0.2003812246842983,Moderate
31.137484640000025,-0.0581174984207201,0.0144103648863035,0.1194188518781006,Low
29.503671080000004,-0.0365022061772964,0.0263477908390758,0.1082235010209764,Low
37.88294711000003,0.2464218564137984,-0.071462734814375,-0.2345552325028979,Moderate
38.19569594000001,0.259733893557423,-0.0277079524680073,-0.2605725097228548,Moderate
35.69028728000001,0.3817627283124805,-0.2064395085638201,-0.3473470767151064,Moderate
32.83624057999998,0.1012363561119445,-0.0824773721143089,-0.0724433249370277,Low
35.78599184000001,0.2889622570721092,-0.1270174517779819,-0.2698107628622117,Moderate
31.62284348000003,-0.0149740467972932,-0.0618737915275092,0.0432877580108747,Low
31.17850088,-0.0377420847379205,0.0262207357859531,0.1189784555797627,Low
34.75033178000001,0.1687518790037233,-0.0940145037341703,-0.1372699041360997,Low
31.742474180000045,-0.0515611061552185,-0.0337049520352605,0.0700332380896845,Low
31.621134470000012,-0.0061517033254018,-0.0325284133731271,0.0447902721999107,Low
36.06285146000005,0.2780881908788885,-0.107117746128816,-0.258021961687817,Moderate
36.09703166000003,0.2014339104568683,-0.0593496755102727,-0.1921592371149625,Moderate
29.41480256,-6.855419208884623e-05,0.0246088003209843,0.0856318956870611,Low
34.746913759999984,0.2303676058244542,-0.1024552527160258,-0.2125474053322661,Low
33.634348250000016,0.1749063577506015,-0.1035157615153421,-0.1447769130371731,Low
38.34608881999998,0.2567266358860054,-0.0593169160571697,-0.2388276376191784,Moderate
38.14100761999998,0.0888962748958147,0.1646398870233799,-0.124250983290658,Moderate
40.164475460000006,0.3770663695791078,-0.2057380576674795,-0.3494308603721482,Moderate
31.25369732000001,-0.0483164432821183,0.0218399301122236,0.1163186012627489,Low
38.29140050000001,0.2064664430794739,-0.0337412418068515,-0.2294458738143696,Moderate
34.770839900000055,0.309812739890668,-0.1331209122924702,-0.2879417483130647,Low
40.571219840000026,0.2055461317206283,-0.0529502705488276,-0.2024864825100231,High
38.393941100000006,0.3049344349276131,-0.1185394535945164,-0.2749759312745315,Moderate
34.27180898000006,0.2179502071475587,-0.0721199727334696,-0.2093810073048827,Low
35.26303478,0.2423304470477608,-0.0519889851033476,-0.220853226551671,Low
38.58193219999998,0.1647920585998478,-0.0482708933717579,-0.1650718661168274,Moderate
31.39383614000002,-0.0401134751773049,-0.0338548032265949,0.0859087961962394,Low
35.370702410000035,0.3105501263195002,-0.1375002124802393,-0.2833307763117521,Low
34.48714424000002,0.36846693059238,-0.1982191127365241,-0.3295458555347754,Low
31.69120387999999,0.0699556541019955,-0.0857850030938853,-0.0337126790735038,Low
35.32455914000002,0.2520793841154397,-0.1129833731666638,-0.2388516746411483,Low
39.72525989000002,0.201693610469592,-0.0316712176287458,-0.2000890183701545,Moderate
34.78793000000002,0.1157259844064139,-0.076224487382636,-0.0871777719377881,Low
32.88921989000005,0.0275071802919491,-0.0477657004830917,0.0215417583037275,Low
33.14215337000002,0.2248981104112634,-0.1252765539020101,-0.1950597449543127,Low
33.32843546000004,0.0048228479051596,-0.0606638036460851,0.0209235777480244,Low
37.82996780000002,0.1981610094884084,-0.0513630433289844,-0.1846034816247582,Moderate
35.46298895000001,0.3605112630657152,-0.2261552928533046,-0.3171233247352946,Low
31.913375180000003,-0.0613801452784503,-0.0066216567125421,0.0852457082178042,Low
40.89080471,0.1571428571428571,-0.0242093237977496,-0.1775246936902898,High
37.0267331,0.2660361070450024,-0.0867120926561317,-0.2646595680863827,Moderate
37.58387035999999,0.2869876641464385,-0.1212341827006413,-0.2633100269520722,Moderate
40.03800871999999,0.2670951156812339,-0.0941176470588235,-0.2489547700494108,Moderate
31.149447710000004,-0.0406447091800981,-0.0314560180825014,0.0690505199331312,Low
31.81254359000002,0.0024921939900885,-0.0579201934703748,0.0305011496800288,Low
57.50579993000002,0.2417584552324339,-0.1106246199287638,-0.2196061970541097,Extreme
29.879653280000014,-0.0210018351118058,0.0189347500340553,0.0961345381526104,Low
39.50137958000005,0.2890637170898893,-0.0924153409465971,-0.2726573614796016,Moderate
38.21107703000001,0.2095464050184976,-0.0421661700505855,-0.1993699908289804,Moderate
37.884656120000045,0.2256434413943728,-0.1070281978880594,-0.1882421323590467,Moderate
32.709773840000025,-0.0413501058662349,-0.0066043287778722,0.0696240783270881,Low
37.62830462,0.2915629947975571,-0.1165064363695616,-0.2616925683140605,Moderate
34.617029,0.3091969667509235,-0.1283305962395683,-0.284128618835107,Low
33.60529508000002,0.3475872468763464,-0.171441947565543,-0.3184740225524291,Low
31.855268840000008,0.0064293915040183,-0.0500718735026353,0.0365444853547288,Low
35.73130351999998,0.2763252578556008,-0.1047058823529411,-0.2648969889064976,Moderate
29.93775962000001,-0.0444502893214097,0.0250251593425025,0.1022979985174203,Low
33.677073500000006,0.0434563673901002,-0.071015091999173,-0.0111745474064314,Low
30.92044037000005,-0.0199461225425574,-0.0302153938846211,0.0581657945469567,Low
39.3338966,0.2950712889918216,-0.170728515816677,-0.2997748238541439,Moderate
39.183503719999976,0.0462664424883789,0.0313341269114549,-0.0801306922605677,Moderate
41.032652540000015,0.1536870861869439,-0.0016471208327842,-0.1715116839083781,High
38.20082296999999,0.2227400174030745,-0.0555889423076923,-0.2376497298990057,Moderate
31.556192090000025,-0.0215923253050459,-0.0357756504663721,0.0486952601025756,Low
38.20765901000004,0.2039474952294674,-0.0374541166309565,-0.184540403178396,Moderate
39.51505166000004,0.1459571657703557,-0.0308070949673258,-0.1216696680057256,Moderate
36.80456179999999,0.2186054509500473,-0.047336141284268,-0.2280446385249878,Moderate
32.39702500999999,-0.0135378803056756,-0.0436652131782945,0.0561397743454923,Low
35.86973333000003,0.2807051380959728,-0.1085105672598577,-0.2495201535508637,Moderate
38.42812130000004,0.1575100305883287,0.0040333606781514,-0.1637975795822183,Moderate
29.431892660000017,-0.0152785289345592,0.0262067121272897,0.0821097737727645,Low
41.31634819999999,0.093713443958234,0.0302331835119665,-0.1079218784287908,High
41.60004386000003,0.1125074567508451,0.0096296820788784,-0.1373394047812652,Extreme
35.300633000000005,0.1431714757213582,-0.1093317804629494,-0.1242254352316317,Low
32.22783302000005,-0.0356540452509742,-0.0323785803237858,0.0631709797717256,Low
28.95678787999998,-0.0204520990312163,0.0234086793212153,0.0903411220792202,Low
40.53362162000002,0.2007749876533829,-0.0556056507363991,-0.206043956043956,High
37.46423966000003,0.3058065471781958,-0.1266894590535834,-0.291553732327302,Moderate
29.695080200000007,-0.0198039878337276,0.0208628721895888,0.1063043076354224,Low
31.35623792000001,-0.0402676820122303,-0.028755179024179,0.0842232742485962,Low
30.40944638000002,-0.0189999314081898,0.0222526063920697,0.0926854025249,Low
36.98229884,0.2922947432856377,-0.0867383051283701,-0.2769062110157638,Moderate
34.12141610000003,0.0536905291240551,-0.0804741821497777,-0.0077074363472067,Low
31.566446150000047,-0.012785614121917,-0.0563728374720489,0.0455125478519778,Low
38.34267080000001,0.2634000113120039,-0.1146188519818366,-0.244096242388237,Moderate
37.58387035999999,0.1931490711372904,-0.0212528311253141,-0.2095689560136699,Moderate
39.28262630000006,0.3111856141420299,-0.1306176084099868,-0.2841791044776119,Moderate
31.780072399999995,-0.0560187903699354,-0.0305788832617475,0.0797412559390921,Low
35.211764480000056,0.2127107905253923,-0.0817117916079781,-0.2118366710823657,Low
29.643809900000008,-0.0088739079590011,0.0201972118327099,0.0903466127912115,Low
38.21962208000002,0.2561409312711935,-0.0987882076324832,-0.2336433415911952,Moderate
35.741557580000006,0.2911848050853948,-0.0914799948206655,-0.2678322993043805,Moderate
31.88090398999998,-0.0159147142377126,-0.0145812994047806,0.0609496604191564,Low
40.71477668,0.1788858652153033,-0.0289925946625681,-0.1719446212603437,High
42.898891460000016,0.201269524285001,0.0789631979001476,-0.2163206354937714,Extreme
39.66544454000001,0.2477872685811463,-0.0562062422299286,-0.236129723934602,Moderate
34.49227127000006,0.3525228708855984,-0.1733787167193048,-0.3214891264283081,Low
30.69826907000004,-0.0268415330252786,0.0186054480041117,0.1008068313816595,Low
36.47301386000004,0.1972877719889672,-0.049725426973651,-0.1816480462768672,Moderate
32.070604100000025,0.0039104931566369,-0.0439988703756001,0.012554089427854,Low
32.376516890000005,0.0187534171678512,-0.0695405102890107,0.0067961941312864,Low
32.09794826000001,-0.0335895919574216,-0.0270881779900697,0.0643000286286859,Low
36.68834912,0.15201726173513,-0.0127048886980173,-0.146857965023203,Moderate
30.489769850000016,-0.0187938868236266,0.0218241712991558,0.0830840490205539,Low
38.19227792000004,0.288937995093541,-0.1260020285966691,-0.2689294076436644,Moderate
33.909498859999985,0.0353551391976288,-0.0186419495938346,-0.0155747066763575,Low
30.99221879000004,-0.007336308614049,-0.0225133033155955,0.0462848751835536,Low
35.43051776000004,0.2034954216665969,-0.1131779947790776,-0.1820701833637913,Low
41.48041316000001,0.1510479402553601,0.0245661789724396,-0.1449796309609393,Extreme
39.084381140000005,0.2831633592283052,-0.1045892494929006,-0.264219384793964,Moderate
35.327977160000046,0.2340021837578534,-0.0857718839575392,-0.2204145939917506,Low
31.909957159999976,0.0218647901482784,-0.0484485574305933,0.0128672007768875,Low
36.06968749999999,0.2270184457211974,-0.0822831232913249,-0.2343435111601201,Moderate
39.66544454000001,0.146529764470745,0.0154467440686521,-0.160261748958953,Moderate
29.62330178000002,-0.0175223290379764,0.0208602296663722,0.0861237950279046,Low
38.88100895000002,0.3017207171458461,-0.1248441396508728,-0.2848266899289669,Moderate
36.51744812000004,0.3326904532304725,-0.2144539351119547,-0.2896121831958493,Moderate
32.08427618000002,-0.0295602836879432,-0.0443277567468555,0.0554451071349679,Low
40.21574576,0.2067793931731985,-0.0459884258466595,-0.2,Moderate
40.93011194000002,0.2087882911287378,0.0366079458287044,-0.2459207060513802,High
41.51459336000005,0.1952126680169398,0.0161867232494695,-0.2150571851075379,Extreme
42.32466410000001,0.1113218438195761,-0.0042848094191288,-0.1157842447323757,Extreme
33.48908240000003,-0.0099531615925058,-0.0300925925925925,0.0572033898305084,Low
29.78394872000001,-0.0060723157604195,0.0204692281536892,0.0959643507186342,Low
30.58376540000006,-0.021075214538112,0.0018978994434972,0.0596150931959387,Low
29.599375640000005,-0.0156854756569566,0.0236411396241664,0.0860601475316814,Low
36.199572260000025,0.2650531719838651,-0.0811369832962487,-0.2590051457975986,Moderate
37.36169905999998,0.2666162409573127,-0.1630988423864648,-0.2402765116985718,Moderate
35.11264190000003,0.3394323422443853,-0.1712786885245901,-0.3005679335954565,Low
32.08256717000006,0.0205168451146364,-0.0580918892214698,0.0132256490866713,Low
33.39850487000001,0.359371868908604,-0.1850087343179291,-0.3242001029263012,Low
42.83736710000005,0.192163312001716,0.0586607949412827,-0.2104689995643966,Extreme
43.274873660000026,0.1111111111111111,0.0050233225690706,-0.14473249669749,Extreme
31.240025240000023,-0.0383973288814691,0.0288643107634205,0.1241941369663058,Low
33.92317093999998,0.3316391359593392,-0.1145548465512002,-0.3162994330007895,Low
32.05351400000001,-0.0389178927384907,-0.0246679316888045,0.0684301322599195,Low
39.95426723000003,0.1063887815632173,0.0123757354432947,-0.1126094210682696,Moderate
30.06422636000002,-0.0310634834508952,0.0247798484538193,0.1095736724008975,Low
36.17564612000001,0.2243757214897624,-0.0834020286011254,-0.2316091836942571,Moderate
40.84807946000001,0.1909150279370147,-0.0399188949436066,-0.1836999639379733,High
30.573511339999985,-0.0269277845777233,0.0220733957493337,0.1044215664799574,Low
37.460821640000006,0.228208900331004,-0.0308530505780123,-0.2445032421554744,Moderate
33.04815782000003,-0.0186222005842259,-0.0321300563236047,0.0473771266540642,Low
33.8821547,0.0666952375850431,-0.0863066012002182,-0.0257044248699325,Low
44.15672282000003,0.1078957032684539,0.0963877074222728,-0.1615586015709225,Extreme
37.10534756000004,0.2032729140676598,-0.013098548038307,-0.227228500860714,Moderate
40.812190250000015,0.2815370231176783,-0.1328190834251637,-0.2564978250709998,High
41.38129058000004,0.1260910224438902,0.0079296968864783,-0.1355599214145383,Extreme
29.70533426000003,-0.0196158284124075,0.0227995399499357,0.0879009850972467,Low
35.909040559999994,0.2830955638069181,-0.1238616912016432,-0.2540301016120406,Moderate
32.46709442000002,-0.0031694869728713,-0.0553375419439231,0.0314734589487969,Low
29.322516020000023,-0.0152428697242734,0.0250184452344221,0.0822652945261695,Low
36.58239050000003,0.2044016506189821,-0.0922764372527355,-0.190274595098458,Moderate
31.62626150000005,-0.021893022111679,-0.0583503386271552,0.0555042360579587,Low
31.28104148,-0.0560421387885098,0.002072002072002,0.1086176980913823,Low
39.11172529999999,0.1597191041505774,-0.0439421864390338,-0.1653912792376552,Moderate
40.13371328000005,0.3752193752193752,-0.1610608979108016,-0.328946475815752,Moderate
37.32580985000004,0.2583103746455648,-0.0858858441941585,-0.2369185759187143,Moderate
34.37434958000006,0.3695887445887446,-0.2085953044170314,-0.3311244346271169,Low
33.167788520000045,-0.0260754626291756,-0.0311048915463392,0.0525454439184055,Low
34.09748996000002,0.3891639163916391,-0.1835622858147096,-0.351438127090301,Low
30.024919130000058,-0.0182984996964703,-0.0257339615802827,0.0525082305674906,Low
35.15878516999999,0.322685728113773,-0.1207217437935711,-0.2964294185261544,Low
35.83384411999998,0.3733618996607749,-0.1893254170725296,-0.3338766733717139,Moderate
40.70794064000006,0.1976626222456681,-0.028362369337979,-0.1991224149839515,High
37.06433132000001,0.2159943004719921,0.0167919582937296,-0.2229646215853112,Moderate
32.09794826000001,-0.0364703789361323,-0.0142955240651726,0.0707463540177294,Low
31.46219654000004,0.0031298013998748,-0.0577857785778577,0.0381404485185791,Low
35.10922388000006,0.2624168947985921,-0.1120680745512798,-0.2298079853703139,Low
40.497732410000026,0.113369682211988,0.0544282931215345,-0.1453205547084876,High
30.98880077000001,-0.0202415376764755,-0.0336782915594903,0.0539282781275663,Low
38.54775200000006,0.2393897589872596,-0.0645802112013383,-0.2371309383986067,Moderate
36.1893182,0.2676758682101514,-0.0981178648565257,-0.2537085600219186,Moderate
42.27510281000002,0.1682919533353275,-0.0382263809878249,-0.1652478319675391,Extreme
36.46788683,0.2789624641476493,-0.0760998276249718,-0.2754179324557196,Moderate
37.94788949000002,0.1673105383536104,-0.0192320601463381,-0.1631746274945417,Moderate
30.376975190000053,-0.0346941525195365,0.0197701463948556,0.1125630941690149,Low
40.89934976000001,0.1941552131056504,0.0509475077924585,-0.2253285373410734,High
36.82336091000002,0.1726963456121739,-0.0671238120599836,-0.1756422245448044,Moderate
29.582285540000044,-0.0183379916831413,0.0273556231003039,0.0890111975706965,Low
34.887052580000045,0.0664937759336099,-0.0999839512116835,-0.0416413373860182,Low
39.417638090000025,0.2163651806205613,-0.0721055062676202,-0.2164311273358152,Moderate
32.28593936000004,-0.0273888548000223,-0.0414526340938955,0.0673940949935815,Low
31.267369400000007,-0.0502595098876552,0.0238368559659666,0.1231347810263253,Low
34.820401189999984,0.3406407141646421,-0.1449342962379168,-0.3125345724084523,Low
38.13075356000002,0.2642483226424832,-0.1026655091476158,-0.2661153363361146,Moderate
41.01898046000002,0.3229932731518595,-0.1617543537477427,-0.3016700387503858,High
37.01306102000001,0.206238256294626,-0.0283206253604152,-0.1984915241580165,Moderate
42.259721720000016,0.2694459885121363,-0.0789291338582677,-0.2608487614560713,Extreme
30.852079969999977,-0.0180533990927634,-0.0013971250271663,0.0646134214952729,Low
37.13610974000005,0.2279706086858474,-0.0848898407796649,-0.2339766589870453,Moderate
38.81777557999999,0.2722797030655025,-0.1140749722138021,-0.2550462892699954,Moderate
42.387897469999984,0.2383876860885451,-0.0890073831009023,-0.2274618585298197,Extreme
31.54593803,-0.0016038492381716,-0.0493931220498988,0.0251605157383723,Low
32.30815648999999,-0.0171300680037875,-0.047138664710198,0.0508202172467302,Low
39.231356000000005,0.2417935254787897,-0.1101205551615844,-0.2153948535936113,Moderate
33.97444124000003,0.3725275527333771,-0.1697379674986393,-0.3333333333333333,Low
31.460487530000023,-0.0267730239303843,-0.0319564481899547,0.0594830969333408,Low
42.017042300000014,0.1330516172347063,0.0148679737664388,-0.1479214179970391,Extreme
33.21393179000006,0.341862652869238,-0.1378430121250797,-0.313976196617414,Low
41.883739520000006,0.1003620682641064,0.0153980561319209,-0.1072086454623603,Extreme
37.97694266000002,0.2561730697500932,-0.1107886144002111,-0.234892930478146,Moderate
29.78394872000001,-0.015243491164171,0.0166363575133023,0.1071428571428571,Low
33.89582677999999,0.302841718527405,-0.1090473910962182,-0.2858252858252858,Low
36.872922200000005,0.3194756554307116,-0.1136399557452189,-0.3022585295530994,Moderate
30.57863837000002,-0.0170196180329998,0.0084854044491039,0.0598614519586219,Low
38.212786040000026,0.1890410958904109,-0.0385698198198198,-0.183937096321258,Moderate
37.30359271999998,0.3369545922533461,-0.1231973752889419,-0.3280434475948653,Moderate
32.00907974000006,0.0410708853057499,-0.0764109150960706,-0.0180231549198006,Low
37.42493243000001,0.2313355573449902,-0.073908099792656,-0.2125743415463041,Moderate
39.231356000000005,0.2659078333728559,-0.0811449402551812,-0.2481733335931258,Moderate
33.44123012,0.3866372322444896,-0.187767764810164,-0.3513967795071772,Low
34.68026237000004,0.34413080364029,-0.1382418252275003,-0.3154972574936679,Low
31.019562950000022,-0.0265425115307632,-0.0415593283466277,0.0626518812323678,Low
36.44054267000001,0.297531009116876,-0.1362733004385964,-0.2707311465358675,Moderate
36.13121186000001,0.2392309186249757,-0.0468050200967927,-0.2243926775914341,Moderate
32.07744014000002,-0.0390802115945158,-0.0560597971169247,0.0836936380481778,Low
37.905164239999976,0.1759004162728497,-0.0212550430515046,-0.1634764614588722,Moderate
34.56746771000002,0.1851799208774548,-0.0992463691692483,-0.1505116706910428,Low
36.84216002000005,0.2672816883609251,-0.1441393473796303,-0.2477292522085355,Moderate
31.51517584999999,0.0007885956930542918,-0.0271767892164492,0.0417053903345724,Low
40.71135866000003,0.1470622590818829,0.0013220787145326,-0.1460359449155839,High
35.24594467999998,0.3030337247816922,-0.13784716516023,-0.2782321339560987,Low
37.353154010000026,0.2009562778722817,-0.1173753101206262,-0.1551251437162819,Moderate
34.56746771000002,0.1482851829841075,-0.0029134016475788,-0.1616694464916023,Low
31.093050380000022,-0.0357310451163102,0.0269904620171818,0.1172210629679636,Low
29.520761180000022,-0.0252795662487292,0.0273889227023737,0.1018547430212952,Low
39.55948592000004,0.2787440704766207,-0.1285885167464114,-0.254607911941787,Moderate
40.23625388000005,0.1537060276079828,-0.0246269998202408,-0.1555771803916798,Moderate
33.25665704000005,-0.0211292825593888,-0.021107029450221,0.049385578483654,Low
29.88990734000004,-0.0139788612342311,0.0175963040967457,0.0865445356917245,Low
31.06228820000001,-0.0386599431982843,-0.0364954380702412,0.0692480359147025,Low
39.07412708000004,0.2342324707356222,-0.0672670029452588,-0.2224117875145405,Moderate
35.81675402000002,0.3230590882744041,-0.1562919038111982,-0.3384381898454746,Moderate
37.28308460000005,0.2129772299263824,-0.0963249516441005,-0.1987648576625354,Moderate
38.04188504000001,0.2023068403162357,-0.0578667921231265,-0.2325763508222396,Moderate
41.55902762000005,0.1525933350037584,-0.0454545454545454,-0.1508151607388567,Extreme
41.07366878000005,0.1579200384584568,0.0053339757046009,-0.1677440206851971,High
35.49546013999998,0.3554574516669204,-0.2172664821080693,-0.3094117647058823,Low
31.47586862000003,-0.0323174238067855,-0.033914966822315,0.0787759347457163,Low
40.21916378000003,0.2121093290459197,-0.0784313725490196,-0.2045516542613304,Moderate
30.8401169,-0.0373074346952444,0.0198779365133485,0.1101962483749148,Low
36.872922200000005,0.1871206747063923,-0.0422837370242214,-0.1811622617833895,Moderate
32.596979180000005,-0.034581787722867,-0.0186225617069629,0.0597832420463815,Low
39.409093040000016,0.1710890444408269,0.0099772930571802,-0.1841000740679779,Moderate
33.14898941000001,0.3303133847505614,-0.1899331086155404,-0.2884997257786939,Low
36.65075090000005,0.3546567717996289,-0.1325929143140783,-0.3260206305390091,Moderate
42.45113084000002,0.2045410365071342,-0.0637961818431534,-0.2157432114267775,Extreme
41.87690348000001,0.1564532969239418,-0.0187851558354264,-0.1515054580351073,Extreme
33.67023746000001,-0.0258080373602064,-0.0228387096774193,0.0581036121673003,Low
35.04769952000004,0.3590446083596768,-0.1526797151964727,-0.3227581963009812,Low
31.889449040000045,0.0305734589324078,-0.0656792936485331,0.0142529704665806,Low
36.00474512000005,0.187039764359352,-0.0994142662280349,-0.1627630685675492,Moderate
39.17154065,0.3529297871965923,-0.1826140472344026,-0.3270718232044199,Moderate
33.81721232000001,0.3973646557747978,-0.1599867414302682,-0.3724977530844023,Low
34.19319452000002,0.0202844485894147,-0.047265765226756,-0.0036121782007912,Low
41.38812661999998,0.1606904698395762,-0.0601789008388152,-0.1612657262676324,Extreme
42.13325498000006,0.106919235951494,0.0066503076211814,-0.1126956937417838,Extreme
34.92635981000001,0.4169695574231534,-0.1942557733359208,-0.3848329957887292,Low
35.20151041999998,0.3602874460131383,-0.1785792899594352,-0.329455164585698,Low
31.270787420000037,-0.0521370914384014,0.0285481792907031,0.12115821115269,Low
39.79191128000002,0.2247204146046837,-0.0411076882308125,-0.2184531886024423,Moderate
34.96908506,0.0751652405595122,-0.1016958051136661,-0.0560644187216909,Low
34.10774402000004,0.3015037448472064,-0.1133552969223383,-0.279514450427139,Low
31.279332469999986,-0.0490211835803143,0.0141295654492135,0.0938217906698931,Low
41.34198335000002,0.1791303669921456,-0.0078797874289902,-0.1968821714014402,High
38.42470328000002,0.2661016949152542,-0.0680052216075091,-0.2502546936399359,Moderate
31.58695426999998,-0.0163828157227886,-0.0390960592666376,0.0527241770715096,Low
35.17416625999999,0.3760669456066945,-0.1435326842837274,-0.3475595764906415,Low
39.26553620000004,0.2558727569331158,-0.1086948694869486,-0.2366075014055096,Moderate
37.732554230000005,0.1986075553017884,-0.0490714469950993,-0.1901461255692313,Moderate
35.08529773999999,0.2887861961018149,-0.0351102996198629,-0.2861499553704255,Low
37.888074140000015,0.1799480868045132,-0.0484169569173805,-0.1780136092796953,Moderate
41.76923585000003,0.1374855964582449,0.03108156974842,-0.1407833914524369,Extreme
36.1893182,0.2911130559312594,-0.1142543257346882,-0.2634693241980691,Moderate
32.031296870000006,-0.0246437852854198,-0.020725874519366,0.0643857990200292,Low
30.57863837000002,-0.0269498725573491,0.0225984843312623,0.1026982982857501,Low
34.58284880000002,0.3272308014813779,-0.150802787034232,-0.3013154288846259,Low
37.1292737,0.3382218497638275,-0.1969676320272572,-0.3050390980515983,Moderate
37.720591160000026,0.1846162598850771,-0.0255627247204846,-0.1884477083769334,Moderate
35.215182500000026,0.3303053801558288,-0.1604445160251248,-0.3011177925853693,Low
36.57555446000004,0.145008688936088,-0.1417569193742479,-0.1183931349898628,Moderate
32.484184519999985,-0.0348657468368924,-0.036841134141091,0.0535062601762955,Low
35.119477940000024,-0.0177157148812005,-0.0281133258800752,0.0407571363150664,Low
35.06649863000001,0.3692623967674476,-0.1627612984784866,-0.3377543069864081,Low
33.682200530000046,0.2585379075350422,-0.1316806517878904,-0.2342833273207131,Low
34.10774402000004,0.2699715819387432,-0.0706774923465992,-0.2530082947155263,Low
34.95883100000003,0.4351575876720147,-0.2202302321192678,-0.4066132139971409,Low
36.62169773000005,0.2823723490946674,-0.1186046914821685,-0.2618567992020496,Moderate
36.07994156000001,0.2109046627646619,-0.0526028239231018,-0.2054590958861254,Moderate
33.08575603999998,0.1353719721219551,-0.1190369641099078,-0.108250049859286,Low
32.82256849999999,-0.0219717013689175,-0.0345582866877585,0.0573756860136371,Low
29.472908899999997,-0.0135512427647259,0.0202231991883665,0.0845551061678463,Low
32.16289064,-0.0185796743531573,-0.0473476142318654,0.0507721364292856,Low
36.68834912,0.3301059221781385,-0.1670286152273888,-0.2983478415349085,Moderate
30.55983925999999,-0.0200724679358141,-0.0450196270853778,0.057372060857538,Low
38.108536430000015,0.2231337638913132,-0.058012347335928,-0.2065198676130167,Moderate
39.08096311999998,0.2033831936721748,-0.0099576062308981,-0.2015952455426962,Moderate
35.17929329000003,0.3212233207059041,-0.1375612550117737,-0.2960989050830251,Low
29.763440600000024,-0.0072041166380789,0.0176510522742701,0.0907948476280238,Low
39.689370680000025,0.1738762315270935,-0.0276261707432113,-0.1889763779527559,Moderate
34.21028462000004,0.3383184523809524,-0.1461433077388727,-0.3128717930002554,Low
35.474952020000046,0.2634770103773952,-0.0696587805600342,-0.2482432899435548,Low
39.72696890000003,0.2276904078741873,-0.0843184114712817,-0.2223849561522466,Moderate
34.955412980000006,0.2709959853940971,-0.0581457843466577,-0.2489493299500436,Low
40.84807946000001,0.1317302665969681,0.0443911974273283,-0.1459357277882797,High
37.73597225000003,0.2807098003245608,-0.1029988150578798,-0.259842792941299,Moderate
36.16197404000002,0.3151062607696726,-0.1306294442981301,-0.2949249679511349,Moderate
39.07925411000002,0.1975124846885894,-0.0463691750370492,-0.1854933492528403,Moderate
34.856290400000034,0.3536968104517918,-0.1287466147338952,-0.3327345237667517,Low
34.98788417000003,0.3467070532237127,-0.1612315866453741,-0.3129155276568459,Low
39.27579026000001,0.1494434949351786,-0.0422194504289979,-0.1420169807413543,Moderate
31.132357609999985,-0.0400994715573515,-0.0472637582858023,0.0632618167778942,Low
45.20947297999999,0.173532614818431,-0.037723318058046,-0.195897592897325,Extreme
33.22247684000001,0.1441255747582051,-0.1097270280661284,-0.1146696874517275,Low
32.24150510000004,0.042618605883912,-0.0810112668315471,-0.0107399794450154,Low
40.66008836000003,0.1702712113591519,-0.0400935286431469,-0.1820242282141461,High
32.62090532000002,0.354883613022968,-0.2172795330982612,-0.3142792843479239,Low
37.10876558000001,0.1741722599272563,0.003627338678885,-0.1775722021660649,Moderate
32.25517718000003,-0.0460444444444444,-0.0201520912547528,0.068510589052193,Low
31.25027929999999,-0.0606254806459882,0.0188755020080321,0.1219073863295992,Low
41.99482517000001,0.1332445036642238,-0.0061586638830897,-0.1590444506793859,Extreme
30.489769850000016,-0.0205203485648249,-0.0113192943984004,0.0627615062761506,Low
36.93786458,0.2666476833584184,-0.104693653102494,-0.2475660082535358,Moderate
39.34927769000001,0.2400028717065116,-0.0636777928316295,-0.2491727991031876,Moderate
38.49989972000003,0.2544656372994248,-0.0784747527329515,-0.2431743174317431,Moderate
33.535225670000045,0.356404997203058,-0.1811775403500795,-0.3138512110101685,Low
37.55310817999998,0.235278080697928,-0.066781023493601,-0.2378090424805354,Moderate
39.27579026000001,0.2154452157631639,0.0133635399042184,-0.2304858639866955,Moderate
37.03356914000005,0.0512732108555385,-0.0569476082004555,-0.0317092034029389,Moderate
41.8461413,0.1648015078336671,0.0839355197331851,-0.1668174487668646,Extreme
30.390647270000045,-0.0347614666841897,0.02731516736748,0.0711101274227716,Low
35.72275847000003,0.2594306873408933,-0.1236836671484617,-0.2538448246068774,Moderate
35.758647680000024,0.2686194458757778,-0.0932504440497335,-0.2470679914280148,Moderate
29.66431802,-0.0183990766515038,0.0197301511966913,0.089374566983687,Low
30.515404999999987,-0.0234604105571847,0.0212242386957859,0.0993773193282596,Low
35.05795358,0.3532417521383345,-0.1515218350242611,-0.3159894136074753,Low
31.44168841999999,-0.0168610586888593,-0.0216363928628837,0.0559401087311725,Low
40.49602340000001,0.1360488126649076,-0.0046301359874585,-0.1428808427688606,High
40.70110460000001,0.2197687489963064,-0.0378492860558857,-0.2060177834233089,High
29.27808176000002,-0.0178643930166463,0.026298134979203,0.0931583880037488,Low
37.438604510000005,0.2023096510418534,-0.0006865466702486493,-0.2254491619907517,Moderate
35.83384411999998,0.3172054998141955,-0.1706076618229854,-0.2936496350364963,Moderate
40.05851684000004,0.2412351238340302,-0.0668694059508587,-0.2180706253698954,Moderate
32.31499253000004,0.0318217097239161,-0.0529531568228105,-0.0070883610194253,Low
35.99790908,0.3156691526440055,-0.1180966940569463,-0.302392877017251,Moderate
37.85047592000001,0.2211380844586683,-0.0705169877168371,-0.2228084574197834,Moderate
32.856748700000026,0.3273305850871483,-0.1234008691926302,-0.3094787913381613,Low
32.800351370000044,0.0616686819830713,-0.0718968125481037,-0.0317800940118536,Low
37.38904322000002,0.2053832435513228,-0.0753686420522577,-0.1998023570748847,Moderate
30.99221879000004,-0.0152433425160697,-0.0039945075521158,0.065012060798047,Low
40.509695480000005,0.1185929264380108,0.0378145738879032,-0.1344734752377447,High
40.393482800000015,0.1609246499222049,-0.0218801969543809,-0.172346713553552,Moderate
34.87167149000004,0.2982870415174683,-0.130824735315935,-0.2705231655112323,Low
36.03892532000003,0.3051050936600796,-0.1209715697988444,-0.2796711509715994,Moderate
29.70533426000003,-0.0063273727647867,0.0207401382675884,0.0938852304797742,Low
38.66225567000004,0.2107535085429759,-0.0569450530190167,-0.211312871605335,Moderate
36.264514640000016,0.2912280701754386,-0.118190646242521,-0.2782811101163832,Moderate
38.411031200000025,0.1080396222068647,0.0006925207756232687,-0.1219531158885044,Moderate
42.61006877,0.1058457805747213,0.0933109536242695,-0.1366337405264286,Extreme
39.05703698000002,0.2029042079787649,-0.0500204443232929,-0.1879722436391673,Moderate
30.66408887,-0.0319277108433734,0.0265850047112666,0.1045690936106983,Low
32.68072067000003,0.044980062479364,-0.0686198119578203,-0.0194504323694838,Low
33.70099964000002,0.1784527463223621,-0.037879352770114,-0.1672362104027338,Low
40.94378402000001,0.1328995928927443,0.0190419714040983,-0.1367488737878903,High
35.688578269999994,0.2326717199343596,-0.0737891834859262,-0.2135397634387922,Moderate
34.65462722000001,0.2407934382323401,-0.144699251023087,-0.2043054427294882,Low
39.37149482000001,0.1971785308902221,-0.0555436414325541,-0.1934532228733077,Moderate
34.78451198000005,0.2972159518434913,-0.129011132940406,-0.2864711588687411,Low
42.62715887000002,0.1082368158033982,0.0347358538875138,-0.1234727326909704,Extreme
35.327977160000046,0.2956790813853782,-0.132605507576992,-0.2644255257221858,Low
33.81208529000003,-0.0051038820436149,-0.0854073511628561,0.0295929399341261,Low
30.894805220000023,-0.0314521811543142,0.0123456790123456,0.0632550647419614,Low
36.95837270000004,0.3120106860598864,-0.1240026701420897,-0.2751072806606325,Moderate
30.98025572000006,-0.044284301257595,-0.0351392715029078,0.0899843926591679,Low
30.402610340000024,-0.007893061744112,-0.0068475452196382,0.054017965525613,Low
30.55983925999999,-0.0345575281203415,0.0207223615931818,0.1103618369704348,Low
31.188754940000024,-0.0106145405420308,-0.0624389377386979,0.0482429386023073,Low
31.26053336000001,-0.0379754639048147,-0.0076192936010847,0.0942596784491264,Low
44.18406698000001,0.0648766857004009,0.0392678047844792,-0.0879751745539177,Extreme
34.75716782000001,0.2715372100942075,-0.1299845336561092,-0.2516945996275605,Low
37.75135334000004,0.221144248812233,-0.0590720221606648,-0.2055496432935241,Moderate
29.66431802,-0.0258778781498335,0.0298315632821484,0.0943420055569588,Low
42.86983829000002,0.0446936388205397,0.0438763267189663,-0.0683524461678079,Extreme
39.11172529999999,0.1812837316885119,0.0416731821735731,-0.2343196656652288,Moderate
39.30313441999999,0.2365875423880064,-0.0571881961610058,-0.2354629910308304,Moderate
34.86996248000003,0.3229962288711499,-0.1499118165784832,-0.2877212595490963,Low
29.879653280000014,-0.0223763857716112,0.0217110188525148,0.1052041832669322,Low
44.45067254000003,0.1454815043037877,-0.0006055508830950378,-0.1548213003047892,Extreme
37.89491018000001,0.2295422031473533,-0.0338315339969326,-0.2336012630974594,Moderate
30.999054829999977,-0.0360126404054942,-0.0071918927754168,0.0774620474892954,Low
33.45490219999999,0.0375882256387809,-0.0235871970637448,-0.0211070428602196,Low
30.317159840000045,-0.0254395176315165,0.0198282910874897,0.101639344262295,Low
29.60279366000003,-0.0165227442714353,0.0215788405601028,0.0789607743250127,Low
36.42857960000004,0.2040128345721132,-0.0383551087603769,-0.1946963285374602,Moderate
30.54104015000001,-0.0116540584747495,0.0134022722634192,0.0672455378678244,Low
39.511633640000014,0.2036720434103917,-0.0528266311238256,-0.2021529324424647,Moderate
35.14340407999998,0.1753787878787878,-0.0370642692423381,-0.1951163148975504,Low
36.93786458,0.3333333333333333,-0.1201221374045801,-0.3042736258266372,Moderate
35.68345124000001,0.274078836340258,-0.158367734629014,-0.2393683552220137,Moderate
38.37514199000003,0.2513062035469865,-0.086153207390492,-0.2435278630978499,Moderate
40.82757134000002,0.2324189148226735,-0.0545324860588769,-0.2228739002932551,High
33.051575840000055,0.0033520890697952,-0.0474286071361619,0.0298645676582937,Low
38.18885990000001,0.3054640202314354,-0.1489562607493339,-0.2801052038324253,Moderate
36.49181297000001,0.2205029386260718,-0.0878518798412998,-0.2014492203801358,Moderate
29.448982760000035,-0.0263901979264844,0.0277647058823529,0.093859649122807,Low
35.444189840000035,0.2922968832334745,-0.1466768261005091,-0.2627965519871844,Low
33.53693468000006,0.4406785298519873,-0.2146041894506604,-0.4017475728155339,Low
31.181918900000028,-0.0330693991616208,0.0246325256728639,0.1224107735974394,Low
40.595145979999984,0.18692831526776,-0.0105320937253422,-0.1784756951390278,High
30.67605193999998,0.0180612305323621,-0.0382896485082739,0.0297968397291196,Low
32.144091530000026,-0.017496994790971,-0.0653458463677441,0.037525514209452,Low
36.83190596000003,0.3390094025320204,-0.1382001258653241,-0.3141507720254314,Moderate
40.37981072000002,0.1585226344173884,0.0409253872691605,-0.1596123175070543,Moderate
31.02127196000004,-0.0157247861188094,-0.0327780763030628,0.0581418811795566,Low
34.847745350000025,0.3774465825658677,-0.1831535243607083,-0.3460726426910002,Low
34.71444257000002,0.3749908270345637,-0.1868250197941409,-0.3340453178120717,Low
30.445335590000013,-0.0220633631194151,0.015151019339638,0.0662405758431324,Low
31.50150377,-0.0224465977254838,-0.05140855349584,0.0604685135910679,Low
30.874297100000035,-0.0275635352130484,-0.0035884387029425,0.0566084023305734,Low
31.62626150000005,-0.0232152588555858,-0.0564970086351713,0.0522419627749577,Low
35.92100363000003,0.3043430192920712,-0.1443443961266751,-0.2913747810858144,Moderate
31.376746040000057,-0.0466998034909259,-0.0234549516008935,0.0964667214461791,Low
39.00918469999999,0.3566853747111257,-0.1933095217353428,-0.321477956072933,Moderate
40.18498358,0.1413130504403522,-0.00010523731013435295,-0.16476692405115,Moderate
38.411031200000025,0.1912891405729513,-0.0735056845896964,-0.1877776393905426,Moderate
37.58045234000002,0.2359969494110668,-0.101495242410512,-0.2209433725358891,Moderate
36.44566970000005,0.2862403749581519,-0.0793482332376076,-0.2853797256607561,Moderate
36.64391486,0.1909360719837942,-0.1270619705751226,-0.1686390532544378,Moderate
36.40807147999999,0.2434028556477536,-0.0314399107032122,-0.2522963409125132,Moderate
43.89353528000004,0.1530388283650584,0.0389169771154869,-0.1648927592323818,Extreme
41.03948858000001,0.1580948608773145,-0.0196331426977263,-0.1602777777777777,High
30.390647270000045,-0.0186749217672196,0.0254302422723475,0.0943700897431916,Low
38.05213909999998,0.1788452128527157,-0.0682481616967815,-0.1693564696840998,Moderate
39.94914019999999,0.2089945100398586,-0.068811914101456,-0.2079044255766774,Moderate
34.71102455000005,0.2957251327401555,-0.0778925152634355,-0.2897884084636614,Low
40.25847101,0.1334287531806615,0.0088655564440426,-0.1533295574075572,Moderate
35.92100363000003,0.2676808514639237,-0.0788311355780309,-0.2461689187940181,Moderate
39.49625255000001,0.1453431556791701,0.0216079111282347,-0.1471540430658033,Moderate
35.94151175000002,0.2151112311640201,-0.0564651412467288,-0.2058282913379796,Moderate
36.85583210000004,0.2384861297308446,-0.0659471357818685,-0.2317538461538461,Moderate
40.3763927,0.1583057975367978,0.0172353372200452,-0.169636763479184,Moderate
36.62340674000001,0.1404918063772279,0.0005300470416749486,-0.1529348822989911,Moderate
33.48566438,0.374388061717141,-0.1856123489151012,-0.3338575969068449,Low
39.86539871000002,0.2015734890928597,-0.0144246897014424,-0.1965811965811965,Moderate
30.498314900000025,0.000974089226573154,-0.0595062746715371,0.040983387995627,Low
30.414573410000003,-0.017995551661387,0.0248636348425526,0.092974756435397,Low
33.30109130000005,-0.0536066455507081,-0.0232618247609201,0.0741888336743642,Low
32.28081233,-0.0132886889191168,-0.0730236395186755,0.0363538819201389,Low
36.78576269000001,0.2023259100728865,-0.0693506680074702,-0.1913812419974392,Moderate
34.333333340000024,0.2795450236966824,-0.1014000848536274,-0.2639226995243623,Low
37.768443440000055,0.3053873976775176,-0.1041834401468551,-0.279662598439891,Moderate
37.38904322000002,0.0953170731707317,-0.0635657446002273,-0.0752286548867499,Moderate
31.301549600000044,-0.0577507598784194,0.0137204215549811,0.1207752304419759,Low
37.32410084000003,0.2146069001673623,-0.0832059558704526,-0.198607103770769,Moderate
38.16835178000002,0.2086242001163467,-0.0286545364525312,-0.2148077766408419,Moderate
36.821651900000006,0.2362444017914267,-0.087902033922162,-0.2132009575010791,Moderate
43.54831525999998,0.0753438075461348,0.0457216369389103,-0.093596844244332,Extreme
39.57828503000002,0.1540695951153002,-0.0197475250117856,-0.1626157061809495,Moderate
31.12723058000006,-0.0287065180682201,0.026602585798416,0.1132761916507368,Low
42.56392549999998,0.1454824500209284,0.0190991483042892,-0.1509653128254426,Extreme
30.63332668999999,-0.0389742201772785,0.0222023338267185,0.1126175377214082,Low
34.53841454000002,0.3524907119569338,-0.2019000774854293,-0.3174298375184638,Low
34.94857694000001,0.3048612176046618,-0.176169742207478,-0.2852503587342346,Low
41.53168346000001,0.1218735628117592,0.0146350557747879,-0.1396126064613504,Extreme
32.64483145999998,0.0249097187442338,-0.0744148774489485,0.0056263106746457,Low
31.516884860000005,-0.0147488953886365,-0.0175788154385062,0.054947022832413,Low
38.31532664000002,0.1179728885934699,0.0160260955892781,-0.1304507220106315,Moderate
36.20299028,0.2865344260996951,-0.1132657256406742,-0.2688012495119094,Moderate
37.15319984000001,0.1790176914511938,-0.0384280110416969,-0.188921695013931,Moderate
35.39121053000002,0.2940419411007646,-0.0925360732490692,-0.284536043737201,Low
35.478370040000016,0.2105443634804972,-0.1217603717752666,-0.1839771941224558,Low
39.97306634000006,0.2774292384009337,-0.0889586766580641,-0.2785951589938301,Moderate
35.12973199999999,0.3129954540331367,-0.107561640362553,-0.2841447731030682,Low
37.633431650000034,0.3001521567764762,-0.115266071203925,-0.2712314034773256,Moderate
36.51744812000004,0.3056844762930234,-0.0903847942699451,-0.2839461097520903,Moderate
39.07754510000001,0.2519385856079404,-0.0957277138688112,-0.2403487880766719,Moderate
30.44362658,-0.0122446195299976,0.0223482546755789,0.0760297355071307,Low
35.05795358,0.3280390266038913,-0.1320353297659725,-0.2957715297764002,Low
37.93934444000001,0.3081554460864805,-0.1775056306306306,-0.2828278955641605,Moderate
32.480766500000016,-0.0445535767114371,-0.0257257193673378,0.0686890824153642,Low
39.26895422000001,0.2825959994159731,-0.1262901468042823,-0.2721019477228296,Moderate
38.36659694000002,0.1322989911342097,-0.0080631442860545,-0.1433532703067721,Moderate
30.40944638000002,0.0120997311170862,-0.0289512922465208,0.0449224381523556,Low
38.25722030000003,0.2438812837047931,-0.0784018832145426,-0.2290494466594626,Moderate
35.84409818000006,0.2138248847926267,-0.0673330181670831,-0.2137316642346978,Moderate
38.66396468000005,0.1888640919922835,-0.0227457616087989,-0.2001221887051815,Moderate
33.21564080000002,-0.0364099299809038,-0.0069846338056276,0.0666502250447006,Low
32.01249776000003,0.0951966906436908,-0.0835766423357664,-0.0527035583132835,Low
31.39725415999999,-0.0319760109856234,-0.05038771476357,0.06298828125,Low
40.325122400000055,0.1058209427396393,0.0187381570636535,-0.1280810036709831,Moderate
40.97112818000005,0.2227063950064774,-0.0618799222665439,-0.208239584141516,High
35.982527989999994,0.3547517411817569,-0.1655638985949,-0.3215658506979567,Moderate
35.03060942000002,0.3743236231561782,-0.2095769318589555,-0.3374449974752939,Low
30.52224104000004,-0.0100569324651416,0.0123465188258902,0.0634715861446171,Low
32.00395271000002,0.0122511054158334,-0.0569311298006234,0.0261204140248198,Low
35.905622540000024,0.3513156522645904,-0.1398246694226991,-0.3299124247400109,Moderate
29.67457208000002,-0.0128878281622911,0.0174438335708952,0.0921861281826163,Low
37.16345390000004,0.1697762700912689,-0.0411559613241795,-0.1716215669619382,Moderate
39.48087146,0.1930045939391549,-0.0545872838817624,-0.1896738168734393,Moderate
33.80354024000002,0.4069200613601499,-0.1944203276031718,-0.3687073025137626,Low
37.77527948,0.2749962069488696,-0.082785723489241,-0.2617394241957884,Moderate
36.312366920000045,0.236799612465687,-0.1003052612677321,-0.2103184008848858,Moderate
35.33652221,0.3029593839649706,-0.1706374103403252,-0.2694174757281553,Low
37.20788816000004,0.1939569662749885,-0.019845537198162,-0.2116144018583043,Moderate
36.79259873000001,0.1651741868392165,-0.0128226589440557,-0.1749718413795782,Moderate
31.564737140000037,-0.0256283883686545,-0.0199922610602347,0.0635602001243376,Low
39.69278870000005,0.200106815190646,-0.0456705999667608,-0.191922253585163,Moderate
36.89001230000002,0.2111485860420295,-0.0144666583881783,-0.2229790419161676,Moderate
36.22008038000001,0.2645691881036626,-0.0534886314749605,-0.2602546508081732,Moderate
38.38368704000004,0.3132410365637202,-0.1351683083248949,-0.2961704214988963,Moderate
32.40215204000003,-0.0101763907734057,-0.0505850585058505,0.0454694144586195,Low
36.061142450000034,0.3250202310012506,-0.1503113523870349,-0.3007149563082256,Moderate
32.78497028000004,-0.028759865931452,-0.0554576430501703,0.0514255543822597,Low
36.753291500000046,0.3184906911220375,-0.1521490755193666,-0.2915899989176317,Moderate
37.09851151999999,0.1648336414048059,-0.0827284051372363,-0.1428118057759441,Moderate
37.03869616999998,0.2728580160356668,-0.1130954252476025,-0.2686160682290547,Moderate
40.44133508000005,0.1868631510575244,0.0688578890375183,-0.201051680223482,High
31.513466839999975,-0.0362616822429906,-0.0327570799050876,0.0641423026444388,Low
33.897535790000006,0.3826986278478192,-0.2511424731182796,-0.3296669940183912,Low
39.15957758000002,0.1229392759506254,0.0612555836420928,-0.1294421530642003,Moderate
40.55242073,0.1696015187617442,0.0174776240846216,-0.1654923460031272,High
32.42095115000001,0.3104832171233987,-0.2200249084802053,-0.2672285378283026,Low
39.00234866000005,0.1277444752616981,0.0140483714527079,-0.1398187835711573,Moderate
32.21586995000001,0.0035913041094388,-0.0681605975723622,0.0345736965637279,Low
31.181918900000028,-0.0523957028932973,0.0264084507042253,0.1238803241728109,Low
36.69860318000002,0.2552157759359817,-0.1078519692984036,-0.242382607290067,Moderate
38.74941518000003,0.2636753804135778,-0.1009960227079579,-0.2550569634968612,Moderate
35.66465213000004,0.2972655331818538,-0.118092954940658,-0.2698546611956897,Moderate
33.572823889999995,0.0416120119449638,-0.0706253585771658,-0.0103957983648275,Low
33.70783568000002,0.1724272033445141,-0.1091285352954702,-0.15801603687521,Low
38.83144765999998,0.3934385878547066,-0.1623159500205314,-0.3541552761071624,Moderate
39.86368970000001,0.248591374605762,-0.0825242718446602,-0.2439187996469549,Moderate
37.81971374,0.2503418961374977,-0.0985256868221082,-0.229483172203242,Moderate
41.34027434000001,0.0620960944085417,0.0608987298531101,-0.1006369426751592,High
35.741557580000006,0.2349503902113808,-0.0618782667341089,-0.2299820326536989,Moderate
32.22441500000002,-0.020168439716312,-0.0563918757467144,0.0497581945190757,Low
30.730740260000005,-0.0271218290009395,0.0026327618313748,0.0549437176756921,Low
37.45398560000001,0.2104681455751164,-0.0080702158084186,-0.2097757263743416,Moderate
33.77790508999999,0.1965521152319383,-0.1518976285102851,-0.1628419637149218,Low
40.46867924000003,0.1289546855038701,0.0056590660886256,-0.1386236167955131,High
36.11070374000002,0.3165730654705815,-0.1284486657620986,-0.2861771853597467,Moderate
39.39883898000005,0.1855330399952645,0.0159036933912046,-0.2048125125325847,Moderate
30.47951579000005,-0.0394640843669164,0.0178032486689952,0.1042800593765462,Low
39.46719938000001,0.1217732661881914,0.0197505197505197,-0.1378811036923819,Moderate
41.55048256999999,0.1249826330309826,0.0347247058022105,-0.1372391653290529,Extreme
31.639933580000047,-0.0139623314122749,-0.0408278457196613,0.0453290381960423,Low
30.38722925000002,-0.0265275504637206,0.0290766876381567,0.1052961454089627,Low
36.92761052000003,0.2471844433186547,-0.0950148834981352,-0.2368695652173913,Moderate
33.47199230000001,-0.0170607602514217,-0.0357007695218872,0.0418952036410316,Low
37.45911263000005,0.2110691540325762,-0.0835560486107609,-0.1988172502928979,Moderate
29.794202779999974,-0.0140922526981508,0.0234236688002178,0.0860310986489931,Low
39.819255440000006,0.093586859640932,0.0128158464397233,-0.1036343777439873,Moderate
33.59845904000002,-0.0087328461949741,-0.0454887218045112,0.0377162629757785,Low
30.727322240000035,0.0105589691582652,-0.0428465895099729,0.0314465408805031,Low
35.05795358,0.2745650048875855,-0.0715119241326035,-0.255686742810917,Low
41.10784898000003,0.1150291828793774,0.02595333356938,-0.1342926648249701,High
31.61429843000002,0.0197595458087498,-0.0779278086664901,0.0214709181220958,Low
32.415824120000025,-0.0311919483184074,-0.0462616402670898,0.0589787784121512,Low
35.79624590000003,0.292365998917163,-0.1151227976508275,-0.2825452870739944,Moderate
30.306905780000022,-0.0299989966890739,0.0268746854554604,0.106359378851368,Low
34.23762878000002,0.3091766148657712,-0.1381688545345505,-0.2773093533249827,Low
36.954954680000014,0.2496525433824405,-0.1175426136363636,-0.2149171910589507,Moderate
36.72936536000003,0.3532025239865157,-0.1722175631963579,-0.3188879528222409,Moderate
36.22008038000001,0.1888537048765041,-0.0875593835695801,-0.1590516176833786,Moderate
36.985716860000025,0.2424974666770598,-0.0802019449056348,-0.2327919566898685,Moderate
40.27897913000004,0.167190067175509,0.0618815191227601,-0.1761180267404334,Moderate
31.59891734000001,0.1206609852421533,-0.0857373005084831,-0.0902381072746575,Low
32.596979180000005,-0.034581787722867,-0.0186225617069629,0.0597832420463815,Low
32.59527017000005,-0.0071031236628155,-0.0551109494361586,0.042212438084755,Low
32.01591578,-0.041916879719365,-0.0314940468569965,0.0733222151935131,Low
35.58091064000001,0.2374520593630148,-0.050017686593562,-0.2277276863264124,Moderate
35.48520608000001,0.3395543490555367,-0.1583906621890385,-0.3213701279381136,Low
35.35873934000006,0.3622756614882599,-0.118332168646634,-0.3292725133245656,Low
32.990051480000034,0.0585373270488064,-0.0907666597033632,-0.0276014760147601,Low
35.314305080000054,0.1930875758898456,-0.0465002958476906,-0.1933717007342726,Low
33.137026340000034,0.1523969493372071,-0.074360927712883,-0.1269450178686377,Low
36.36021920000002,0.3399811142587347,-0.2126888630614616,-0.3071962857879804,Moderate
38.33241673999999,0.2045046124356056,-0.0535839038703367,-0.1946765952390383,Moderate
36.74987348000002,0.22792283385997,-0.0633303330333033,-0.2124969209294687,Moderate
34.22737472000006,0.0621855934924542,-0.0465042708003796,-0.0323520233017788,Low
37.88123810000002,0.244496360859017,-0.0719150516995851,-0.2349311648477066,Moderate
33.8821547,0.1452847016852086,-0.1277618563372469,-0.1058332955627067,Low
39.48087146,0.1557013385916347,-0.0133160440875766,-0.1572592128495756,Moderate
40.02775466000003,0.1012765272017074,-0.0079982308060889,-0.1077895248511362,Moderate
41.063414720000026,0.1661138642837632,-0.0012396555767748,-0.1667512591262249,High
38.42812130000004,0.3057165316904627,-0.1205346637172306,-0.2756335839688521,Moderate
29.60279366000003,-0.0233755674503692,0.0264099966227625,0.0942566293829332,Low
33.171206540000014,0.0966036606653034,-0.0348998658602593,-0.0815277538673421,Low
43.33639802000005,0.0871855291426987,0.0910039113428944,-0.1319815269158608,Extreme
33.642893300000026,0.0591603578802477,-0.0490238848293161,-0.0220215168017,Low
36.80627081,0.2118426799855669,-0.0218748999135252,-0.2147956366959203,Moderate
44.04734617999998,0.0569257744009351,0.0531276179838034,-0.0663574180360091,Extreme
31.004181860000017,-0.0438914923107385,0.0243803879310344,0.122432907251469,Low
34.84603634000001,0.3387731730012168,-0.1402792172163628,-0.3126535195452312,Low
30.411155389999976,-0.0087260034904013,0.0144927536231884,0.0641597208761387,Low
36.14146592000003,0.3809116711691687,-0.1690356946414613,-0.3477738468727054,Moderate
36.493521980000025,0.2599722778376713,-0.0967223004222803,-0.2385133600787223,Moderate
40.63958023999999,0.1620477928974444,-0.0202148971043525,-0.1674238319509857,High
35.866315310000005,0.3309804227439357,-0.1865384949675804,-0.3028076269730689,Moderate
34.78793000000002,0.2469823072259273,-0.0483457415588026,-0.2463411498980847,Low
37.00622498000001,0.3743272241179161,-0.1971196568101731,-0.3435125004298635,Moderate
40.13542229000001,0.2312759395347066,-0.0855531497054232,-0.2211396850572108,Moderate
31.747601210000028,-0.004837477722142,-0.0581440818168145,0.0398493367541896,Low
37.94788949000002,0.1673105383536104,-0.0192320601463381,-0.1631746274945417,Moderate
30.286397660000038,-0.0171879936808846,0.0062615807296658,0.0657736665064872,Low
36.73961942000005,0.2637657748611812,-0.0715655389672647,-0.2486882269616742,Moderate
40.99847234000004,0.1687429218573046,-0.0129975629569455,-0.1658291457286432,High
32.316701540000054,-0.0466507177033492,-0.0195727261097607,0.074708306727811,Low
31.11014048000004,-0.0233906302662622,0.0086218694402627,0.0887477199823888,Low
32.64141344000001,-0.0280846386369881,-0.0481892004030585,0.0581342707251471,Low
37.39929728000004,0.3374418692578169,-0.1916456122620852,-0.2950867686900491,Moderate
35.69370530000003,0.4156759745645562,-0.2308524383281752,-0.3658308882368631,Moderate
36.977171810000016,0.2895243968241733,-0.1183234173407313,-0.2641163691319543,Moderate
39.193757780000055,0.2595153137079988,-0.0899324541653264,-0.2346425708664286,Moderate
39.819255440000006,0.2160489109667558,-0.0403059723448072,-0.2238117212736502,Moderate
34.39485769999999,0.1517774055462497,-0.0617882342848564,-0.1243640988372093,Low
33.137026340000034,0.021023085295297,-0.0636114094760711,0.0056345885634588,Low
35.037445460000015,0.1710282593208264,-0.1023382661957347,-0.1377416824327442,Low
38.45546546000003,0.1868190165272393,-0.0413377016309504,-0.1832217905164873,Moderate
35.387792510000054,0.3048492296058228,-0.0890557939914163,-0.2840691335975144,Low
35.53989439999998,0.1700218513180529,-0.1136383750774404,-0.1301926617865002,Low
41.04290660000004,0.1788264631427815,-0.0285488231027889,-0.1704242788010654,High
36.31065791000003,0.2899528607080137,-0.095034837737744,-0.2781858480024912,Moderate
41.44965098,0.1866062358365242,-0.023558356644535,-0.1956222195976536,Extreme
37.99403275999998,0.1197122202621839,0.0029567574226931,-0.1449388130437858,Moderate
36.872922200000005,0.2553141050967997,-0.146217396009957,-0.2233174187586631,Moderate
38.22987613999999,0.2256786863602607,-0.0684793554884189,-0.2217469978614903,Moderate
29.729260400000044,-0.0173394743971823,0.0257202336982069,0.0934766308422894,Low
41.69745742999999,0.2156423760850017,0.0094207016179681,-0.2274681292617847,Extreme
35.07504368000002,0.3829360417833842,-0.1756879253921674,-0.3505232876228799,Low
32.78497028000004,-0.0357586145753295,-0.0146784425923622,0.071062521352921,Low
38.25722030000003,0.1733951294873358,-0.0314119286709788,-0.1672261091114975,Moderate
33.00885059000001,0.0275053089291131,-0.053253517841872,-0.0045973602254189,Low
34.035965600000054,0.3460282108389013,-0.1771465671157279,-0.3130318282217474,Low
35.67319717999999,0.1460115662189934,-0.1137535417344047,-0.1173866442984295,Moderate
34.93832287999999,0.330978904063269,-0.1406033677838951,-0.3025701364121043,Low
30.571802330000025,-0.0298792116973935,0.0292620865139949,0.1040173053152039,Low
41.750436740000055,0.2418480279283963,-0.0328020756115641,-0.2404199280335349,Extreme
31.43485238000005,-0.0400814065238283,-0.0400588019110621,0.0636889991728701,Low
35.54673044000003,0.3490825347299606,-0.1771950863773377,-0.312826444488623,Low
34.60848395000005,0.272628220094949,-0.1123620346592745,-0.2452973878607874,Low
37.763316410000016,0.1465265615878575,0.0054353330407481,-0.1652098247834513,Moderate
36.83532398,0.2445352630197592,-0.0291924406616746,-0.2529915820467328,Moderate
32.3098655,-0.0455377574370709,-0.0342177039424745,0.0636435065663935,Low
30.470970739999984,-0.0206663854913538,0.0100354191263282,0.0859928541149397,Low
37.61463254,0.1878483183288515,-0.0129447149337808,-0.2063008331189519,Moderate
42.10591082000002,0.1391674375578168,0.0070954008901502,-0.1566726780883679,Extreme
32.02275182000005,-0.0289452356142179,-0.0365198047333621,0.0598060646824729,Low
39.52188769999998,0.1345745648614227,-0.001248795804046,-0.1377716509892961,Moderate
36.281604740000034,0.2265422890269464,-0.0302472758418322,-0.2285141473747919,Moderate
31.961227460000032,0.0124380731527353,-0.071388733965421,0.0159315608831514,Low
39.909832970000025,0.314220742304881,-0.1292078378831016,-0.2925333077734113,Moderate
30.37868420000001,-0.0306267324724494,0.019958988380041,0.1082224157233486,Low
31.069124240000008,-0.0280525816506301,0.0129369666941921,0.0929556089540913,Low
33.26007506000002,0.2525035765379113,-0.0862657246251938,-0.2437551793536166,Low
38.22304010000005,0.2526591644828118,-0.0777903043968433,-0.238247619047619,Moderate
31.35965594000004,-0.0434724807232119,0.0248034697750067,0.1213286926787567,Low
35.621926880000046,0.3255085451445338,-0.1364269930307666,-0.2917785721186359,Moderate
36.70885724000004,0.331830985915493,-0.1457559210313742,-0.2920857017927415,Moderate
31.76469130999999,-0.015474251346949,-0.0182725328840795,0.0490454146621887,Low
31.378455050000014,-0.0180052848276285,-0.0239323358856886,0.0574495694231449,Low
38.031630980000045,0.2507522567703109,-0.0836229946524064,-0.2316049382716049,Moderate
39.45010927999999,0.2030319436924743,-0.0599200088063699,-0.1862346515543509,Moderate
33.28741922000006,0.0962574925703923,-0.0383092409713277,-0.0818172780594492,Low
33.26007506000002,0.2708077972401249,-0.1307743728670443,-0.2415977748589971,Low
29.520761180000022,-0.0379241516966067,0.0261970503064179,0.1107011070110701,Low
33.321599419999984,-0.0175229467159375,-0.0155874561025198,0.0452913239893432,Low
39.66886255999998,0.2873022580704429,-0.1291721059162919,-0.2671863413575446,Moderate
31.52542991000001,-0.0144040721286619,-0.0576442559126038,0.0396517609814008,Low
32.217578960000026,0.3673695075199056,-0.2002976960911208,-0.3311562477571234,Low
30.537622130000045,-0.0150805320931504,0.0238264700898152,0.0784244712507599,Low
42.36909836000001,0.244174150278504,-0.082199004647177,-0.2345841479921792,Extreme
34.302571160000014,-0.0128388017118402,-0.035432128321762,0.0398490398490398,Low
36.74474644999998,0.3562934138269629,-0.1442334243549228,-0.3299573845906959,Moderate
37.17370796,0.2949795302736479,-0.0866682738669238,-0.2778171509567682,Moderate
33.608713100000045,0.3513113166340657,-0.1681962207154701,-0.3171426984802769,Low
38.14955267000005,0.1595034443677061,0.0731555404563728,-0.1763987207589205,Moderate
37.72230017000004,0.1859945368760864,0.0406378441855434,-0.1973618235815945,Moderate
34.90072466000004,0.3121998799519808,-0.1454864010741595,-0.2900346684369698,Low
43.90378934,0.0893424036281179,-0.0159455229877765,-0.0849631871358236,Extreme
40.22087279000005,0.2763933106451495,-0.1277077271257678,-0.2600018061952497,Moderate
41.0087264,0.1569520941474818,-0.014171587356721,-0.1603083770465744,High
37.81629572000003,0.2587818483340871,-0.077250588652711,-0.2445686603316564,Moderate
34.50765236000001,0.2459816194546348,-0.05716623614164,-0.2416145322981834,Low
31.202427020000016,-0.0601630223832319,0.021815243738217,0.1228112546793865,Low
42.044386460000055,0.1197372852812394,-0.0196679829774182,-0.1135488192932507,Extreme
33.82746638000003,0.2175193769906291,-0.0333932338463942,-0.204831569166864,Low
36.51744812000004,0.3484088302752293,-0.1370463267958055,-0.322391311988191,Moderate
38.57509616000005,0.2921173418479345,-0.1060093608007926,-0.2707397012933488,Moderate
38.704980920000025,0.1397121083827265,0.0007070635650144948,-0.1372817252756095,Moderate
40.42766300000005,0.07553572432929,0.0408934363192563,-0.1120415600527254,High
36.787471700000026,0.2957719496542079,-0.1225851424019119,-0.2887601699597965,Moderate
32.53887284000001,-0.0041831669362485,-0.0561997160435399,0.0367413002427839,Low
36.527702180000006,0.2310750248457687,-0.0726574626256024,-0.2229569882458134,Moderate
31.61771644999999,-0.0025351602583449,-0.0345583171602078,0.0401649580344437,Low
30.286397660000038,-0.0321969696969696,0.0205702159701543,0.1112215423797248,Low
35.469824990000006,0.3426680244399185,-0.1600496472843249,-0.3213314244810308,Low
40.15080338000001,0.1208174868426107,0.018436280446777,-0.1366682250272713,Moderate
38.68618181,0.1347959794431487,0.0762432795698924,-0.1099402454780361,Moderate
35.94663878000006,0.119953112789789,-0.0044974008527539,-0.1399217869689136,Moderate
32.47051243999999,0.3393774438396074,-0.2077291346203702,-0.3022605713859744,Low
29.45923682,-0.0201689833742164,0.0305400121351041,0.0896429475816662,Low
40.70794064000006,0.2051638530287984,-0.0682346313639884,-0.2028227085315572,High
37.09680251000003,0.2004456955195871,-0.0216440133757008,-0.1938180404354587,Moderate
31.24344326000005,-0.055275063930234,0.0249712390877715,0.1224266049457912,Low
36.82506992000003,0.2491168791276301,-0.1006157385479396,-0.2303154073065577,Moderate
38.07264722000002,0.2552906110283159,-0.0369321679182568,-0.2553841567926075,Moderate
36.32262098000001,0.2541799592574086,-0.0819683002851648,-0.2563046240326493,Moderate
34.86996248000003,0.4264331107455079,-0.2190334408513219,-0.3789683777209505,Low
35.045990510000024,0.2855112849945559,-0.0338696271669437,-0.2799367914300938,Low
31.25027929999999,-0.0446980807243512,0.0132384904169136,0.1095922976346131,Low
38.84853776,0.140591554777194,-0.09606843999813,-0.1155731074844173,Moderate
29.500253059999977,-0.0182605167049912,0.0161312186525687,0.0944479101684341,Low
40.38664676000002,0.0976348238185089,0.0129429405729618,-0.0860070333868796,Moderate
31.046907110000006,-0.0160002357309131,-0.0377897942693765,0.0568265265774162,Low
31.71513002000006,0.0808855060034305,-0.0853067814854682,-0.0462009390645671,Low
35.5569845,0.3345395604809831,-0.1461314341210748,-0.3114049709226951,Moderate
35.4544439,0.3924632659181021,-0.1927961868881468,-0.3599297126679899,Low
31.997116670000025,0.0087485132813532,-0.0350663086811488,0.012931257435473,Low
38.81948459,0.2786728176011355,-0.0767047152333711,-0.2758883203795832,Moderate
32.88751088000004,-0.0054742604484682,-0.0658317820274158,0.0383264620552756,Low
29.81129288,-0.0121926299298412,0.0250100847115772,0.0883258942603885,Low
30.93240344000003,-0.0153121319199057,-0.0378340033104752,0.0511296076099881,Low
41.07025076000002,0.1846560637752081,-0.0478218374755654,-0.1789796158831153,High
29.712170300000025,-0.0316057318869693,0.02257366855907,0.1035765201760366,Low
38.79726746000006,0.2338304672043828,-0.0743035081326398,-0.217845206353975,Moderate
32.19365282000001,0.0673384768802813,-0.0771186440677966,-0.0329134498171475,Low
39.754313060000015,0.1762626452559136,-0.0006718495057107208,-0.1976107516177202,Moderate
40.913021840000056,0.1546948714046568,-0.0363313528648501,-0.1592376150643596,High
40.704522620000034,0.1308223230132124,-0.0254282750974571,-0.1408562788476842,High
35.102387840000006,0.4290378399555976,-0.2367551072306518,-0.3826762699014405,Low
33.685618550000015,0.3207973073744886,-0.2387577264049298,-0.2931194380315318,Low
32.2073249,-0.0220115506156696,-0.0604359898387192,0.0443486131075972,Low
38.01112286,0.1286688557716595,-0.1070809176948615,-0.108179157779872,Moderate
41.20013552,0.1697296446420841,-0.0188524028244327,-0.1683043785865891,High
38.87929994000001,0.2966056034482758,-0.1142493344137052,-0.2770933626473598,Moderate
35.58432865999998,0.3426181818181818,-0.1246763532242834,-0.320812763826286,Moderate
36.87975824,0.3374374188763211,-0.1287636932707355,-0.3018554616995162,Moderate
40.50627745999998,0.1216487048591416,0.0218308930220287,-0.1450741198270537,High
36.45079672999998,0.2475322551698008,-0.0819972673342672,-0.2302125734961556,Moderate
30.459007670000005,-0.0120389433646229,0.0242961022848674,0.0797035496034325,Low
33.03106772000001,-0.0297285169396455,-0.0306551076950576,0.0621848739495798,Low
29.57203148000002,-0.0071833126122392,0.0227087299428882,0.1001064295999499,Low
35.57065657999999,0.3026866610326055,-0.1272832409265621,-0.2815545243619489,Moderate
29.431892660000017,-0.0210845402492421,0.0225988700564971,0.0918067620773701,Low
36.92761052000003,0.1869992100214422,-0.003115462868769,-0.2055935506055859,Moderate
41.26507790000005,0.1337782936738247,0.0005755579714779049,-0.1424811755245266,High
31.024689980000005,-0.0370071322836764,0.0287071598235493,0.1179588315049919,Low
36.33629306,0.2213679955615439,-0.1168082909064555,-0.2185430463576159,Moderate
35.25278072000003,0.3781041289989299,-0.1595516781023937,-0.3495212285456188,Low
39.13906946000003,0.1822018383982425,-0.0054741534729734,-0.1875798521042239,Moderate
35.23398161,0.1299690018598884,-0.0896525336585599,-0.1002825199816482,Low
36.637078820000056,0.2250112495842545,-0.0238239285772683,-0.2332873744337207,Moderate
30.573511339999985,-0.0176311968471271,0.0226319047946618,0.0907461922436964,Low
31.48099565000001,-0.0267568857568015,-0.0543220390534704,0.0548329925017041,Low
31.202427020000016,-0.0481120180503019,0.0277890741493832,0.1232273838630806,Low
38.55458804,0.2021116719972255,-0.0397626903976269,-0.2284307934632801,Moderate
29.749768520000032,-0.0249086232570732,0.0281975175391257,0.0911041009463722,Low
41.07708680000002,0.1462063732928679,0.0199169586090567,-0.1762827999688546,High
30.951202550000005,-0.0176007836174967,-0.0259902177040375,0.0666278900683437,Low
35.91587660000005,0.2838338754822603,-0.0933865927906452,-0.2782736413964524,Moderate
31.952682410000023,-0.0054185934352747,-0.0565685181278442,0.0402693750171096,Low
40.12345922000003,0.2524733193113656,-0.0935183295926001,-0.2433205737926768,Moderate
34.54866860000004,0.2916875266544288,-0.1079090923549151,-0.2794930663972816,Low
42.00678823999999,0.0966994355773184,-0.0257306670395748,-0.1293302540415704,Extreme
38.968168460000015,0.1668896384089239,-0.0154794700249245,-0.1702855415083999,Moderate
30.597437480000053,-0.0312426905469976,0.0223241383961691,0.1065914763797725,Low
37.03527815000001,0.2932780509283041,-0.1159057810422339,-0.2798242588188304,Moderate
42.62203183999998,0.0880578068547993,0.0078709309779898,-0.0978560731457397,Extreme
40.15422139999998,0.1459121951219512,-0.017710463383357,-0.1476140227459256,Moderate
30.573511339999985,-0.0176119816946332,0.0267893941475477,0.0789832932457908,Low
34.389730670000006,0.2932019667027355,-0.1111437332811378,-0.2744756880133206,Low
32.83282256000001,0.0526497994980238,-0.0444240897641401,-0.017711209661674,Low
31.35452891,-0.0012970884503932,-0.0700810219409781,0.0348322398250386,Low
32.70293780000003,-0.0300895891257337,-0.0225377800937988,0.0621900949877531,Low
31.98173558000002,-0.029025055817415,-0.0055234425176621,0.078354035438865,Low
30.269307560000016,-0.0232510914813686,0.0280864821175995,0.1004301477463998,Low
33.76594202000001,0.3387498170106865,-0.1332445243037268,-0.3108761870632503,Low
30.76833848000001,-0.0294605107390495,0.0214841085800027,0.1057437591547978,Low
31.53226595000001,-0.029933415826999,-0.0266595990146861,0.0677011071155534,Low
41.10101294000003,0.1667222283957476,-0.0394350394350394,-0.2024432143538843,High
37.16003588000001,0.2171894046398235,-0.0214327466389556,-0.2159424771918973,Moderate
38.78872240999999,0.1732667038162176,0.0462622011806651,-0.2020921966222811,Moderate
38.086319300000014,0.1544107367538096,0.0315770956108716,-0.1761563935476979,Moderate
35.78770085000002,0.297557445268681,-0.0827181182722647,-0.2804142117479021,Moderate
31.31522168000004,-0.0269634559118811,-0.0397866601275134,0.054913214275764,Low
32.60039720000003,-0.0035637149028077,-0.069301193649322,0.0370988781633185,Low
32.135546480000016,0.0394920069069236,-0.049370220422852,-0.0016638935108153,Low
38.97842251999998,0.1352667865707434,0.0446490508923503,-0.1568537609774723,Moderate
32.68926571999998,0.1605773353022436,-0.1258780036968576,-0.1246826386003785,Low
30.59572847000004,-0.0277825123572524,0.0210078264451462,0.1044119956037054,Low
41.53851950000001,0.1426362582141476,0.0105108120773917,-0.1587612700901607,Extreme
36.11070374000002,0.2463230044266743,-0.0717092337917485,-0.2474363097152249,Moderate
32.69610176000003,0.4051773600189004,-0.2125465983224604,-0.358501647795869,Low
35.064789620000056,0.2033428559246151,-0.1107962372574487,-0.173130481772457,Low
34.49056226000005,0.1827802910892305,-0.0647158546473059,-0.1625052813713458,Low
30.592310450000014,-0.0304908527441767,0.0270866773675762,0.1045795888218638,Low
40.13713130000002,0.1996231979030144,-0.0305034655032895,-0.1922497659461879,Moderate
33.52326260000001,0.2712264643804986,-0.1375144919406111,-0.2455619484428428,Low
37.50867391999998,0.2477370839715917,-0.0365571494678389,-0.2609950038702414,Moderate
37.09851151999999,0.1813457276774332,-0.0629234895539243,-0.1711025137546902,Moderate
38.53066190000004,0.3022973310943585,-0.1027743321332405,-0.2851702982864396,Moderate
36.307239890000005,0.2383089561210178,-0.051034811149091,-0.2275851110316609,Moderate
36.00474512000005,0.2877524968085905,-0.1210694907498202,-0.2595666544252663,Moderate
32.978088410000055,0.3030805032934958,-0.1581567369546546,-0.2714607346970192,Low
39.32193353000002,0.1703847881419374,-0.0271673072500903,-0.1903456677326024,Moderate
30.69997808000005,-0.0331811459070156,0.0015274272811794,0.089063920024235,Low
36.44225168000003,0.2451120308263165,0.0069432587786693,-0.2471588878564791,Moderate
38.872463900000014,0.2263822706300582,0.0070730885820141,-0.2338013164402846,Moderate
39.68595266,0.1422576183890505,-0.0977588340437233,-0.1215583442592245,Moderate
34.78451198000005,0.3315620502601572,-0.1555384763185704,-0.3082919401036946,Low
34.76742188000003,0.1636795816496315,-0.0723736090423201,-0.1357646622123237,Low
37.43005946000005,0.20808188832022,-0.0775729908356897,-0.1865106159501838,Moderate
35.11264190000003,0.3737648312089042,-0.1928806098689037,-0.3278182140955086,Low
36.25426058000005,0.2673348332992432,-0.0163284174110138,-0.2649826463000427,Moderate
39.37662184999999,0.289516426725729,-0.1061572806003704,-0.265596695891602,Moderate
41.93330080999999,0.1137107737080932,0.0232565949658287,-0.121700059779779,Extreme
30.42653647999998,-0.0340751747661342,0.0238225255972696,0.1125934659179051,Low
33.8821547,0.4426312781763921,-0.2080287119500199,-0.406680494071758,Low
41.85297734000005,0.1745551808349808,-0.0130391173520561,-0.1820699879062146,Extreme
37.248904400000015,0.1100206980229819,0.0443932411674347,-0.1678900632661873,Moderate
33.59162300000003,0.0683332522737221,-0.1146858824723434,-0.0383851753805426,Low
34.72982366000002,0.2109617373319545,-0.1058036592563446,-0.1846231664137582,Low
36.411489500000016,0.3016875258390649,-0.0661207904943668,-0.2838819691577698,Moderate
30.39919232,-0.0258970774249384,0.0181183733727016,0.0995415243545955,Low
30.65725283000006,-0.0255818687656917,0.0205974628290819,0.0964291332389492,Low
39.36124075999999,0.1832740994252117,-0.0378694581280788,-0.1638686288895602,Moderate
38.44862942000003,0.3367774417162931,-0.1518712768712768,-0.3101467420322943,Moderate
39.754313060000015,0.2192312693901057,0.037090290208046,-0.2246687814890837,Moderate
35.05282655000002,0.328409793720668,-0.1212823780497167,-0.3028151425411211,Low
30.40431935000004,-0.0228176964668276,0.0290907862283339,0.1011292189308392,Low
36.30211286000002,0.270530015061321,-0.1088507761642463,-0.2594646475418577,Moderate
36.99084389000001,0.2767935383091401,-0.1052952720196573,-0.2711755111330273,Moderate
35.54673044000003,0.1572692685846193,-0.09981718464351,-0.1419652837829287,Low
37.915418300000056,0.2176796507723304,-0.0718640310363938,-0.1943678208242414,Moderate
30.60769154000002,-0.031033443808376,0.0278440197494374,0.1058111155735425,Low
39.525305720000006,0.1794026776519052,-0.0056199508254302,-0.1708653688859807,Moderate
39.30313441999999,0.1759220964770463,-0.0325860873584469,-0.1874406773226014,Moderate
39.68595266,0.2648886790968452,-0.094262574014837,-0.2420719224381011,Moderate
38.07264722000002,0.1313864048527296,-0.0039584181125374,-0.1241223619079179,Moderate
37.68641095999999,0.2981545354336308,-0.0663628928613155,-0.2858098827175712,Moderate
39.14248748,0.1335857220118983,-0.021069297284131,-0.132994845460337,Moderate
38.57680517000006,0.2194270582571016,-0.0357660129159779,-0.2176682692307692,Moderate
40.02433664,0.1390722232698472,-0.0725319602272727,-0.1142264237952501,Moderate
36.98058982999999,0.2045585036972596,-0.025917638516367,-0.2452694438448809,Moderate
31.229771180000057,-0.0434273064652646,0.0194874532835024,0.1301361752516281,Low
37.03698716000002,0.1928989895018283,-0.0409497177951999,-0.1966159185927269,Moderate
35.444189840000035,0.2063222821896684,-0.0909598019732942,-0.1851234661414937,Low
34.15559630000001,0.3110299928498852,-0.1518407697012778,-0.2852030840742243,Low
32.24492312000001,-0.0294820717131474,-0.02082393140352,0.067820558106676,Low
31.328893760000028,-0.030888137085018,-0.0517297991104743,0.0590717299578059,Low
34.02400253000002,0.016433319191062,-0.0443779243802493,0.0159912376779846,Low
31.349401880000016,-0.0502707868748008,0.0140882333487664,0.1197070808480482,Low
31.85697785000002,0.0308645134872293,-0.0841654778887303,-0.0031878860330743,Low
30.49318787000004,-0.0234924537321587,0.0218224107265015,0.09850896825647,Low
31.59891734000001,-0.0708542713567839,-0.000947354175125186,0.1039496001938454,Low
32.09794826000001,-0.0063334474495035,-0.0542405714631636,0.0409450119778616,Low
34.78451198000005,0.2595813452362629,-0.0636901280301553,-0.2696454891009231,Low
30.96316562000004,-0.034864601858998,0.0185292612182221,0.1087630143777887,Low
39.20059382,0.1252970910186456,0.0376456442701325,-0.169353856857118,Moderate
33.80524925000003,0.0221857025472473,-0.0531662715882153,0.0071299350856656,Low
30.462425690000032,-0.0080897793383593,0.0154781836197765,0.0700061323951844,Low
36.319202959999984,0.2482487546699875,-0.0838711857533876,-0.2385365382758953,Moderate
40.43108102000002,0.2457852042914283,-0.085325343581059,-0.2284724270126806,High
31.469032580000032,-0.0377691694200751,-0.0297506553679205,0.0629126213592233,Low
39.90299693000003,0.2669681538344607,-0.1197729486447452,-0.2565107601854294,Moderate
31.50150377,-0.0142051615701583,-0.057831044915057,0.0400971411978987,Low
38.00599583000002,0.2524924471299093,-0.0835021234890558,-0.2485788502804653,Moderate
40.43791706000002,0.1071586301039868,0.0171787012616722,-0.1347214221051765,High
37.57703432000005,0.2086140337597456,-0.058135489322222,-0.2046020369671821,Moderate
38.45204744,0.2427963912404117,-0.0540331007516769,-0.2367994304473361,Moderate
32.05180499000005,0.0552849555573901,-0.0794043966560644,-0.0176202101687718,Low
32.11503836000003,-0.0392357925414215,-0.0540588548759547,0.0829856281872971,Low
39.511633640000014,0.1193729268677934,0.0381065490329148,-0.1222534542143394,Moderate
35.05453555999998,0.0998812223302019,-0.084424571489407,-0.0638675648858948,Low
35.98423700000001,0.2892741874953088,-0.1249590673914467,-0.2784786572885266,Moderate
29.82154694000002,-0.0299102018769833,0.0266901503861265,0.1040159640808181,Low
42.338336180000056,0.1686831686831686,-0.0116908491079721,-0.1736335599895961,Extreme
31.16482880000001,-5.687311607802992e-05,-0.0566105769230769,0.0421138654317624,Low
41.67865832000001,0.1220035164458167,-0.0395327585521872,-0.1158307744796997,Extreme
37.97010662000002,0.2104353718448246,-0.0344268465703448,-0.2118313490044435,Moderate
29.609629700000028,-0.0112267250821467,0.0200149263857792,0.0982644524909476,Low
33.87360965000005,0.2943104950823754,-0.1682367262852327,-0.2599834366857212,Low
37.07800340000006,0.1612313076678332,-0.0010285244103126,-0.1671730092740646,Moderate
32.02958785999999,-0.0270489900162526,-0.0320793054614863,0.0882784878977427,Low
34.56917672000003,-0.0236315408729201,-0.0257124762507916,0.0584268356490901,Low
29.442146719999982,-0.0123406005758946,0.0325050369375419,0.0876504116529449,Low
35.25961676000003,0.3373236889692586,-0.132422748292653,-0.3096621095133527,Low
37.95643454000003,0.2291346188244553,-0.0792523951625569,-0.2260205538110191,Moderate
30.563257280000016,-0.0191153444676409,0.0106599986839507,0.0623928159396339,Low
38.11024544000003,0.2120791926662044,-0.0455874534821903,-0.2170953393927673,Moderate
32.76788018000002,0.2796946925286225,-0.0859737571366565,-0.27648051489345,Low
40.246507940000015,0.1579233783195472,0.0431980334552431,-0.2078334910122989,Moderate
33.50104547000001,0.2756536106521527,-0.1253708308325473,-0.2452751423149905,Low
37.806041660000005,0.2231032338308457,-0.064690756529977,-0.1934162621359223,Moderate
36.264514640000016,0.2297823238348555,-0.0794293856110414,-0.2134779420278667,Moderate
30.489769850000016,-0.0391473254308198,0.0265742734122712,0.1062725840822755,Low
36.42687059000002,0.2522594004605887,-0.015059295977913,-0.2533994498895905,Moderate
37.92225434,0.1660559930362962,-0.0149059130312213,-0.1748796606021049,Moderate
31.369910000000004,-0.0382067581130812,0.0275353494350855,0.1235365853658536,Low
31.754437250000024,-0.0106735159817351,-0.0497849918236327,0.0578867268181324,Low
33.728343800000005,0.4230109319084268,-0.2433644112565856,-0.3842192268565615,Low
37.94959849999998,0.1424048454814508,0.0572264349209054,-0.1613896371969352,Moderate
29.71900634000002,-0.0162000948959533,0.026298134979203,0.0891747725133354,Low
31.03836206000005,-0.0450642348399121,0.0284437220642015,0.1250838568030737,Low
34.73324167999999,0.3239209358612344,-0.1368560272074568,-0.3006448823720142,Low
38.79384944000003,0.2151825541054022,-0.0554598938154685,-0.2007509284577398,Moderate
40.51311350000003,0.113390441839495,0.0520456799206679,-0.14842660052705,High
41.206971560000056,0.173399720870582,-0.0057549304881991,-0.1880991483023335,High
29.291753840000013,-0.0086565332969804,0.025984462898473,0.0743969961178641,Low
37.09680251000003,0.2598434535104364,-0.1050852159439637,-0.2378714313458924,Moderate
38.472555560000046,0.142056345159307,0.0639098858752038,-0.1779912337965121,Moderate
36.78063566000003,0.1918144611186903,-0.0303622577927548,-0.1875097094919993,Moderate
30.383811229999992,-0.015063334474495,0.0208290790279763,0.0811242414564037,Low
36.28502276000006,0.2402010839682664,-0.1244124768551488,-0.217300797964612,Moderate
32.08940321,-0.01748825626804,-0.0493547314655302,0.0550066682997196,Low
32.303029460000005,0.0388249794576828,-0.0791144305148039,-0.0093308717129883,Low
31.94755538000004,-0.0472144677752154,-0.0077021822849807,0.1076503353415937,Low
29.97535784000001,-0.0137865137865137,0.0164715491423904,0.087896480984693,Low
33.888990740000054,0.3949273545000084,-0.1852651617394269,-0.3622663074536696,Low
32.25346817000002,0.068855287193018,-0.0969354544744447,-0.036816459122902,Low
35.28696092000001,0.3469299820466786,-0.1930159335941227,-0.3236414961185603,Low
30.52224104000004,-0.0102739726027397,0.0228064727598937,0.0785098421994468,Low
32.20390687999998,-0.0216586786385973,-0.0300862344298946,0.050350391614157,Low
31.25711534000004,-0.0459582409891519,-0.0190630451034139,0.0915754984172821,Low
36.71569327999998,0.3071843539133259,-0.1244374088214296,-0.2830175314326191,Moderate
29.68824416000001,-0.0155898972019878,0.0294650647694476,0.085041761579347,Low
40.619072120000055,0.1619430214130394,-0.0203573046799145,-0.1673207938388625,High
31.64847863,-0.0286702365015618,-0.0475531626913706,0.0577094775574253,Low
30.740994320000027,-0.0313494481684609,0.021243115656963,0.1070748681459289,Low
34.64437315999999,0.3608361648692569,-0.1873167273547513,-0.330516737081573,Low
40.90276777999998,0.1368853991400261,0.0190347141566653,-0.166768994627782,High
36.134629880000034,0.1817820206841686,-0.0283835237106265,-0.1736124827177562,Moderate
37.647103730000026,0.2067224984403652,0.0107093594532182,-0.2048774963192268,Moderate
30.36330311000006,-0.0270963387885945,0.0186855450801538,0.1042624580589039,Low
31.154574740000044,-0.0389318768016992,-0.0187526134645694,0.0925708391828782,Low
33.184878620000006,0.2534096903021626,-0.0822381262199089,-0.244920106275493,Low
40.20720071000005,0.0914431957271614,-0.0083681148097127,-0.0920994032243698,Moderate
32.84991266000003,-0.0181551054675202,-0.0446044771953329,0.0351655151077652,Low
39.932050100000026,0.1757879257581177,-0.0267231207052127,-0.1851614453970034,Moderate
30.397483309999984,-0.0134166638361468,0.0229084670501564,0.0747029403332165,Low
42.53658134,0.1068248133692068,0.0619218910585817,-0.183372498176809,Extreme
31.793744479999987,-0.0474063320118376,-0.0385341206550191,0.0996411230736753,Low
36.76012753999999,0.2758673744134164,-0.0992179215270413,-0.2543488125850854,Moderate
32.01591578,-0.0394353050985882,-0.033258032128514,0.0671350065152116,Low
37.73084521999999,0.2042100694444444,-0.010900258084105,-0.2226057579318449,Moderate
29.78394872000001,-0.0127188183807439,0.0185575419753925,0.0974557729574295,Low
35.905622540000024,0.2883841402669854,-0.1519988598303997,-0.2487254750502085,Moderate
37.49841986000001,0.350827281575204,-0.1327850326469111,-0.3042975385838725,Moderate
35.23739963000003,0.1880963014087938,-0.0912684354781571,-0.1719194265347803,Low
38.4964817,0.1831030027796265,-0.0470696256258337,-0.1756010269975881,Moderate
35.03060942000002,0.2937353245045552,-0.0651407361583668,-0.2791025926751356,Low
36.33629306,0.340030284004875,-0.1187025960411913,-0.3108855088695401,Moderate
39.046782920000055,0.1916676455616899,-0.0547949953211104,-0.1823161493337477,Moderate
31.83476072000002,-0.051811919736448,-0.0295265348595213,0.0718264438581061,Low
36.53795624000003,0.2487960259375829,-0.0843238615784794,-0.2367897247155143,Moderate
35.19809240000001,0.4091082919042947,-0.1964479832846272,-0.3640211810529365,Low
31.17850088,-0.0359571129707112,0.0179808204581779,0.1251260753485612,Low
31.933883300000048,-0.0376426087487035,-0.0148619957537154,0.0678957631625598,Low
41.25824186,0.1731211317418214,0.0580718443844952,-0.2023343482673626,High
34.526451469999984,0.1586598204028041,-0.1273896974950951,-0.130225962857927,Low
35.74497560000003,0.1980332316039335,-0.0586759059837063,-0.1831634468468091,Moderate
30.441917569999987,-0.0222207326473841,0.0272739397172579,0.099734617046226,Low
39.42618314000004,0.2055005585301028,-0.03567410152889,-0.2087598007029469,Moderate
32.070604100000025,-0.057955872411038,-0.0083547135056904,0.095212797355528,Low
40.01408258000004,0.0979261207006234,0.0500165131554805,-0.1057105027121684,Moderate
32.373098870000035,0.0479630318160089,-0.0616373859937044,-0.0207460292824253,Low
32.01591578,-0.041916879719365,-0.0314940468569965,0.0733222151935131,Low
40.35759359000002,0.1797724399494311,-0.0111183344168291,-0.1765687130249248,Moderate
29.60279366000003,-0.0166283628498039,0.0214569180063227,0.0862956914960432,Low
30.645289760000026,-0.0073833619756858,-0.0074614813139959,0.060485571419965,Low
38.09486435000002,0.2861364656591351,-0.0970850551238891,-0.2630322177730428,Moderate
29.496835040000008,-0.0192476531370297,0.0242558623933346,0.0903282385367075,Low
33.171206540000014,0.1347645049492607,-0.1229212928694793,-0.0901861211584065,Low
29.927505559999982,-0.0127630685675492,0.0157032624881548,0.0910113764220527,Low
32.77642523000003,0.0508527616961351,-0.0432081186734667,-0.0234164677198151,Low
30.81106373,0.0196765803460364,-0.0581159973010238,0.0162557276892864,Low
35.914167590000034,0.2596276605880447,-0.0701461851030418,-0.2532039129445666,Moderate
37.87440206000002,0.1032688241990567,0.0285325600544159,-0.1186873892072391,Moderate
35.02377338000002,0.3777817724249506,-0.2177822971448545,-0.3343895262800536,Low
39.870525740000005,0.1590890337486591,-0.0242817558699139,-0.1653876467416103,Moderate
38.527243880000015,0.1638487428232033,-0.0274578344839639,-0.1727178423236514,Moderate
40.49260537999999,0.1950345040286826,-0.0278533059221433,-0.2155601741108191,High
36.82506992000003,0.1917556415972466,-0.0477598597118591,-0.1853580736764305,Moderate
42.70064630000002,0.1131412508784258,-0.0130036239607759,-0.1255329227854097,Extreme
41.14373819000002,0.1392747821991994,-0.001414280786478,-0.1391406709829311,High
37.594124420000014,0.1819020462931902,-0.0508929570112971,-0.1648551473323139,Moderate
38.77675934000001,0.1993129011843414,-0.0500751998733475,-0.2039716106079032,Moderate
36.25084256000002,0.2368587964798224,-0.0895345182805461,-0.2238565937083235,Moderate
35.00668328000006,0.3488913956025667,-0.1543415992783782,-0.3199189345686161,Low
32.32695560000002,-0.0288402989205646,-0.0474029850746268,0.0739509105304829,Low
38.18544187999999,0.0792447380771869,-0.0093186575730974,-0.1027334095687779,Moderate
37.08142142000003,0.2367861362741236,-0.0615597849971265,-0.212151625106153,Moderate
39.72525989000002,0.2184900453380642,-0.0580422094038306,-0.2121818253127819,Moderate
36.09361364000006,0.2741123090371727,-0.1334617093763886,-0.2383379860015374,Moderate
33.936843020000026,0.3432043073341094,-0.1640708745822561,-0.309801695696903,Low
33.42072200000001,0.3127456696319422,-0.1545013976413768,-0.2893691696684215,Low
29.804456840000057,-0.0047774008170047,0.0201104369759356,0.0914607167688515,Low
33.14386238000003,0.0612932023976533,-0.0968813434212954,-0.0272819297335999,Low
31.503212780000013,-0.0148305719507445,-0.0347410157970923,0.0520641143911439,Low
37.53943609999999,0.1204904295669048,-0.0650178159714944,-0.1179266038898178,Moderate
36.42174355999998,0.316066492483623,-0.120221749500419,-0.2842151936151345,Moderate
40.59856400000001,0.1535215338664611,-0.0096985848499671,-0.1535215338664611,High
30.36672113000003,-0.0246255222309024,0.0271039436237972,0.10480703285741,Low
31.61771644999999,-0.0100877454784217,-0.0286245929601488,0.0426876785868906,Low
32.09794826000001,0.005985369097761,-0.0600327026395701,0.0269372001393765,Low
41.63422406000001,0.1343576075879909,-0.00744917850181,-0.1391348840870626,Extreme
29.72242435999999,-0.0205940324882756,0.0237788767698665,0.0891276864728192,Low
36.674677040000006,0.3292825768667642,-0.1657304272461721,-0.3041729512317747,Moderate
31.41092623999998,-0.0211947173551791,-0.0411834025925696,0.0481131808000907,Low
38.14613465000002,0.2828076342586401,-0.0980898802904428,-0.2693725542091233,Moderate
37.33777292000002,0.2830794504181601,-0.0907071220007617,-0.2623420511313546,Moderate
31.65360566000004,0.0081681494199053,-0.0567704640890003,0.0118055024350442,Low
34.58968484000002,0.2333169496011191,-0.0846939114820603,-0.2421934501142422,Low
38.09315534000001,0.2453388813315195,-0.0838498502681245,-0.2323224324966347,Moderate
33.25665704000005,0.2038632705236246,-0.1268779082650122,-0.1684587813620071,Low
38.57851418000001,0.2194330149862217,0.0059084194977843,-0.2268428848125783,Moderate
34.54183255999999,-0.0080203045685279,-0.0430187873612297,0.0350582658502863,Low
40.13371328000005,0.1872509960159362,-0.0353790131293221,-0.1834427982281961,Moderate
35.00839229000002,0.2672007633739538,-0.0629314657328664,-0.2480714257743666,Low
35.35873934000006,0.2878138799182759,-0.093942447654238,-0.2917727167553631,Low
36.82848794000006,0.2577918849669203,-0.0814809943443377,-0.2636877089176624,Moderate
38.49135467000002,0.2054844092398625,-0.0254472073058111,-0.207086059386009,Moderate
30.554712230000007,-0.0385864880991845,0.0256341340500587,0.1025775907417148,Low
38.20595000000003,0.3168026363380621,-0.1695877208638229,-0.2897968823807274,Moderate
31.233189200000027,-0.0223281143635125,0.0288071409250743,0.087373705280549,Low
37.08825746000002,0.261805064621966,-0.1285667963683527,-0.2421706311675797,Moderate
37.62317759000001,0.2443806605511704,-0.0433849356055678,-0.2402435488547405,Moderate
33.03619475000005,-0.0343498399079859,-0.0166584846997218,0.0688807625442119,Low
30.756375410000032,-0.0283960092095165,0.0159845899090939,0.10151814366823,Low
36.493521980000025,0.1777421608515185,-0.0708467229653987,-0.1819194127108508,Moderate
42.22725052999999,0.1666892486958878,-0.0255623874108591,-0.2041533378782316,Extreme
29.667736040000023,-0.0039939402286186,0.0189907759088442,0.0919136112506278,Low
30.740994320000027,0.0251462525651627,-0.034589348088158,0.0203711291927647,Low
35.750102630000015,0.2246428421802337,-0.0997573317782501,-0.2012163800365735,Moderate
36.03038027000002,0.2544333910034602,-0.1066136724960254,-0.2393127392504228,Moderate
39.95597624000004,0.2275359049552598,-0.0343079798523774,-0.2189658390890423,Moderate
37.33093688000002,0.3183685030448945,-0.094307461721574,-0.2970600529469137,Moderate
31.12723058000006,-0.0428151083888788,-0.0063131313131313,0.1050976869526162,Low
37.18396202000002,0.2973932754061201,-0.0972936703198389,-0.2839810816368497,Moderate
32.17998074000002,-0.0069766174306426,-0.0406991688801302,0.0374577345731191,Low
35.66465213000004,0.2389541875169711,-0.0939512261953692,-0.2224752645781103,Moderate
35.16391220000003,0.2559598946874887,-0.0373856832196371,-0.2607798414250027,Low
36.22008038000001,0.2838578186645725,-0.1479828125261239,-0.2574306382199432,Moderate
39.71329681999998,0.2119261020669471,-0.0295872700149179,-0.2200493499797444,Moderate
35.396337560000006,0.2801986729269334,-0.1532841612192819,-0.276434402445158,Low
31.559610109999998,-0.0148781452520765,-0.0293762319577796,0.0515832332522921,Low
36.54821030000005,0.2900614714978428,-0.089900325795942,-0.2749707558205351,Moderate
35.69712332000006,0.3343278016035801,-0.1430579515685898,-0.2990124891083358,Moderate
30.80251868000005,-0.0277163962371361,0.0065157086639571,0.0555623696798724,Low
37.46423966000003,0.1624311732316815,0.0520407575844798,-0.1945593035908596,Moderate
32.337209659999985,0.022561512046996,-0.0547391838885311,0.0157611516293807,Low
35.621926880000046,0.266829841771542,-0.0865691379452847,-0.2507278089620398,Moderate
39.46719938000001,0.2310437109723461,-0.0363645466530932,-0.2132223654905638,Moderate
33.8821547,0.2733012002646253,-0.1259799087368579,-0.2509795910787573,Low
37.24548637999999,0.3422843479860217,-0.2144711442454902,-0.3062466439949883,Moderate
30.402610340000024,-0.0189806075167324,0.0287811342553263,0.0926349206349206,Low
30.77175650000004,-0.0283096889115083,0.0103025983282576,0.0567529179274995,Low
34.56575870000006,0.0183100867036458,-0.0576094859891492,0.0112165660051768,Low
29.64039188000004,-0.0117327907765344,0.0152723340992025,0.0813264405497415,Low
30.459007670000005,-0.0048035387220513,0.0255143475906876,0.0796714710300086,Low
35.38950152000001,0.3207291097246046,-0.1538436203148672,-0.300335912996678,Low
31.50150377,-0.0312703398703908,-0.041784594783773,0.0592503022974607,Low
34.56917672000003,0.3860131583527691,-0.1638702133878982,-0.3535951045385007,Low
30.322286870000028,-0.0146941880164574,0.0296901600272386,0.0806503645396477,Low
31.07083325000002,-0.0121646104736433,-0.0440094827062184,0.0444265168164241,Low
36.22862543000002,0.2908193720402722,-0.0981447626785835,-0.2603500864530919,Moderate
32.851621669999986,-0.0280043417584121,-0.0212779823389488,0.0598152147828173,Low
38.359760900000026,0.305860670844084,-0.102611185459525,-0.2942207934536421,Moderate
36.81139784000004,0.2881762906161651,-0.1262655334710324,-0.2543651242599087,Moderate
32.32695560000002,-0.0029351016414827,-0.0686240242339508,0.0313399339933993,Low
30.52224104000004,-0.0336215177713736,0.022712046094064,0.1055036026368235,Low
33.46002923000003,0.0760918744843371,-0.0737485061744788,-0.0514380818640453,Low
39.50821561999999,0.1910147536492779,-0.0515150468161558,-0.1826837135196052,Moderate
39.901287920000016,0.1256336140086297,0.0157148613502326,-0.1161882607070161,Moderate
30.85037096000002,-0.0332227992241756,-0.0004532211071544189,0.0657799274486094,Low
39.42618314000004,0.2409753941358479,-0.0221480582524271,-0.2469003293978311,Moderate
31.55106506000004,-0.0755785327424913,-0.0089339692349029,0.1045665911529748,Low
35.89195046000003,0.3344960664984414,-0.1329111930189333,-0.3001446131597975,Moderate
38.36146990999998,0.2268897707058662,-0.0331182512509876,-0.2266739631786733,Moderate
33.560860820000016,0.2902162245054439,-0.130390971382507,-0.2767071320182094,Low
36.69860318000002,0.257254255079853,-0.0942669755604137,-0.2510165255343753,Moderate
35.39462854999999,0.1399961762737788,-0.0725335012141379,-0.1279735161976826,Low
39.72867790999999,0.1407379375591296,-0.0180000675424673,-0.1653232821107567,Moderate
30.995636810000008,-0.0462139292688218,-0.0078936163243916,0.0880749170222854,Low
33.45490219999999,0.3011370533727188,-0.1743544793835141,-0.2650732762860234,Low
36.052597400000025,0.3646334639059876,-0.2280601624924461,-0.3305567175308732,Moderate
31.50150377,-0.0168739992609927,-0.0232677392474841,0.0564175311050034,Low
39.31851551,0.1703439203157301,-0.0410926842316437,-0.1688282437733441,Moderate
40.66692440000003,0.2131387880480312,-0.0151599240543303,-0.2241203198196611,High
33.314763380000045,0.322533626081662,-0.1424746178734798,-0.2959681793527391,Low
35.23739963000003,0.2590045781316075,-0.0906252986334533,-0.2561407370718911,Low
36.42857960000004,0.081665868836764,-0.0660501981505944,-0.0676116229624379,Moderate
38.28798247999998,0.2731002856108451,-0.1052208835341365,-0.2579696319262262,Moderate
42.28364786000003,0.1198452097095727,0.0274463209708902,-0.1133391625376469,Extreme
37.7616074,0.284073116900266,-0.0918802733309807,-0.2663243665587677,Moderate
36.47301386000004,0.2245481294661622,-0.0967547624425871,-0.2126711901094784,Moderate
34.519615430000044,0.3582274558413387,-0.2530464925133116,-0.3203547154180709,Low
38.60585834000005,0.2163636363636363,-0.0470195971692977,-0.2165078863106297,Moderate
29.431892660000017,-0.0150549301505493,0.0273890042188441,0.0802938196555217,Low
36.77379961999998,0.2967464041227597,-0.1075053374938413,-0.2857197330791229,Moderate
38.24354821999998,0.1512320158756408,0.0687267984348349,-0.1697542533081285,Moderate
32.02275182000005,-0.0174995885676669,-0.0615220483641536,0.0438310821632587,Low
34.11458005999998,0.0142042146932122,-0.0264537795321981,0.0109565711041725,Low
36.45592376000002,0.0892225201072386,-0.073621901590825,-0.0653171460786113,Moderate
45.633307460000026,0.0969782404395286,0.0501838666770988,-0.1184448129721761,Extreme
32.57647106000002,0.0009354536950420954,-0.0390240941919038,0.0264153089368477,Low
33.101137129999984,0.0214644462067142,-0.0775193798449612,0.0035071432255402,Low
35.73643055000002,0.329215682548129,-0.1551496333487481,-0.2933301281458607,Moderate
36.32262098000001,0.2336294532466343,-0.0493105865856508,-0.2243451071642822,Moderate
35.97740096000001,0.2253967035708118,-0.1070010920247525,-0.2027571659949527,Moderate
30.84695294000005,0.0025467153508637,-0.0192787621662091,0.0477661527700871,Low
29.763440600000024,-0.0123712765222199,0.0308579179382841,0.0873091907772881,Low
35.69370530000003,0.2363940831705274,-0.0249206768905341,-0.2432345748306138,Moderate
36.637078820000056,0.2153193842750484,-0.1324887266480567,-0.1790744466800805,Moderate
37.54969016000001,0.2327440248848289,-0.1031712473572938,-0.2166951655526193,Moderate
37.28650262000002,0.355733953285626,-0.2083400783501149,-0.3182861785171841,Moderate
37.671029869999984,0.1959294333282419,-0.0363494978574146,-0.1987904537712196,Moderate
29.763440600000024,-0.0187787084571737,0.0266032299135562,0.0922951946510029,Low
40.48918736000002,0.1532857968780111,-0.0425057487283116,-0.1548882627658342,High
31.21439009000005,-0.0331222886622112,-0.0366436203645506,0.066425154954292,Low
36.60289862000002,0.3498846929950994,-0.1739525555451098,-0.3238391405753056,Moderate
39.31167947000006,0.157768013001866,-0.0101537061027274,-0.1585118557632461,Moderate
29.712170300000025,-0.0189830508474576,0.0214377493744505,0.0910804020100502,Low
34.673426329999984,0.2803715038075581,-0.0726988149362748,-0.2889485939459072,Low
37.04040517999999,0.264601398067153,-0.0844470649895178,-0.2527339463427555,Moderate
30.61965461,-0.0275160196004523,0.0233662548608004,0.1022396558269011,Low
35.08017071000006,0.2892286099045957,-0.1023499456706832,-0.2757746954710111,Low
31.56815516000006,-0.0505732484076433,0.0142186363335758,0.1246182757810664,Low
34.893888619999984,0.2900425603640807,-0.1735796979222571,-0.2643099033616916,Low
35.53647638000001,0.3214025484725159,-0.0971197544708729,-0.3057619022531303,Low
35.69541431000005,0.2353820140773072,-0.0924422344698089,-0.2231652715592758,Moderate
34.994720210000025,0.2589713939072245,-0.075585067616811,-0.2367685947335096,Low
29.72242435999999,-0.0050092637068551,0.0166824901668249,0.1006078650291527,Low
33.430976060000035,0.0541779422322858,-0.0716370985852234,-0.0234303790681464,Low
39.115143320000016,0.1967434502450129,-0.042940246813948,-0.1959128590707538,Moderate
34.31453423000005,0.3285412575493719,-0.1394432439303419,-0.2968280950486455,Low
31.896285079999984,-0.0456689152886394,-0.0217307938131151,0.073758618691697,Low
31.63651556000002,-0.0332668425455247,0.0113187680968675,0.1171700552356328,Low
38.56142408000005,0.2308550482110128,-0.0697046296616918,-0.229483403645626,Moderate
36.73961942000005,0.2890306710738719,-0.0827441485068603,-0.2654893970266395,Moderate
37.70521007000002,0.211180934976784,-0.077755284903594,-0.1950909860347016,Moderate
41.01214442000003,0.1101397880499773,-0.007032243584948,-0.1100024738187515,High
32.93194514000004,0.0275465104327269,-0.0891757912512937,-0.0032615786040443,Low
34.502525330000026,0.3064719118263987,-0.2096398305084745,-0.2682845560059976,Low
36.182482160000006,0.2602671470458596,-0.0933727928706813,-0.2627839545288707,Moderate
31.841596760000016,0.0609102730819245,-0.097089989780001,-0.0320295501695086,Low
30.76321145000003,0.0115797934093412,-0.04200907641359,0.0339985218033998,Low
44.406238280000025,0.0845436991016707,0.0537303593011756,-0.0868705565605149,Extreme
31.06228820000001,-0.0381274451296333,0.0203943814154511,0.0992859360447066,Low
34.924650799999995,0.0665556802142521,0.0436786085150571,-0.094237338482103,Low
36.29014978999999,0.3756055061857466,-0.1575999296167043,-0.3485360937446619,Moderate
35.42368171999999,0.2996946239613663,-0.1364610177911634,-0.2711455312646512,Low
33.36603367999999,0.3633189870144264,-0.1553489245796938,-0.3268255851580196,Low
30.27956161999998,-0.0490850234524674,0.0208163265306122,0.1174739423666462,Low
35.72275847000003,0.2731181970014014,-0.0998374738797306,-0.2588360350783949,Moderate
38.75966924,0.2358249876242336,-0.0947176684881603,-0.2210851079840469,Moderate
31.28104148,-0.0392229646127196,0.0019921598868967,0.1047959418953193,Low
29.60621168,-0.014016765150474,0.022745845818578,0.0877884432013222,Low
32.49785659999998,0.0363378207824989,-0.0761795543905635,-0.0093989294952237,Low
33.29425526,0.3151535940239347,-0.1436573038362747,-0.2856078387541448,Low
41.51117534000002,0.1329808865392436,0.0338130743887636,-0.1284834737524303,Extreme
33.22247684000001,0.3655722836930891,-0.1744407350784687,-0.3295892056091272,Low
38.328998720000016,0.2640781888290764,-0.0900770395733192,-0.2457671758597336,Moderate
43.50559000999999,0.1018047661780835,0.0579228264020325,-0.1533242876526458,Extreme
34.760585839999976,0.3363116647105592,-0.1773967576222563,-0.3029643028535568,Low
35.902204520000055,0.2193606028823369,-0.0621595100328223,-0.2039736115372813,Moderate
31.45877852000001,-0.0424475200317859,0.0130366527882055,0.0983351000810625,Low
32.08769419999999,0.0487649443014096,-0.0514183490927677,-0.0290130558751438,Low
38.209368020000056,0.2103473590664966,-0.045682906881645,-0.2008126808885822,Moderate
31.199009000000046,-0.0254824178040744,0.0124011992368492,0.0902014939426275,Low
41.95039091000001,0.1572161402543289,-0.0148054947517192,-0.1518957624134288,Extreme
33.47199230000001,-0.0168589174800354,-0.055652076444544,0.0502218636546994,Low
29.879653280000014,-0.0160347873352357,0.0177033168283253,0.1009436304941644,Low
37.30701074000001,0.3391787544201486,-0.1485779717141707,-0.312794029217219,Moderate
39.409093040000016,0.1742721217887726,-0.0481010938243087,-0.1644776570048309,Moderate
35.594582720000005,0.2104135637483933,-0.06507962155078,-0.19712654115463,Moderate
42.18281626999999,0.0627766064543088,0.0265662241862245,-0.0750283397698234,Extreme
42.02387834000001,0.1983664351286257,-0.0272275746514272,-0.229259909055104,Extreme
37.271121530000016,0.2577067181066142,-0.0302505431727365,-0.2526879733973767,Moderate
38.674218740000015,0.147568860154105,0.0163670593951172,-0.2036637931034483,Moderate
30.108660620000023,-0.0212721873057531,0.0271847326148143,0.1008248730964467,Low
32.47393046000002,0.0331401850157568,-0.0936188529000322,-0.007334720983249,Low
37.87098404000005,0.2014190586405114,-0.0471245742253381,-0.2212280160444307,Moderate
40.86858758000005,0.1895435098323978,-0.0327483387289146,-0.1912735849056603,High
35.40659162000003,0.3342870049691311,-0.1577709544652773,-0.2977920984218813,Low
30.88113314000003,-0.0171206933123238,-0.0270082006142545,0.0539026951347567,Low
31.26053336000001,-0.039161703562198,-0.0409349605867851,0.0628048446319943,Low
32.10649331000002,0.0479669271718201,-0.0506145854032418,-0.0036065840496786,Low
32.63799542000004,-0.0366562633865736,-0.0232709308372334,0.070720188902007,Low
32.44316828000001,-0.0449278789311894,-0.0253871541000253,0.0688721111175148,Low
29.39429444000001,-0.0141751694857221,0.0329817961980251,0.087879363872521,Low
28.536371420000023,-0.0137695978186775,0.0230925050641458,0.096540527038841,Low
42.15718112000002,0.1187514667918329,-0.0066164566762863,-0.1195396899953029,Extreme
36.71911130000001,0.2137550160912233,-0.0535227782184363,-0.2076612903225806,Moderate
37.87098404000005,0.2401652461944992,-0.0927753910733611,-0.2296394700911472,Moderate
37.81971374,0.2941759792516877,-0.0997601607571141,-0.2778007908115232,Moderate
37.35486302000004,0.2734096595647888,-0.1287341644544507,-0.2589483152805367,Moderate
31.205845039999986,-0.0444264440152034,0.005576449228375,0.1138845553822152,Low
37.38391619000004,0.2251888978915038,-0.060371819960861,-0.2330419282043502,Moderate
30.594019460000027,-0.029359579525292,0.0275038572482726,0.1041003615239625,Low
37.27283054000003,0.1853889515219842,-0.125690548584643,-0.1606835342429461,Moderate
29.71558832000005,-0.0179632631010264,0.0252697902004155,0.0939563862928348,Low
33.9846953,0.3662011969222,-0.172879904584238,-0.3280698109287346,Low
39.785075240000026,0.1751937984496124,-0.0249323923224061,-0.1807750759878419,Moderate
38.65029260000006,0.3193323677494999,-0.0912306222279268,-0.3325902575802434,Moderate
39.57315800000004,0.1774266365688487,-0.0388024031599561,-0.1693756305346934,Moderate
37.864148,0.3397459704374954,-0.137550454086781,-0.3077397136124705,Moderate
38.78872240999999,0.1440584287406237,-0.0202256684680244,-0.1468202144920653,Moderate
32.22441500000002,0.0053422922288924,-0.0648699101621747,0.0274388619532207,Low
33.762523999999985,-0.0492628550880978,-0.0226261844904273,0.0872792129336632,Low
29.97535784000001,-0.0137304460687205,0.0202890683314107,0.0778271005652604,Low
33.48566438,0.1955478051195935,-0.0907448145820238,-0.1634855119529007,Low
42.22554151999998,0.1537643798170014,-0.009064948864391,-0.1594208427920108,Extreme
32.22783302000005,-0.0251662971175166,-0.0504121371401266,0.0684394533319207,Low
36.28502276000006,0.3439114116903868,-0.1643165282338548,-0.3168991006080909,Moderate
39.21768392000001,0.1860229639111247,-0.03876980740592,-0.198316797282168,Moderate
39.94743119000003,0.1610778443113772,0.0882802398025155,-0.1938276830723053,Moderate
36.02354423000003,0.1692289142099234,-0.0144366565540328,-0.1578277049212951,Moderate
39.65177246000002,0.1587490531327778,-0.0036554503702315,-0.1778682213177868,Moderate
33.642893300000026,0.0906789973229496,-0.0363997964941492,-0.0606835179399791,Low
31.00589087000003,-0.0392824996785392,0.0040655825113303,0.1030073833963623,Low
35.387792510000054,0.2421542940320233,-0.1206990141658932,-0.2341779474719426,Low
39.48428948000003,0.2123241795043536,-0.062169905761331,-0.2001716202511896,Moderate
39.83463653000001,0.1767565601852738,-0.025315189113468,-0.1840539239287433,Moderate
35.64243499999998,0.3789591181805497,-0.1664453689770145,-0.3440772473820209,Moderate
37.56336224000006,0.2465361445783132,-0.0136860475796821,-0.2435863726852721,Moderate
33.09088307000002,0.1026379836070159,-0.0912815969434369,-0.0772342169991801,Low
40.08586100000002,0.0999882504993537,0.031316824170518,-0.1208843836053797,Moderate
34.34529641000006,0.281591737545565,-0.097394046786858,-0.2726278679561865,Low
29.39771245999998,-0.0073757496381057,0.0315421346425448,0.0901048906862125,Low
36.91052042000001,0.2589453860640301,-0.1804791909138339,-0.2358823529411764,Moderate
32.08427618000002,0.0379573571992629,-0.095759462013005,-0.0144584512477489,Low
34.00178540000002,-0.045451872758276,-0.0303376491495303,0.0753018910913647,Low
30.501732919999995,-0.0237436536649135,-0.0095256059605771,0.084737067122702,Low
32.13212845999999,-0.0416841098020453,-0.0173968253968253,0.1023974904772574,Low
37.00451597000006,0.2506033418691623,-0.0585868666864191,-0.2468591580339431,Moderate
34.22395670000003,0.3075384847570178,-0.1298946887939747,-0.285327497960092,Low
39.06729103999999,0.1596686842943612,0.0415229468917033,-0.2015844198712658,Moderate
39.91325099000005,0.175887306209176,-0.0452605806225953,-0.1802993799123188,Moderate
31.69120387999999,0.0121391521603345,-0.0685206422018348,0.0241667321236875,Low
39.81071039000005,0.150854585439253,0.010581133076821,-0.1660835401966341,Moderate
35.56894756999998,0.3417879723570063,-0.1516461327317758,-0.3155533130304723,Moderate
36.60289862000002,0.1805611222444889,-0.0691470054446461,-0.1599425049717447,Moderate
34.10774402000004,-0.0328044717971881,-0.056298945550965,0.0607007731534791,Low
38.50331774000006,0.2671704823294065,-0.063321831576984,-0.2623537660995682,Moderate
33.34381655000004,0.3663882695287404,-0.2095139330277991,-0.3247838194342664,Low
40.58147389999999,0.2157781683264987,-0.0349413211875394,-0.191578947368421,High
31.77152735000004,0.0031514151915883,-0.0483548277878666,0.0336766249609895,Low
35.02377338000002,0.3203700207664716,-0.1371987902832428,-0.2993961913608918,Low
38.26747436000005,0.2423268372426207,-0.0512278520360584,-0.236942209217264,Moderate
35.60483678000003,0.2744676114862358,-0.0982974982015826,-0.2662231150592528,Moderate
31.616007440000036,-0.048088340061743,-0.0091258103090188,0.0967269449608472,Low
38.09315534000001,0.3429339213119272,-0.1499542732395197,-0.3143165419111201,Moderate
39.92521406000003,0.2242157569320639,-0.0203926776059945,-0.225563909774436,Moderate
34.92806882000002,0.3584711294247198,-0.1785026424862482,-0.3297981466349079,Low
34.000076390000004,0.3622334405260227,-0.153896489279138,-0.3353644576721906,Low
38.298236540000005,0.0932203389830508,0.0690421727504107,-0.1388932681696358,Moderate
38.44179338000004,0.1892653326591057,0.0307615318948514,-0.2029520295202952,Moderate
41.57269970000005,0.1650353016688061,0.0100555612366636,-0.1721354481979255,Extreme
30.527368070000023,-0.043366801965392,-0.0095655254597571,0.0960579058165354,Low
31.04861612000002,-0.0244622282762926,-0.044228432563791,0.0676936428726404,Low
30.648707779999995,0.0186277841277686,-0.0282524635150305,0.0276311521335259,Low
32.66021254999998,0.0053169954926992,-0.0485600878304197,0.0217973633068963,Low
38.31361763000001,0.2049046127562642,-0.060076093253378,-0.2017394391196308,Moderate
37.50183788000004,0.2729516472831981,-0.0666499545639708,-0.2725709372312984,Moderate
39.46719938000001,0.3149230769230769,-0.124716254893575,-0.2968175093881576,Moderate
38.20082296999999,0.1623641304347826,-0.0600808880475002,-0.1699367509354403,Moderate
33.425849029999995,0.2618716298486693,-0.2222222222222222,-0.2220678037481575,Low
36.1893182,0.3073115003808073,-0.1248361730013106,-0.2757813370991118,Moderate
38.49306367999998,0.2576133543875479,-0.0890444408269575,-0.2464599791325085,Moderate
35.12631398000002,0.3352863849765258,-0.1246006389776357,-0.3034647112740605,Low
35.625344900000016,0.168465337479422,-0.1105219696640445,-0.1429593845052782,Moderate
32.05693201999998,-0.0011787819253438,-0.0584106590530573,0.0397193739881273,Low
35.676615200000015,0.3272971160295104,-0.111554903735139,-0.2929006968641115,Moderate
30.935821460000057,0.0085532302092811,-0.0345986309894212,0.0443179858596309,Low
33.97444124000003,0.1265001167406023,-0.0772047331993748,-0.1125253643239254,Low
35.09213378000004,0.2373066355527118,0.0101472403721658,-0.2369341912179704,Low
33.80695825999999,-0.0504097635752608,-0.0263174663862868,0.0880987430642056,Low
35.88340541000002,0.2893419099455715,-0.097809234917425,-0.2671464695584516,Moderate
41.18646344000001,0.1684920294656429,0.0335267569310122,-0.169677343841442,High
34.81527416000006,0.3593733117233927,-0.1674115773031657,-0.3315810827497398,Low
37.18054400000005,0.2472074205644365,-0.0683662428996483,-0.2309310479158551,Moderate
31.216099100000008,-0.0421791486895485,0.0147711465854143,0.1085406053341324,Low
36.67125901999998,0.2231953393263629,-0.0645356255456316,-0.2218282719284723,Moderate
36.36021920000002,0.261766862170088,-0.0755050071083753,-0.2555306304827561,Moderate
40.913021840000056,0.2034383954154728,-0.0345480957493841,-0.2013641864388133,High
36.346547120000025,0.0552133743950725,-0.0815015218126479,-0.018579467034717,Moderate
38.622948440000016,0.1501916215144707,-0.0097160590504364,-0.1678631331767863,Moderate
38.68789082000001,0.1782656672120543,-0.0449836331117335,-0.18389662027833,Moderate
32.63286839,0.4414608288368118,-0.2293491315906668,-0.3965781566198565,Low
36.81481586000001,0.196277293879012,-0.0253281063575933,-0.1997606701236537,Moderate
37.741099280000014,0.0989811950306937,0.0768833077100991,-0.1661882745226104,Moderate
33.65314736000005,0.3777473023205456,-0.1982799209014721,-0.3330539842167749,Low
40.19011061000003,0.2101248784865026,-0.0095918399176505,-0.203398338011935,Moderate
36.001327100000026,0.2836683019465105,-0.0743352869110294,-0.2521611608521149,Moderate
32.73028196000001,0.0063237774030354,-0.0589768473589352,0.0161772282328696,Low
36.25084256000002,0.3126374042908043,-0.1370128377712841,-0.2781427622351812,Moderate
33.22931288000001,0.1174746799650403,-0.1098289507275976,-0.0914934217133674,Low
33.388250810000045,0.1027029445985858,-0.0759322329927517,-0.0877107795532797,Low
33.824048360000006,0.1042776827181618,-0.0902596775750555,-0.0727583586626139,Low
33.03961277000002,0.3087663961226295,-0.1644477908210411,-0.2751906751869272,Low
33.948806090000005,0.1110820130068526,-0.0644142919863686,-0.0944110060189166,Low
34.12141610000003,0.236481094432833,-0.0859212041316935,-0.2097709696609161,Low
31.578409220000022,0.0402493562813389,-0.0623045199147499,-0.0078781512605042,Low
37.21472419999998,0.2761778056033808,-0.1190255618459427,-0.249147803439427,Moderate
37.01647904000004,0.2255242241892752,-0.0778122967993642,-0.209600259466472,Moderate
33.26349307999999,0.0351534119488067,-0.0528649386084583,-0.016798418972332,Low
36.50719406000002,0.1901455270739454,0.0491058254146255,-0.1867702847040624,Moderate
41.64276911000002,0.0699576208020103,0.0409635794456745,-0.0800085984522785,Extreme
38.69301785000005,0.2033330065679835,-0.0445378580302592,-0.1976505941811228,Moderate
36.22349840000004,0.1424702058504875,-0.0379788368468542,-0.1393328231215954,Moderate
43.29879979999998,0.2169343942350998,-0.0510551395507147,-0.2143820224719101,Extreme
37.10534756000004,0.2717412208161852,-0.1337265121382526,-0.2403496267396931,Moderate
29.70191624000006,-0.0082599494846064,0.0262081908975132,0.0931901878784095,Low
35.19809240000001,0.2966847544724177,-0.1179329498115453,-0.274591477090676,Low
35.66977916000002,0.2187247462304129,-0.0509033431344222,-0.2081989956425738,Moderate
30.88455116,-0.0194520547945205,0.0143211236573946,0.080125939728844,Low
36.38414534000003,0.2704377689180121,-0.0946938775510204,-0.2563532029511652,Moderate
37.26599450000003,0.1963542698632851,-0.0389208162703465,-0.1872271815643556,Moderate
30.457298659999992,-0.0220332933121329,0.013970227384263,0.0856744129603786,Low
30.67263392000001,-0.036847398738228,-0.0162721893491124,0.0889119529493167,Low
32.303029460000005,0.0093406289725308,-0.0448563908914063,0.0157908919428725,Low
40.10978713999998,0.2504147216542571,-0.0870673463911993,-0.2404133180252583,Moderate
43.127898800000025,0.1670849293356227,-0.0076733842720059,-0.1718832891246684,Extreme
34.12141610000003,0.2364139277578913,-0.1145088549114508,-0.2211152177406395,Low
31.18704593000001,-0.017020023557126,-0.0271068582505153,0.0615652760598223,Low
31.123812560000037,-0.0271453852845016,-0.0304358876604397,0.062953225666657,Low
39.24844610000002,0.3056575547395621,-0.0713050270602019,-0.3007045115837962,Moderate
39.316806499999984,0.1632669712793733,0.0304987929686171,-0.17568960540964,Moderate
36.33629306,0.2049640757674722,-0.0502106341796652,-0.2052114831821405,Moderate
31.137484640000025,-0.0170714781401804,0.0205379987552728,0.0787642276422764,Low
31.192172959999997,-0.0151094247577749,0.0246259142454539,0.0707664770184747,Low
35.94322076000003,0.089221155991966,-0.0506737848193912,-0.0693659348845361,Moderate
36.82848794000006,0.2935538500342305,-0.0806092348443802,-0.2855403566568789,Moderate
40.08586100000002,0.1830742659758203,-0.0258679373723621,-0.1738588565197071,Moderate
29.486580979999985,-0.0044768923479578,0.0301932367149758,0.0907718437441026,Low
33.90778985000003,0.2863978663319736,-0.0954392879210434,-0.2562914160953001,Low
33.86164658000001,0.2961598359099023,-0.1417673235855054,-0.2703447248901794,Low
32.41924214000005,-0.0125938894222623,-0.018940497698001,0.0326970954356846,Low
37.87440206000002,0.245171512997302,-0.1457167625502403,-0.217791924945552,Moderate
31.09646840000005,-0.0367471929227628,-0.0480656506447831,0.0681369321922317,Low
39.556067900000016,0.1550324360020199,-0.0456095931357034,-0.1577758741531033,Moderate
39.90299693000003,0.2002391334927556,-0.0864063917492957,-0.1962426833970067,Moderate
38.96475043999999,0.2552304426925409,-0.0583873957367933,-0.2400029953571963,Moderate
39.26895422000001,0.1776508389860764,0.0004848191018726138,-0.1979227193492155,Moderate
28.796140939999987,-0.0210675102645217,0.0222521008403361,0.0921914986580113,Low
29.73951446000001,-0.0139685538835279,0.0255418472824274,0.0897084475454772,Low
41.11810304000005,0.1519620853080568,-0.0253269214544841,-0.1574696660888778,High
29.616465740000024,-0.0147561142232545,0.0193785272319303,0.0862899138367967,Low
37.50183788000004,0.2482400206405956,-0.0764438511172562,-0.2441587068332108,Moderate
30.527368070000023,-0.0316696395517113,0.0207276811544875,0.1072913434688178,Low
39.65519047999999,0.2560632754807512,-0.0814264966919477,-0.2579022449132818,Moderate
36.490103960000056,0.2530004616094783,-0.0907112242164479,-0.2395068305491076,Moderate
35.461279940000054,0.3220500421291717,-0.1387100845639278,-0.2998127071027229,Low
30.354758059999995,-0.0266149525210646,0.0278176657204875,0.1026170586603372,Low
33.73517984,0.111404833836858,-0.072242752303128,-0.0779937730566965,Low
38.09657335999998,0.1974691217700992,-0.04770113037425,-0.1958833100003783,Moderate
35.44077182000001,0.2719396635080255,-0.0841300191204589,-0.258168184252812,Low
30.83157185000005,-0.0289954730387943,-0.0232178980103257,0.0661853852088614,Low
30.708523130000003,-0.0387152622309781,-0.0259971963807824,0.0714491667147223,Low
33.51300853999999,0.2950559448681714,-0.1554005043003695,-0.272540515863958,Low
30.96487463000005,-0.0126864286156321,-0.0236766121270452,0.0681346923279109,Low
31.328893760000028,-0.0457414197271142,-0.006593963986812,0.108890884598114,Low
37.92909038000005,0.2388689389925629,-0.0886298582611994,-0.2297713194904359,Moderate
31.590372290000005,-0.0159305946011305,-0.0213019607843137,0.0548167934498577,Low
37.477911740000025,0.2147939635624364,-0.0466886747962002,-0.2154592395556251,Moderate
34.333333340000024,0.0025873221216041,-0.0657804263121705,0.0259740259740259,Low
30.94436651000001,-0.0244522633866532,-0.0350084697910784,0.0641327471280669,Low
30.720486199999986,-0.0403906742281033,0.0069122921421584,0.1098576730864774,Low
34.11799808000001,0.2632586420448147,-0.1180798936965368,-0.233964546937728,Low
29.842055060000007,-0.0132770477292844,0.0180906565485466,0.085908918884824,Low
31.45194248000001,-0.0374510899944102,-0.0020042671494148,0.1152594622366843,Low
42.60835975999999,0.0909480725526349,0.0297830149105746,-0.1096475924633635,Extreme
40.19865565999999,0.1533417601516827,-0.0534709193245778,-0.1434053884711779,Moderate
35.77061075000006,0.2545007853719441,-0.1020379281064251,-0.2320958841795059,Moderate
35.97227393000003,0.3241427653484433,-0.1568060422549586,-0.2955363776647425,Moderate
31.491249710000037,-0.0007532851602823424,-0.0526996443582282,0.033019249979751,Low
31.08963236,-0.0117769099340981,-0.0213477122946425,0.048080879327573,Low
37.520636990000014,0.2819903366583541,-0.0898159956276188,-0.2657395118010272,Moderate
32.05009598000004,0.019800394940492,-0.0704761904761904,0.0088183421516754,Low
45.20434595000006,0.0510114335971855,0.1017239970585832,-0.0914975576823795,Extreme
36.55675535,0.2868417647819899,-0.0658440623995346,-0.2735421087290554,Moderate
36.43541564000003,0.2354265310874796,-0.1097282504488486,-0.2156810326720006,Moderate
32.764462159999994,0.0072384294801491,-0.0465500541279699,0.0180165731087944,Low
37.51892798000006,0.2723604051065151,-0.0575713594581519,-0.2577675489067894,Moderate
35.676615200000015,0.1388956066102378,-0.011672037235947,-0.1416565656565656,Moderate
32.27910331999999,-0.0458844956230538,-0.0283036788450579,0.0722650671236789,Low
31.786908440000047,-0.0433757661480433,-0.0300799593857088,0.0679299454493252,Low
37.23010528999998,0.2752781097729153,-0.1259273689507946,-0.2548806745191699,Moderate
38.42812130000004,0.2397172981114587,-0.0851926977687626,-0.2321037884312747,Moderate
38.30507258,0.2515366245155228,-0.0702376966856377,-0.2303902701870525,Moderate
31.527138920000027,-0.0378937007874015,-0.0036578322530963,0.1118682566723452,Low
33.072083959999986,0.0773671129640022,-0.0869823123382226,-0.0507467354757995,Low
39.44327324000005,0.1933976044405492,-0.0706329445682086,-0.1911791507198833,Moderate
41.25140582000006,0.2412638160098247,-0.0892169028802821,-0.2341448975061052,High
33.32330843,-0.0234834766862833,-0.0402049427365883,0.0524379529980232,Low
37.05749528000001,0.1601065521628498,-0.0647715661947161,-0.1673234252795391,Moderate
40.656670340000005,0.2158950139362031,-0.0034984584418281,-0.2213559387941593,High
39.99357445999999,0.1734456055935644,-0.0533846257676992,-0.1781400966183574,Moderate
32.94049018999999,-0.0228156812977625,-0.0531949689274776,0.0494082284426075,Low
31.39896317,-0.0203319247963745,-0.0237424804812492,0.057586379569354,Low
40.05338981,0.162046614260102,0.0006607817556462954,-0.1704867932765771,Moderate
37.27624856,0.2006160390158043,-0.019301413361559,-0.2033960599823581,Moderate
39.38516690000006,0.2540929447177153,-0.0448025933514786,-0.2546916890080429,Moderate
29.712170300000025,-0.0136161477933629,0.0222463374932175,0.0863806324862158,Low
32.385061940000014,0.0608057829276071,-0.0761350156367949,-0.0159328073301094,Low
29.582285540000044,-0.0118680112506002,0.0213344204375594,0.0817289302562794,Low
31.46219654000004,-0.0168254361004577,-0.021727950629982,0.0562318152128733,Low
38.23671218000004,0.162117903930131,-0.0156750494104818,-0.172725841989298,Moderate
32.574762050000004,0.0770022588854259,-0.0812377999770352,-0.0320865872037265,Low
37.45911263000005,0.2718281441626775,-0.1016379960249468,-0.2537732537732537,Moderate
41.82221516000004,0.2129513343799058,-0.0349608197709463,-0.2070298769771529,Extreme
32.709773840000025,0.3197608415953984,-0.1470481828646604,-0.3043120535547328,Low
35.26303478,0.4159470447901616,-0.1904291081668973,-0.3848631239935587,Low
35.40659162000003,0.3352760180995475,-0.1158942400774443,-0.3094659117130229,Low
28.744870640000045,-0.0180277142472756,0.0228915662650602,0.0946976744186046,Low
36.49694,0.3087578194816801,-0.1073200699399839,-0.2988433539041425,Moderate
34.72982366000002,0.1928871326253396,-0.0168421052631578,-0.2084926904242771,Low
30.52565906000001,-0.0123448203915568,0.0217001928906034,0.0875445754489671,Low
37.75135334000004,0.2316124334061553,-0.0604930530345533,-0.2185355124947859,Moderate
30.655543820000048,0.0047571975781539,-0.0160247399493955,0.0412945441683614,Low
31.817670620000055,-0.0099087063014918,-0.059699714013346,0.0448931371496079,Low
37.75477136000001,0.2101600283096764,-0.0673093595034157,-0.1999688097001832,Moderate
29.74293248000004,-0.0058399175541051,0.0210405249983086,0.0753402773340149,Low
42.53999936000002,0.1181443051159809,0.0452897311349798,-0.128041387115027,Extreme
33.565987850000056,0.399517561117479,-0.2200381793235101,-0.3611194303018202,Low
38.61611240000002,0.2585471683997905,-0.0882333915518468,-0.2376678315247379,Moderate
37.08142142000003,0.3477030567685589,-0.118332560296846,-0.3233397365532382,Moderate
29.93434160000004,-0.0191513839074237,0.0212047541869259,0.0828904074917742,Low
31.270787420000037,-0.0570069791859675,0.0068301567683601,0.1119641714651311,Low
31.93046528000002,0.0004956220056170494,-0.0488396259092483,0.0172553686374208,Low
31.920211220000056,-0.0279036489387073,-0.0268942495433646,0.0655126955923654,Low
34.58968484000002,0.2794358095463231,-0.1457906993155034,-0.2504428186368887,Low
34.23079274000003,0.2373276859423103,-0.0716893968987245,-0.2188290741921152,Low
32.40215204000003,-0.0225088136921083,-0.0262250482427003,0.0607446870114077,Low
41.796580010000014,0.1240556660039761,0.0110197656113346,-0.1350678551353087,Extreme
34.890470600000015,0.2331318412024179,-0.1222748815165876,-0.2078490988738423,Low
41.83930526000006,0.223957062698219,-0.0743807552287815,-0.2157512116316639,Extreme
32.16289064,-0.0255028941486618,-0.0430622009569378,0.0532293986636971,Low
38.14100761999998,0.1386428621242764,-0.016530211997634,-0.1497482483011161,Moderate
31.716839030000017,0.0075103867050175,-0.0426657846866214,0.0159456858205655,Low
32.4124061,-0.0060591517187593,-0.0313745019920318,0.0424781829740507,Low
31.267369400000007,-0.0456543397995663,-0.0192151217374976,0.0918520997155763,Low
32.64141344000001,0.0026150336616035,-0.0569534870080356,0.0256826169234928,Low
36.58239050000003,0.3107779260538504,-0.1177080892934837,-0.2885750665586294,Moderate
36.47301386000004,0.2904581757040773,-0.0828576925543513,-0.2743877127438771,Moderate
35.50229618000003,0.2567244701348747,-0.1185731435431315,-0.2370602181128497,Low
33.04132178000003,-0.0028100721802854,-0.0581150608044901,0.0279299602535181,Low
31.082796320000057,-0.0351276219358099,-0.0391314866336034,0.0846563665423548,Low
35.110932890000015,0.337166895008008,-0.1707778603771034,-0.3072990359763805,Low
41.42914286000001,0.1238582535526552,0.0062913088042978,-0.1312290019514354,Extreme
39.14761451000004,0.1632681315638535,-0.033128403302301,-0.1609261196533959,Moderate
32.135546480000016,-0.004620041421061,-0.078667203775105,0.0335155202639991,Low
39.69962473999999,0.3117338636774543,-0.1533765738267836,-0.2810679097362009,Moderate
30.59060144,0.0131261096073808,-0.0506776131115873,0.0294970447195271,Low
29.365241270000013,-0.0155566853075749,0.0214930602344697,0.0811426402201765,Low
36.45592376000002,0.3310713254403696,-0.1543951915852742,-0.2934862674944754,Moderate
35.300633000000005,0.3656126482213438,-0.1742072523137612,-0.3310401761144744,Low
29.71900634000002,-0.011395428181508,0.0176961149908468,0.0825153568488379,Low
36.82848794000006,0.2303636504613476,-0.0483615221987315,-0.230602194734189,Moderate
41.91791971999999,0.1150227379645601,0.0277236522749803,-0.1236567635903919,Extreme
40.28752417999999,0.1504081408543504,-0.0389421487603305,-0.1576116984050977,Moderate
29.82496495999999,-0.0178306092124814,0.0289797008547008,0.0948587078302004,Low
30.665797880000014,-0.0484431333988856,0.0259025634143068,0.1234299516908212,Low
39.40225700000002,0.2541726646694938,-0.0546703746114837,-0.24439297432928,Moderate
34.16414135000002,0.3511845020546518,-0.1543389633080955,-0.3167490957407544,Low
31.304967620000014,-0.0556877096675815,0.0004519336303182904,0.1102810183322797,Low
29.633555839999985,-0.0124045801526717,0.0216730808183107,0.0830274648778635,Low
34.61361098000003,0.2249810749432248,-0.0553707689297593,-0.2167832167832167,Low
34.429037900000026,0.3526525250183532,-0.1956284153005464,-0.3192146813882504,Low
30.69314204,-0.0039310902994565,-0.0447489691971865,0.0368382805075744,Low
38.13758960000001,0.1529666011787819,-0.0209279265174051,-0.1760250090176746,Moderate
38.80068548000003,0.1833023518952558,-0.0353947880202255,-0.1886823090038158,Moderate
33.198550700000055,0.3539036603427604,-0.1309983209120098,-0.3190868019170975,Low
35.38608350000004,0.2480788177339901,-0.0443184066477609,-0.2436189429042645,Low
42.42207767000002,0.2507576461838802,-0.0145688173016016,-0.2506878857737785,Extreme
34.02742054999999,0.2175526600191676,-0.0802351876978742,-0.1938418474457662,Low
41.55219158,0.114502065167508,-0.0043424317617866,-0.1404085466071848,Extreme
37.395879260000015,0.2158529537870738,-0.0729420280318483,-0.2019608204485561,Moderate
36.09361364000006,0.1331511496419148,-0.0945250989851181,-0.106713911002715,Moderate
39.42276512000001,0.3107458037722789,-0.1486019287923818,-0.2888011705856331,Moderate
37.607796500000006,0.2687435264122381,-0.0746389526251855,-0.2365274110886783,Moderate
42.228959540000005,0.1456188109046435,-0.0110020193579834,-0.1460709634131902,Extreme
36.75158249000003,0.3267839241775266,-0.1271212684256162,-0.3098335582546109,Moderate
40.11149615,0.1834331297618811,0.0050674828157142,-0.1833625079567154,Moderate
31.89286706000001,-0.0501526896875734,-0.0300598649853521,0.0770372061173248,Low
37.20105211999999,0.2410484393813096,-0.076653596451758,-0.231422427261198,Moderate
35.81333600000005,0.225153488372093,-0.0148876491076657,-0.2328141380859667,Moderate
32.25859520000006,0.1100033876978173,-0.0916186759316548,-0.0880455407969639,Low
39.897869900000046,0.2361469561257021,-0.0785125335276002,-0.2159336967072351,Moderate
41.94184586000006,0.0889303729594471,0.0235424012536951,-0.1038814623933,Extreme
40.36955666000006,0.2760088152595182,-0.0873239436619718,-0.2459928762243989,Moderate
30.22829132000004,-0.0486593843098311,0.0209170811473734,0.1208320587335576,Low
30.99392780000005,-0.0223017292784734,-0.0328839611944059,0.062094213883248,Low
36.68151308000006,0.3400922333650538,-0.1596617362936686,-0.3131769600459078,Moderate
39.68595266,0.2633179939162312,-0.0818916572039275,-0.2544144981412639,Moderate
33.024231680000014,0.3383568557158519,-0.1104276762251292,-0.2990878378378378,Low
34.89559763,0.2918739014995699,-0.1304319371727748,-0.2695134499485521,Low
34.550377610000055,0.3418879209917758,-0.1190603929529471,-0.3136340425531915,Low
35.65268906000006,0.3090854550226855,-0.1619903478116159,-0.2807513114934517,Moderate
31.944137360000013,-0.0400231013572047,-0.0333209001616312,0.0648663853727144,Low
41.16253730000005,0.1160386912036875,0.0247177296307598,-0.127973459448013,High
36.97204478000003,0.2622121966397013,-0.1057957681692732,-0.2424010412678968,Moderate
33.26862011000003,-0.0371841155234657,-0.0286706094111596,0.0661219725707616,Low
32.39360699000002,-0.008557992814791,-0.0231801055011303,0.0419418571831781,Low
37.54969016000001,0.1738494126709031,-0.0241427395373061,-0.1830532158521911,Moderate
38.178605840000046,0.1866197183098591,-0.0505508519607495,-0.1699080831590989,Moderate
32.303029460000005,0.0020943562610229,-0.0670814014906978,0.0311717376245537,Low
32.856748700000026,0.0271789052790835,-0.0709859154929577,-0.0030074394554951,Low
35.235690620000014,0.3739803094233474,-0.1490237591155022,-0.3463340683572216,Low
38.06068415000004,0.1455145756160412,-0.0280964856807299,-0.1348451305371068,Moderate
36.38414534000003,0.2288572768485227,-0.1077291622630874,-0.2135386515379568,Moderate
39.81412841000002,0.2568421835490108,-0.0459553134864145,-0.2569824091635985,Moderate
35.187838339999985,0.2175981494009558,-0.13480860757434,-0.1979902518626672,Low
34.98104812999998,0.2153692354500804,-0.07738840618799,-0.1870688374265033,Low
37.62659560999998,0.2614965233881163,-0.0786588970526138,-0.2527364745576523,Moderate
38.433248330000026,0.1739728349942542,-0.0236874958932912,-0.1732213792194589,Moderate
34.88363456000002,0.3403770227437024,-0.1928933172767614,-0.306143091956722,Low
30.42311846000001,-0.0366675653815044,0.0244368600682593,0.1223286661753868,Low
32.709773840000025,0.0147122929380993,-0.072140019575105,0.0247708824299554,Low
39.016020740000044,0.24361526648086,-0.0931271248583427,-0.2274411467495041,Moderate
38.54433398000003,0.179306492502041,-0.0597729554405745,-0.165237326993292,Moderate
41.43256087999998,0.1558688420719151,-0.0035068417795502,-0.1679871948779512,Extreme
37.55481719,0.3174662111985742,-0.1395079966600295,-0.2854167044034271,Moderate
39.26895422000001,0.2361035778139376,-0.0724157763563797,-0.2230327363797181,Moderate
34.336751359999994,0.3431539888682746,-0.1482679862961553,-0.3198424852329906,Low
31.69974893000005,0.0164066919906247,-0.0692665230699467,0.0146517276502389,Low
41.702584460000026,0.1893619449834493,-0.0345854707926526,-0.2052280525889655,Extreme
36.48668594000003,0.4183045187323894,-0.2838339945840418,-0.3649358909979578,Moderate
33.87019163000002,0.0698036458594887,-0.0987157666718242,-0.0429865361077111,Low
31.52030288000003,-0.0077059507063788,-0.0301260277451509,0.0440418323759021,Low
31.80058052000004,-0.0390790669494092,-0.0166014999038523,0.0626477541371158,Low
34.94515892000004,0.0431689056443476,-0.0847551211970625,-0.0092987413305933,Low
30.84695294000005,-0.0093246679853065,-0.0135877421220005,0.0556652899982043,Low
37.20447014000001,0.257754330826505,-0.0659563673262303,-0.2472543781537548,Moderate
32.08427618000002,0.0015104895104895,-0.0608592592592592,0.031329473513338,Low
32.06376806000003,-0.0509239495029578,-0.0226048100933105,0.0720333929636255,Low
34.06672778000001,0.2503059748544301,-0.0441030723488602,-0.262290785187404,Low
31.962936470000045,0.0376274127087399,-0.0764990437619529,-0.000627418174213113,Low
36.92590151000002,0.3427622768880817,-0.1343602777089015,-0.3103596426845205,Moderate
34.37093156000003,0.3518075417802756,-0.1919403375637838,-0.313437139561707,Low
32.930236130000026,0.068052475485612,-0.0654619116157577,-0.0452358539901683,Low
34.316243240000006,0.3810125693420406,-0.1614255765199161,-0.3506627292081588,Low
31.137484640000025,-0.0386271781620618,0.0246689520736707,0.1266401829782111,Low
37.95130750999999,0.2523047904998364,-0.0930134892237396,-0.2335722140067493,Moderate
38.209368020000056,0.3006451612903226,-0.1428976366793041,-0.2756466028632445,Moderate
35.285251910000056,0.3629668595476065,-0.166661663614805,-0.3357506186417377,Low
36.00474512000005,0.2387425658453695,-0.0941643140478147,-0.213603392920845,Moderate
36.31749395000003,0.2543154302724484,-0.0632202477113624,-0.2490330043740736,Moderate
37.45740362000004,0.2264753419797374,-0.0741981148361702,-0.2056110981942184,Moderate
35.15707616000003,0.2367540925893328,-0.1146876322098434,-0.2188746891805933,Low
31.74589220000001,-0.0357493857493857,-0.0049292618910441,0.1107460488302271,Low
37.53943609999999,0.145589567107408,0.0238602339722813,-0.1585580304806565,Moderate
32.34062768000001,0.3091721880737607,-0.1480574028701435,-0.272847219527339,Low
34.91097872,0.2438474943681727,-0.1990002868029663,-0.2158883164367625,Low
31.222935140000004,-0.0333797863162784,0.0239882069150361,0.1237442098297539,Low
39.197175800000025,0.2107332642350657,0.0180532390419641,-0.2289913159652638,Moderate
34.774257920000025,0.2155275065491783,-0.0532760103181427,-0.2142262400380635,Low
32.08769419999999,-0.0119409465914025,-0.0669949006506066,0.0405818488457889,Low
40.45500716000004,0.108942112771229,0.0569230278070427,-0.1380359825865855,High
36.96520873999998,0.2221892393320964,-0.0944311536416799,-0.214438463240174,Moderate
30.214619240000047,-0.0214767846185314,0.0202409803051507,0.0922488219853894,Low
30.498314900000025,-0.024340770791075,0.0107333376180988,0.050989580122079,Low
38.77675934000001,0.1879618098796181,-0.0350464754602336,-0.1769205461424576,Moderate
31.10672246000001,-0.0429659053293611,0.0267941295274,0.1225493171471927,Low
36.69860318000002,0.3033271114361037,-0.1181180354931902,-0.2808002874378321,Moderate
43.84568300000001,0.085059734216296,-0.0247200507077963,-0.076581576026637,Extreme
31.46561456000001,-0.0426199503203033,0.0221005541830807,0.121257574848503,Low
30.55300322000005,-0.012358288223879,0.013164608633534,0.0671725778963953,Low
37.88123810000002,0.2937740918117042,-0.1448062015503876,-0.2587317221001591,Moderate
40.70110460000001,0.128428687164847,-0.0082035019991727,-0.1416861826697892,High
34.24104680000005,0.1769965553465419,-0.1534391534391534,-0.1365416371785798,Low
36.67296802999999,0.2477297941406089,-0.0611175175594926,-0.2315866320571057,Moderate
39.88932484999998,0.1452873005699239,0.0698518549782636,-0.1906425587091197,Moderate
40.044844760000046,0.1307442127415343,0.04686340912756,-0.1567245968373258,Moderate
31.96464548000006,0.3253470844902816,-0.1863371680159068,-0.2912351213479672,Low
41.210389580000026,0.1941492400868472,-0.0230721535097738,-0.2021627425416059,High
30.49660589000001,-0.0209230769230769,0.0225604969452882,0.0974187651675123,Low
39.84659959999999,0.1657933682652694,-0.0355658198614318,-0.1734911623787091,Moderate
30.939239480000023,0.1159578519741018,-0.1012778752192433,-0.0743583475922757,Low
38.85879182000002,0.2788493700524027,-0.0959645826034334,-0.2688988863485508,Moderate
37.271121530000016,0.1645138342880677,-0.0258245382585751,-0.1695495224486726,Moderate
34.28548106000005,0.0165816326530612,-0.0375147928994082,0.0038631973639359,Low
33.69758162000005,0.4041250082765013,-0.1971942303892511,-0.3661341235585905,Low
38.42299427,0.1569225827176357,-0.0011814580582389,-0.1535181663497147,Moderate
40.36784765000005,0.2106045503034118,-8.668015024559376e-05,-0.2424797185727618,Moderate
36.27818672000001,0.2255336818859591,-0.0979404105651188,-0.2093950230964089,Moderate
31.542520010000032,-0.0083647782146344,-0.0425856568178665,0.0272564905650609,Low
33.249821,0.1271314892004547,-0.1108725082862611,-0.093314955203308,Low
35.970564920000015,0.2230279590685682,-0.0582493812528322,-0.2087597053553653,Moderate
31.352819899999982,-0.0124695228143504,0.0271086404502093,0.0723727260829734,Low
34.61361098000003,0.4149142132318579,-0.2290651820923219,-0.3684584342211461,Low
31.188754940000024,-0.0124241888947771,-0.0315517559505504,0.063853538736325,Low
30.70339610000002,-0.0315164529779574,0.0089193381592554,0.0579923823565548,Low
33.74372489000001,0.4102633173951108,-0.2140237981361508,-0.36782115971848,Low
37.77357046999998,0.0421399176954732,-0.0354923127248936,-0.011449568644158,Moderate
36.96862676000001,0.1973936061901853,-0.0501464390313593,-0.1766918797774843,Moderate
37.93250840000002,0.1931333922971777,-0.0456443230864088,-0.1848214463939956,Moderate
32.757626120000054,-0.0109269228719151,-0.078586375261567,0.0383000777403472,Low
30.72561323000002,-0.0126597912678317,-0.0196103440579063,0.0587542682208877,Low
31.58011823000004,-0.0068815038603558,-0.0615039617282104,0.0357171958606078,Low
31.6775318,-0.0489556565856229,0.0089941640920013,0.102753776341145,Low
31.11355850000001,-0.041365115198194,0.0261702414676918,0.1171038953097291,Low
42.53999936000002,0.0986996710010966,0.0377662676225431,-0.1228435336028499,Extreme
31.496376740000017,-0.0144189991518235,-0.0306313155310589,0.052257500728226,Low
31.25369732000001,-0.0283521109322768,-0.015626516548578,0.0661034092937466,Low
36.563591390000056,0.2685155753337571,-0.1170553349311593,-0.2475479660818256,Moderate
36.30211286000002,0.2411137212616012,-0.0621230596842764,-0.2381574397787083,Moderate
31.99540766000001,-0.0361653272101033,-0.0368677823751003,0.0622731080703714,Low
32.05009598000004,-0.0469118340405469,-0.0277071682765632,0.0739807604214383,Low
36.94811864000002,0.1193260654112983,-0.086065967881527,-0.0892082168000771,Moderate
38.34950684,0.1650263405072079,-0.0241240666283744,-0.1721106043798019,Moderate
30.74612135000001,-0.0336748774257949,-0.0337636232293727,0.0637462665339212,Low
38.94766034000003,0.2051742586365026,-0.0250268144440471,-0.2020735263288292,Moderate
39.25186412000005,0.1313219967087218,0.0447724325325758,-0.1492254541401983,Moderate
31.96464548000006,-0.0431273340561378,-0.0284197578817893,0.0754277732510767,Low
41.663277230000006,0.2081013059590575,-0.0681595178020745,-0.1969057389119038,Extreme
31.069124240000008,-0.0306913996627318,0.0278059671199512,0.1158011321683485,Low
33.841138460000025,0.1856304430140098,-0.1651162790697674,-0.1660382628124563,Low
29.77027664000002,-0.0166847531199131,0.0174178244662826,0.096303683849654,Low
34.049637680000046,0.3419658622719246,-0.1481085163970542,-0.3114282632922314,Low
34.86483544999999,0.3048291509378606,-0.1470229191382541,-0.27364019931652,Low
32.921691080000016,0.0135383203304268,-0.0453819300633098,0.0079730488489612,Low
38.96475043999999,0.2174604896748761,-0.0601832897678959,-0.2245016732140259,Moderate
39.75602207000003,0.2070928908410606,-0.0113642171979622,-0.2151981657386177,Moderate
35.724467480000044,0.2339679943931783,-0.0838206627680311,-0.2194859165768816,Moderate
39.54581384000005,0.1118250435455777,0.0303480403740336,-0.1148889923924856,Moderate
37.40271530000001,0.2583554174372271,-0.1176361019388705,-0.2428116820758092,Moderate
29.45923682,-0.0229080280062538,0.033420751798803,0.0972806631916096,Low
41.58637178000004,0.1312105829872327,-0.0069661959777492,-0.1472027767486301,Extreme
31.790326460000017,-0.0519981686179606,0.0078718598124443,0.102205153617443,Low
40.74553886000001,0.1016556742349072,0.0203629694987976,-0.0988337117463274,High
39.99015644000002,0.219320742985933,-0.0591729957805907,-0.2079146937675636,Moderate
36.09361364000006,0.2098948188546942,-0.020989825605286,-0.2041018085951887,Moderate
30.40431935000004,-0.0188462577681707,0.0279079105876054,0.0958887056114033,Low
37.67615690000002,0.2116321677776478,-0.0644520547945205,-0.2031431446930401,Moderate
39.64493642000002,0.1437246963562753,0.0085712357427279,-0.1597063235178021,Moderate
36.14659295000001,0.2359480020680995,-0.0847594969531959,-0.2208663930688554,Moderate
42.044386460000055,0.2324798371309999,-0.0537591216442391,-0.2248550640052916,Extreme
37.983778700000016,0.1449592857438102,0.0157410368475286,-0.1507623281126666,Moderate
37.313846780000006,0.2659862367586793,-0.0930636224046999,-0.2445745125612861,Moderate
43.53635219,0.1521556045718869,0.0801421618852459,-0.1618943622098196,Extreme
36.37389128000001,0.2374045522633444,-0.0938716188938231,-0.2192303538644299,Moderate
36.95837270000004,0.3178842825972462,-0.1380677019037099,-0.3041471223289405,Moderate
34.28719007000001,0.4427930893926567,-0.2486262804423037,-0.3987385059654989,Low
33.73005281000002,0.2714484269047719,-0.1494935648465463,-0.2371370612462348,Low
29.872817240000018,-0.0164023315710993,0.0191943768586104,0.0891287973889028,Low
42.47163896000001,0.1666731238619193,-0.0290469193179099,-0.1689375412445169,Extreme
30.947784530000035,-0.0186017862642439,-0.0226244343891402,0.0707453633500524,Low
35.48862410000004,0.3662121512329557,-0.1936296109782198,-0.3322326243127887,Low
39.29971640000002,0.3364551792127315,-0.1399483452459607,-0.3074538440341692,Moderate
30.043718240000032,-0.0146065867438335,0.0265781861493959,0.0899140948138721,Low
34.04621966000002,0.2236446973289078,-0.1135905971314675,-0.1945687393920691,Low
36.900266360000046,0.1020987739835145,0.0094935723845986,-0.1158957814636883,Moderate
36.63366080000003,0.2746215077259247,-0.1149566523312171,-0.2618688917217136,Moderate
29.472908899999997,-0.0234722784297855,0.0271468888590243,0.0932548381035886,Low
32.11845638,-0.0147001285562573,-0.0561380384638427,0.0464650835722399,Low
38.89639004000003,0.2381594219177056,-0.0687738349169413,-0.2303285092451356,Moderate
34.79818406000004,0.3941368078175896,-0.1904150620453573,-0.3607714345608273,Low
29.578867520000017,-0.024795621917438,0.026505699062521,0.09402460456942,Low
40.19011061000003,0.2266498721325241,-0.0591240154236561,-0.2200372043582248,Moderate
32.09453024000004,-0.0246260069044879,-0.0255913848387682,0.0624412366572645,Low
29.695080200000007,-0.0183957797916948,0.0263634534111491,0.0924779591071093,Low
32.27568530000002,-0.0385749943272067,-0.0330996647363608,0.0581304879404245,Low
36.58580852,0.3315465867885858,-0.1798561151079136,-0.2890720390720391,Moderate
39.17666768000004,0.2211413748378728,-0.0824171876122727,-0.2059400392266741,Moderate
33.284001200000034,0.0333994531710716,-0.0738120438972759,0.0050069684612605,Low
31.171664840000005,-0.0424340467894474,0.007288911823518,0.1132749481447338,Low
32.42607817999999,0.0089812403677525,-0.0479081576332928,0.0138679686282657,Low
30.55642124000002,-0.008887171561051,0.0002273686945788807,0.0545231147289202,Low
33.86164658000001,0.0929702920188268,-0.0476883520108669,-0.0769998005186515,Low
37.08483944,0.227622943022924,-0.0561547652171066,-0.2295878508412568,Moderate
39.32022452000001,0.2277219831021839,-0.0565921251200439,-0.2295840983475692,Moderate
37.534309070000006,0.1116781390932827,0.0090452261306532,-0.1401850198815223,Moderate
32.87042078000002,-0.0325514600287218,-0.0289569146566537,0.0543370181903257,Low
29.903579420000028,-0.0161180166643901,0.0201333151952115,0.0986109373044675,Low
35.03231843000003,0.1712391503467527,-0.1280640215085383,-0.1433863447659194,Low
41.04290660000004,0.1354457396158266,0.0143936155052016,-0.1527627302275189,High
35.05282655000002,0.2750510821066678,-0.159493382882712,-0.2467940223042264,Low
40.74382985,0.1223184896523022,0.0437753852104957,-0.1553426418180756,High
29.643809900000008,-0.0372188681748822,0.0237470568449377,0.1077225774717166,Low
32.34575471000005,0.0026402444451036,-0.0357317970090708,0.0270877112179394,Low
35.81675402000002,0.2489112995645198,-0.09720614145482,-0.2373311130454528,Moderate
35.555275489999985,0.2869465437423337,-0.1125363434239781,-0.2672900837716734,Moderate
31.516884860000005,-0.0337861153809957,0.0003245699448231094,0.0914186259181686,Low
35.72104946000002,0.1985476640361602,-0.0216327175114479,-0.2002819827842089,Moderate
39.162995600000045,0.2305458540988109,-0.0716287335110382,-0.2207256306446589,Moderate
31.19559098000002,-0.0368204173866808,0.0205460935387942,0.0965087281795511,Low
29.452400780000005,-0.0181322426721199,0.028397976391231,0.0919750362478724,Low
31.06228820000001,-0.0298801418040627,-0.0397756400591055,0.0788630049155802,Low
35.76035668999998,0.2401915746261362,-0.0634638594609092,-0.2363969441845962,Moderate
40.38664676000002,0.181512799721997,-0.0330508760676547,-0.1854032695436585,Moderate
35.560402520000025,0.3137209177175453,-0.0800017696243972,-0.2977053247098432,Moderate
38.07264722000002,0.2528933195829036,-0.0887185104052574,-0.2391205802357207,Moderate
31.940719339999987,-0.0409908210738086,-0.0075297225891677,0.0730995928784104,Low
38.13246257000003,0.280421442630543,-0.1149122070066369,-0.2683551562649335,Moderate
33.40704992000002,0.0215148465022647,-0.0340040753948038,0.0337399583457304,Low
38.28114644000004,0.1759034285934667,-0.0383462743495436,-0.1857815112977871,Moderate
37.98036067999999,0.2393341076267905,-0.0471019233285359,-0.2244960410052404,Moderate
36.23717048000003,0.3178598976228876,-0.1090195615613843,-0.3070449961749774,Moderate
32.05693201999998,-0.0125064837761512,-0.0476306939773769,0.0448742962260995,Low
37.80262363999998,0.2460843138782825,-0.1048849581980239,-0.2269623264022097,Moderate
30.40944638000002,-0.0403285608350921,-0.0383903221824466,0.0913804277381723,Low
34.035965600000054,0.397955458196422,-0.256480934567172,-0.344357840039323,Low
35.63901698000001,0.339894019682059,-0.1724960254372019,-0.3166703860745369,Moderate
35.33310419000003,0.3125679931291154,-0.1182620855623668,-0.2946292426723894,Low
29.37720434000005,-0.0107423219942156,0.0342184873949579,0.0865971515768057,Low
38.19911395999998,0.2945335871634484,-0.1358445542866882,-0.2656208455198086,Moderate
30.917022350000025,-0.0387246445779549,-0.0305793820350116,0.0725702315704898,Low
31.986862610000003,-0.0300190547590041,0.0037537296672976,0.087859471844432,Low
29.777112680000016,-0.0169050715214564,0.0217258053531294,0.0935823815233167,Low
33.19000564999999,0.3001638781965776,-0.1266884639519138,-0.2703170672674126,Low
38.16664277000001,0.1443805934997644,0.0121332379155552,-0.1564957443972657,Moderate
29.756604560000028,-0.0155566031382584,0.0191236663758974,0.0905244820506439,Low
34.47005414,0.2758114374034003,-0.0720826027664134,-0.2623489830249274,Low
37.86756602000003,0.0825518119717494,-0.0474625639493633,-0.0893203883495145,Moderate
32.06376806000003,-0.0506815798671793,-0.0291777188328912,0.0746692408153994,Low
39.80216533999999,0.1751876728565784,-0.0131825459004666,-0.1736574201949256,Moderate
39.96281227999998,0.1751020053824116,-0.0636492220650636,-0.1744902386117136,Moderate
41.83246922000001,0.1630688794708282,0.0011565412613102,-0.1719348659003831,Extreme
37.60608749000005,0.219188578049373,-0.0228270412642669,-0.2205799812909261,Moderate
32.22783302000005,-0.0233435510492808,-0.0303482587064676,0.0626838651278569,Low
35.66294312000002,0.2448225286007626,-0.0798330732170726,-0.2274436452689022,Moderate
39.689370680000025,0.1397122480108834,0.0179389719725764,-0.1431524975190208,Moderate
38.57167814000002,0.1866971110890499,-0.0483590885969374,-0.1872864521255463,Moderate
37.29333866000002,0.2019894998618402,-0.0341314314824248,-0.2028916804930078,Moderate
31.84843280000001,-0.0083266795939317,-0.0492396813902968,0.0496802754549926,Low
31.02810800000003,-0.0575916230366492,0.0261716372489348,0.1299619358346927,Low
36.48839495000004,0.2853854059609455,-0.1159611678206867,-0.263925943891988,Moderate
31.68436784000005,-0.054721803525788,0.0092045610660805,0.1049332919640086,Low
34.186358480000024,0.1866483199431843,-0.1199832425638877,-0.1510376302419702,Low
39.56290394000001,0.1955405838947706,-0.0149802533024649,-0.182171464826711,Moderate
39.79191128000002,0.2103639240506329,-0.0687390848760041,-0.2152672968464532,Moderate
29.206303339999977,-0.0202973321566763,0.026771865938364,0.0944911532187225,Low
39.40225700000002,0.1626148887916285,-0.0259831460674157,-0.1769444556329802,Moderate
35.40659162000003,0.349003466204506,-0.1609234689121585,-0.3306977241158243,Low
30.98709176,-0.0298725185514048,0.0118224691517539,0.0595757762065785,Low
36.60289862000002,0.277760164856939,-0.1048934274552806,-0.254518218781005,Moderate
38.30165456000003,0.2261881129153928,-0.0869289786724853,-0.2037729965700031,Moderate
32.624323340000046,-0.0283647869815798,-0.0477699244455276,0.0598141060688901,Low
36.725947340000005,0.2341766420978286,0.0265120132560066,-0.2457500091397653,Moderate
29.876235260000044,-0.0192815100466815,0.0177530830735872,0.0897331240188383,Low
42.64937600000002,0.1291536298467266,0.0023445428141512,-0.1380783202267374,Extreme
32.37138986000002,-0.0324222640256722,-0.0435612841627879,0.0744641439534268,Low
31.267369400000007,-0.0267481960181992,-0.0410415375077495,0.0610864156112835,Low
39.15957758000002,0.1979407979407979,-0.0535200336319244,-0.2030280649926144,Moderate
36.830196950000015,0.2982794537458529,-0.1199707144996505,-0.2885366413967379,Moderate
37.09167548000005,0.2758849013413042,-0.0509568035903509,-0.2663975213594967,Moderate
38.16151574000003,0.1641980849790544,-0.0185876039007788,-0.1881513150360728,Moderate
33.01055960000002,0.2212440790061667,-0.1550962615439886,-0.1855627616424094,Low
37.659066800000005,0.2195140704290327,-0.0940506983962752,-0.2159147533443213,Moderate
36.88317626000003,0.2220186347510818,-0.0444488871118219,-0.2221139225700807,Moderate
31.233189200000027,-0.0357545045045045,-0.0394221723164699,0.0601503759398496,Low
32.074022119999995,-0.0300233714867861,-0.011814715259111,0.0592816459374636,Low
35.25961676000003,0.3159340659340659,-0.1447672259273015,-0.2893674293405114,Low
41.06683274,0.2097667583556275,-0.0764794635373009,-0.2160442390727975,High
38.30165456000003,0.1832530173747734,-0.0928096035278265,-0.1649183895538629,Moderate
37.97181563000004,0.1076002304789873,0.0314821135436475,-0.129197301599333,Moderate
42.49898312000005,0.1531128443880121,-3.49577011815703e-05,-0.146228588600621,Extreme
31.25027929999999,-0.0464477299489729,0.0208907100154497,0.1154803082711329,Low
29.609629700000028,-0.0223463687150838,0.0321710393201591,0.0899289700659563,Low
41.27874998000004,0.1120283018867924,0.0188666158007907,-0.121862235793314,High
30.48293381000002,-0.0355473347906507,0.0206270063520251,0.1124110182606004,Low
40.20890972000001,0.2485120538666559,-0.0972139058152231,-0.233727400542585,Moderate
32.64312245000002,-0.0268909939205429,-0.0420590461771385,0.0558055311676909,Low
31.21268108000004,-0.01735515567313,-0.0379218227039641,0.0424633863063369,Low
40.05168079999999,0.2550069694079671,-0.0572929542645241,-0.270007423904974,Moderate
38.56996913,0.1296043073241603,-0.0349822837343147,-0.1294112620695548,Moderate
30.8401169,-0.0141020065850779,-0.0071075009518974,0.0581322887919522,Low
40.45500716000004,0.1950433127452122,-0.0594028719997245,-0.2012026082542657,High
33.43610309000002,0.2936146182082207,-0.148124944061577,-0.2581157686196818,Low
35.594582720000005,0.2919421184075216,-0.1505151267375306,-0.2698590329043553,Moderate
30.96316562000004,-0.049563838223632,0.0263353869067767,0.1293661843937284,Low
36.83190596000003,0.2983630279460975,-0.1148732604373757,-0.2681306644524142,Moderate
32.83282256000001,-0.0327215648394107,-0.0222023733571519,0.0619987120192026,Low
30.68630600000006,-0.0377123912142561,0.0102301790281329,0.1104496964696175,Low
31.585245260000026,-0.0447078644924484,-0.0117901982027914,0.1123783965112378,Low
37.37537114000003,0.215907415597818,-0.0720785129338359,-0.2114424206815511,Moderate
36.459341780000045,0.1781167378482814,-0.0824021824432901,-0.1694121447028423,Moderate
35.38950152000001,-0.0233605955237768,-0.0574261625748979,0.0326930539386884,Low
37.01306102000001,0.2005133140840551,-0.0449595085171739,-0.1911507241763488,Moderate
35.150240120000035,0.0570538871589169,-0.0782234185733512,-0.0311486382124285,Low
36.912229430000025,0.3207110435993417,-0.1228744503551551,-0.2996298668944409,Moderate
31.27762346000003,-0.0284921002181529,0.0138898208414413,0.0901436354631005,Low
41.06683274,0.2277472219104276,-0.0413175932977913,-0.2414027919645897,High
30.542749160000028,-0.0214525871046445,-0.0243249135702494,0.0771907180336148,Low
31.313512670000023,-0.0208126295465515,-0.0470927584636405,0.0576565744890151,Low
29.698498220000037,-0.0112758832775234,0.0179868322812733,0.0896048326201862,Low
39.97990238,0.2239819004524887,-0.0803520054154679,-0.2163094217395446,Moderate
36.74303744000002,0.217462482946794,-0.0539386883973612,-0.2162772585669782,Moderate
31.776654380000025,-0.0208042835629427,-0.0436953807740324,0.0475260416666666,Low
42.22212350000001,0.0861739731036444,0.0733448873483535,-0.1031608483948171,Extreme
29.876235260000044,-0.0115930169121658,0.0162220864725446,0.0888860950465174,Low
35.215182500000026,0.3961664652046279,-0.174628079962808,-0.3700013555645926,Low
34.42220186000003,0.2237039314399908,-0.0645225996255683,-0.2238450303635944,Low
37.82996780000002,0.2144384826085325,-0.058231159064901,-0.2049888309754281,Moderate
29.93775962000001,-0.0121345835631549,0.0276872964169381,0.0910359703102201,Low
41.41547078000002,0.1604441463596393,0.0356700520188258,-0.2098046070776521,Extreme
37.13781875000001,0.2970850500009671,-0.1075362941186185,-0.2839227249229355,Moderate
37.26941252000006,0.2222606556746992,-0.0701618602146919,-0.2156727828746177,Moderate
34.42220186000003,0.3243140243902439,-0.1562136083846282,-0.2908618127786033,Low
38.55287902999999,0.2202293778648458,-0.0715347485510998,-0.1998728235052086,Moderate
38.065811180000026,0.2275856733967664,-0.0668952534624176,-0.2135510266508622,Moderate
37.24719539,0.2449004031775178,-0.0648228766538625,-0.2409868682849184,Moderate
38.98354955000002,0.2747518405919197,-0.1213248916598198,-0.2624743801353091,Moderate
40.23967190000002,0.2985915492957746,-0.1028031650616451,-0.2762830978916731,Moderate
38.91689816000002,0.1809686300360619,0.0488741763217888,-0.1747733847637415,Moderate
43.48679090000002,0.1759213271083738,-0.0514628817082052,-0.1672253993295208,Extreme
38.07777425,0.234680785702669,-0.086574854489361,-0.2349485784517505,Moderate
36.35851019000006,0.2807371587404333,-0.1302039582003293,-0.2652961423439351,Moderate
38.38710506000001,0.2878409976617303,-0.095980366144866,-0.2700230591852421,Moderate
31.024689980000005,-0.0168193076435689,-0.026305504614737,0.055787581247407,Low
34.54183255999999,0.0609800934923052,-0.0629341191328141,-0.0192239769917755,Low
40.24308991999999,0.149964141471332,0.0143961696483452,-0.1714988848727217,Moderate
32.35088173999998,-0.0077601410934744,-0.0312213600537667,0.0449298325033952,Low
36.46959584000001,0.1490500158708565,-0.0705986733702311,-0.1351012363375739,Moderate
35.94322076000003,0.0271062271062271,-0.0224514247017763,-0.0079079798705966,Moderate
30.59914649000001,-0.0305524880366763,0.0209530246704967,0.1069667077681874,Low
35.33823122000001,0.3182082606166376,-0.1293859649122807,-0.2827867305732724,Low
34.88876159000006,0.1698480531813865,-0.1145190111058333,-0.1294123040249381,Low
31.821088640000028,-0.0601135190918472,0.0016442861057824,0.0869102074064791,Low
38.99209460000003,0.251550204880879,-0.0850047154982709,-0.2383036739380023,Moderate
38.67080071999999,0.1559948775412198,-0.0199858757062146,-0.1540090288042827,Moderate
36.91735646000001,0.1645369932165956,-0.0351621384750219,-0.1684077239632795,Moderate
34.8221102,0.3647301478171192,-0.1518598038646782,-0.3373307282894293,Low
39.53555978000003,0.1802166577872491,-0.0081308212736264,-0.1881928055495959,Moderate
30.70339610000002,-0.0083255224127474,-0.0623117358691158,0.042992444397148,Low
39.07412708000004,0.1851986346139879,-0.0226218824414086,-0.2072498612909191,Moderate
33.34210754000003,0.1255221802267754,-0.0994680463455512,-0.0786131299892767,Low
38.59560428000003,0.2395610033162938,-0.1123826435817754,-0.2261712732215677,Moderate
36.24058850000006,0.287957702020202,-0.121833866034299,-0.2646546046259346,Moderate
33.037903760000006,-0.0191414840759143,-0.0464025026068821,0.0585322631085166,Low
29.643809900000008,-0.0120663650075414,0.021724372029871,0.0913103796191196,Low
39.39883898000005,0.1918063314711359,-0.0359049382908191,-0.2117240123793919,Moderate
38.68105478000001,0.1604350077679958,0.0227081092082691,-0.1965824136703453,Moderate
38.031630980000045,0.2511436950146627,-0.0739385802987078,-0.2541349847142745,Moderate
36.20982632000005,0.2393876130828114,-0.0470149600086635,-0.2388658038770616,Moderate
38.10682742000006,0.1473279612900708,0.00030600795620686137,-0.1521611348407069,Moderate
32.190234799999985,-0.0032545020611846,-0.0603577611079053,0.0231766957261322,Low
40.96087412000003,0.1791961079578362,-0.0557610536868669,-0.1757006467508469,High
32.09794826000001,0.062003607678432,-0.0829970073854432,-0.02276498651732,Low
34.62557405000001,0.2068053982072228,-0.0427271166065601,-0.2062779378166286,Low
34.05476471000003,0.2754489870239396,-0.1231433972454766,-0.243999102669558,Low
32.55938096,-0.023130300693909,-0.0425531914893617,0.0593912397921306,Low
34.65120920000004,0.2784079276032922,-0.1332123411978221,-0.2542686111445904,Low
33.98127728000003,0.3840205740718366,-0.1749380925168872,-0.3544246068611388,Low
42.28706588,0.125947711170101,0.0543722332713158,-0.1365616686586729,Extreme
31.71854804000003,-0.0518421910661884,0.0116239548637074,0.1039625315831638,Low
30.778592539999977,-0.0044806517311608,-0.0091154518024456,0.053390537480634,Low
29.56177742,-0.0110130818375418,-0.021172331469498,0.0361717267552182,Low
34.70589752000001,0.1600372580812088,0.0507297518561386,-0.1954210956663941,Low
36.68834912,0.2516808870365273,-0.0831206832023408,-0.2303946198739999,Moderate
35.17245724999998,0.3334321170587145,-0.1335002282997181,-0.2995414996931297,Low
38.99209460000003,0.2193477519790917,-0.0737825216811207,-0.1958395245170876,Moderate
34.45980008000004,0.4175901987583776,-0.2232295100602478,-0.3738589211618257,Low
37.19079806000002,0.1746869339213987,0.0019405781584582,-0.1685666157401966,Moderate
34.808438120000005,0.2578590507499486,-0.0995689373652929,-0.2403897515241937,Low
32.908019000000024,0.0864163215387608,-0.0738797153611561,-0.0489788250449531,Low
32.56963502000002,-0.0093685363182868,-0.0310244396606306,0.0483870967741935,Low
36.37730929999998,0.1615583951389509,-0.0977030906941395,-0.1273089931489029,Moderate
37.26428549000002,0.2691148700229017,-0.076621561743754,-0.2504008075529956,Moderate
40.738702820000015,0.0719778042013476,0.02315165962365,-0.0883264254959559,High
38.80068548000003,0.2091144149967679,-0.0041268243583291,-0.2082357690754945,Moderate
39.169831639999984,0.1255088563622876,-0.0087238527647154,-0.1489998337673851,Moderate
31.96464548000006,-0.0503682584937039,-0.0227083733128638,0.0752501590606744,Low
32.333791640000015,-0.0188537761114086,-0.0707897351961185,0.0466822794691647,Low
36.78063566000003,0.3037593984962406,-0.1509117585411863,-0.2621537754281117,Moderate
31.44168841999999,-0.0116664346373381,-0.0498358522374375,0.0380227106425648,Low
34.12141610000003,0.3606536724078973,-0.1725967056487886,-0.3274687456103385,Low
35.65268906000006,0.2002779290529755,-0.0377153247934018,-0.1962120077855966,Moderate
35.48520608000001,0.0265690796069781,-0.0750734985300294,-0.0005374505301216592,Low
32.00224370000001,-0.050174437044085,-0.0065877924173164,0.0726450733882455,Low
41.49750326000003,0.1367783428058629,0.0278515012950468,-0.1460775813322275,Extreme
36.11412175999999,0.1823109416470412,-0.0599195710455764,-0.1741470839365927,Moderate
30.03346418000001,-0.0193853427895981,0.0161290322580645,0.0996589147286821,Low
32.20390687999998,-0.0350917964211015,-0.0359927640197118,0.0608459624519339,Low
36.06285146000005,0.2955166555875618,-0.1178738727255345,-0.2727668529134315,Moderate
36.61486169,0.2735069361725522,-0.1305168290738722,-0.257787189372138,Moderate
29.794202779999974,-0.0210384356035064,0.0211044433955903,0.0935880626833988,Low
31.103304439999988,-0.0434071358059512,-0.0323562536145861,0.088720511580418,Low
35.84751620000003,0.2778258475576182,-0.1093280524446872,-0.2648913805185704,Moderate
31.937301320000017,-0.0288717010096239,-0.0242231770346846,0.0965119472672342,Low
35.64243499999998,0.150483202945237,-0.0967050107233378,-0.1119897202728081,Moderate
37.99403275999998,0.169769391216203,-0.0448530435993871,-0.1600456223781631,Moderate
39.94572218000002,0.2172021674425704,-0.0598750664540138,-0.2109638965870696,Moderate
36.558464360000016,0.3024559218464173,-0.0923097010053531,-0.2699328298736291,Moderate
31.40750822000001,-0.0491566581348034,0.0097737680267924,0.0980514225238124,Low
37.25061341000003,0.2528533280585501,-0.1414514588476995,-0.2425306522805296,Moderate
37.23865034000005,0.3534502051473331,-0.2365309252002044,-0.3120005785153849,Moderate
38.23671218000004,0.1172544957462344,0.077248885024263,-0.1816238932490436,Moderate
40.21574576,0.1061526479750778,0.0140571309569261,-0.1339267893497265,Moderate
29.71558832000005,-0.0316705724807499,0.0247488030211072,0.1033542067084134,Low
36.35680118000005,0.2829083525323128,-0.1054136805625651,-0.261335278534956,Moderate
31.05716117000003,-0.0378237592244248,-0.0393897711641865,0.0675603668283927,Low
29.500253059999977,-0.0141522396262709,0.0269207296399267,0.0898712500792795,Low
42.81002294000001,0.0716140380266354,0.0513124721933857,-0.0888047317135441,Extreme
36.37218227000005,0.2170975864398452,-0.0524322027897755,-0.2091519219035997,Moderate
36.14488394,0.2243286528362322,0.0094021215043394,-0.2225528116631955,Moderate
41.21893463000004,0.2643843757315997,-0.0901158277179144,-0.2486883525708289,High
38.72207102000005,0.2005062514382143,-0.0023696682464454,-0.1943225609523446,Moderate
38.22987613999999,0.2250128894453855,-0.0797546012269938,-0.2323651452282157,Moderate
41.79145298000003,0.0825140449438202,0.0019019869693658,-0.0901697312588401,Extreme
33.36945170000001,0.2482800332652907,-0.1136141368495599,-0.241895449417074,Low
36.98229884,0.2922947432856377,-0.0867383051283701,-0.2769062110157638,Moderate
34.79818406000004,0.3237179487179487,-0.1128587542298533,-0.2967032967032967,Low
37.86756602000003,0.1781571847738327,-0.0200852514919011,-0.1969909167300228,Moderate
36.94470062000005,0.3102813769838227,-0.1110388766090235,-0.2988789663689911,Moderate
32.79180631999998,-0.0284158181387639,-0.0359149151044625,0.0581889131183289,Low
41.900829620000025,0.1930735259936468,-0.0713093084736329,-0.2000467581047381,Extreme
37.915418300000056,0.2771706586826347,-0.1045442775763852,-0.2643005334914048,Moderate
38.42128525999999,0.1447513812154696,-0.00013315579227696404,-0.1760745322163939,Moderate
40.58489192000002,0.1309757201025486,0.0690500574124072,-0.1475460005355571,High
36.36534623,0.2201206900228159,-0.1263557803980236,-0.1892094105910715,Moderate
33.27374714000001,0.0179274158285964,-0.0720699976974441,0.0121990028641137,Low
29.589121579999983,-0.0138718890248878,0.0263193232174029,0.0888986618081296,Low
30.43166351000002,-0.0269432843863666,0.0268777366116537,0.1037905577269061,Low
34.71273356000006,0.3235272858691724,-0.1120490708125835,-0.3008667235009946,Low
32.13896450000004,-0.0320892125625853,-0.0329710364928046,0.0708394778524223,Low
31.041780080000024,-0.02986796564543,0.0200699210151495,0.0585308204266965,Low
41.244569780000006,0.1695509914455789,-0.0126979792463134,-0.1701968208890466,High
36.65416892000002,0.248279680455588,-0.0895032963998481,-0.2419437340153452,Moderate
39.70475177000003,0.12606649014416,0.0294154938506402,-0.1414299560128233,Moderate
38.252093270000046,0.2073536373678396,-0.036334699129728,-0.2047633106977659,Moderate
39.66886255999998,0.2064147409063975,-0.0388609990947247,-0.1873506781797317,Moderate
39.62442829999998,0.1267482863821863,-0.0030332957110609,-0.1276195007831241,Moderate
32.42266016000002,-0.0392623093429217,-0.0322138450993831,0.0652296580521385,Low
37.460821640000006,0.1992514036182158,-0.0607710417892878,-0.1826757444016077,Moderate
37.53601808000002,0.2598705877794567,-0.0791543592977332,-0.2355746394847339,Moderate
29.55494138000006,-0.0180702352540061,0.0207412444746684,0.0865842055185537,Low
31.17850088,-0.0206284153005464,0.0288539691140612,0.087332908975175,Low
34.23421076,0.4338128546918305,-0.2314667875765132,-0.4033909252381721,Low
40.65325231999998,0.1251119251119251,0.0063978146790309,-0.1245169426026115,High
35.93296670000001,0.3512925564700337,-0.168192076228686,-0.3209754022825548,Moderate
39.33731462000003,0.1962467390389632,-0.0329167272198808,-0.1756678521214126,Moderate
39.80216533999999,0.2390187001057121,-0.0541169173515273,-0.2691833762742243,Moderate
35.071625659999995,0.2175395358389813,-0.0883222265058471,-0.2031091447822381,Low
35.20151041999998,0.2538065074556399,-0.0749148311802205,-0.2329477308778581,Low
33.51984458000004,0.0245629323021621,-0.0786697247706422,0.0145625982189628,Low
35.36386636999998,0.1826248285875615,-0.0548810101991257,-0.1710765421251273,Low
36.25426058000005,0.2044173472909237,-0.0714102979550764,-0.1945918192709224,Moderate
30.40090133000001,-0.0254026232774364,0.0234569955082349,0.1028305924069205,Low
31.70145794000001,0.0041960343361763,-0.0640474253167499,0.0295770168557192,Low
31.592081300000014,-0.043076376133199,-0.0175792325625354,0.1088671853445897,Low
40.61223608,0.1275193723550213,0.0436165155960596,-0.1372770685118409,High
31.48954070000002,-0.0153865477611002,-0.0080370346556934,0.0732399361588934,Low
31.52030288000003,-0.0110680375301983,-0.0534442516009336,0.0422765112356493,Low
32.69610176000003,0.0306600615878966,-0.0719059819538821,0.0009085009733939,Low
31.02298097000005,-0.0090566037735849,-0.0057770259487408,0.0549424184261036,Low
30.416282420000016,-0.0216468009316344,0.0222830737634776,0.0934365875333248,Low
31.222935140000004,-0.0333797863162784,0.0239882069150361,0.1237442098297539,Low
33.84284747000004,0.3417731231058426,-0.191889589367865,-0.3075628995476466,Low
39.64835444000005,0.1967765042979942,-0.0224758640738077,-0.2113544083526682,Moderate
34.28719007000001,0.2878702055348762,-0.1277590788308237,-0.2756637611461777,Low
37.69324700000004,0.1104677846425419,0.0085734098215974,-0.1298132183908046,Moderate
40.34221250000002,0.2230483978320813,-0.0811801294443977,-0.2155358155358155,Moderate
36.52257515000002,0.2501624943373186,-0.0792722326135011,-0.2370780385125126,Moderate
31.53226595000001,-0.0335566610115881,-0.0337403500138406,0.0621686478040069,Low
29.619883759999997,-0.014136956071995,0.0245633187772925,0.0931810973675864,Low
41.26507790000005,0.156546598056032,-0.0154958331938819,-0.1611495924381003,High
29.619883759999997,-0.0135344421251094,0.0252827677977378,0.0802360622802611,Low
36.052597400000025,0.2920994535123593,-0.0898046398046398,-0.2796415770609319,Moderate
38.105118410000046,0.2172932043290374,-0.055544501923332,-0.2139275022405278,Moderate
33.80354024000002,0.2356069559344926,-0.1470104223806911,-0.2173659915997837,Low
41.78632594999999,0.094182419560803,0.0426580215030129,-0.1130323679727427,Extreme
36.00303611000004,0.2478385008243857,-0.0739625514830581,-0.2398609501738123,Moderate
41.14544720000004,0.1891595519699224,-0.0176967421906421,-0.1933658229838075,High
37.14465479,0.2299086404459585,-0.0830038178347423,-0.2141164781412412,Moderate
38.97500450000001,0.2092611382713771,-0.0259187378701558,-0.2238694499421188,Moderate
29.896743380000032,-0.0208894878706199,0.0174465783067351,0.0896560365891861,Low
31.36307396000001,-0.0275169107506403,0.0164065094652939,0.1168893129770992,Low
38.99551262,0.1389792060491493,-0.0098551890587288,-0.1459981740718198,Moderate
31.70145794000001,-0.041638069091741,-0.0294912754976652,0.0995270851246775,Low
32.59356116000004,0.0020651675080312,-0.0449868389566882,0.030309759076274,Low
32.81402345000004,0.0214936037801083,-0.044300441826215,0.007918963539189,Low
35.22885458000002,0.2288233651198978,-0.0919340542457011,-0.2241345045510553,Low
40.10636912000001,0.1401056694270618,-0.0061840669334303,-0.1470255598280932,Moderate
32.98663346000001,0.3198241574209755,-0.2287184284377923,-0.2910148251290032,Low
35.37582944000002,0.3684363954378166,-0.1841084660255399,-0.3401134782143239,Low
38.71352596999998,0.1964718774139077,-0.0602693495494921,-0.2080385968730728,Moderate
36.99938894000002,0.2993382352941176,-0.1270848614344484,-0.2787466531586945,Moderate
31.73905616000002,-0.0556457372897863,0.0056744376837355,0.1021113717742931,Low
35.76377471000001,0.2296746755698642,-0.0844594002488739,-0.2069362357852029,Moderate
42.18794330000003,0.2350726601912506,-0.0942263433507888,-0.2244699910421021,Extreme
34.42732889000001,0.222721022405565,-0.094605358435916,-0.1991036370126522,Low
41.92475576000004,0.1230826786382341,-0.0062007709066532,-0.1415316754125789,Extreme
30.99734582000002,-0.0412819758894442,-0.0185237247368256,0.09703683190252,Low
33.34723457000001,0.4000681082921846,-0.1860773735683581,-0.3579402827321971,Low
37.594124420000014,0.1999369532666088,-0.0346913118820291,-0.2003153330705557,Moderate
31.57157318000003,-0.0409178327475296,0.027306967984934,0.1227176220806794,Low
34.11799808000001,0.3893187523642491,-0.1885149446928689,-0.3573900480462319,Low
42.46138489999999,0.2022283519930769,-0.0394849651603248,-0.2162620606635416,Extreme
32.03471489000003,-0.0045503211991434,-0.0539590772544351,0.0321909074348765,Low
37.30871975000002,0.2398601661466751,-0.0810173046670162,-0.225510412602872,Moderate
35.10409685000002,0.2684762371386575,-0.1563638962338312,-0.2335899977128916,Low
41.555609600000025,0.2513258804227555,-0.0791352703102892,-0.2414732937123822,Extreme
40.85149748000004,0.1531904910853925,-0.0166138149731145,-0.1641602526149595,High
31.60575338000001,-0.0167758698599186,-0.0545862110747606,0.0478873239436619,Low
32.908019000000024,0.0962900028320589,-0.1404301286457822,-0.0691401215245811,Low
40.44304409000006,0.1649734344085543,-0.067639149213593,-0.154552865231664,High
34.37093156000003,0.3382294417712818,-0.1470834496232207,-0.3012048192771084,Low
32.070604100000025,0.0686368450249634,-0.0938467891802601,-0.0364899236939933,Low
32.75420810000003,0.3430782459157351,-0.200414327719861,-0.3025633588339799,Low
36.55675535,0.2928651896357491,-0.0842755015274147,-0.2757151326515488,Moderate
29.83180100000004,-0.0193636674649332,0.0320140483587734,0.0867847585064355,Low
31.301549600000044,-0.0390482360563048,-0.0187948798001873,0.0891022778025904,Low
39.033110840000006,0.1776151805097692,-0.0127580126542889,-0.1802248277529312,Moderate
39.897869900000046,0.1935140073081608,0.0282030620467365,-0.1965883722261443,Moderate
29.660900000000023,-0.0024076494462406,0.0235658497172098,0.0848741086641004,Low
32.28593936000004,-0.0136000899179498,-0.0231419411250364,0.0461906314531029,Low
32.38164391999999,-0.0278402213384056,-0.0393147646043874,0.0628438073012168,Low
44.963375540000015,0.1042534790470949,0.0682323282582014,-0.1173428798727128,Extreme
36.57897248,0.2521464597851615,-0.0862028656357503,-0.2371894852969148,Moderate
31.940719339999987,-0.0488063992000999,-0.0133484238207782,0.0746549942245729,Low
31.304967620000014,-0.0087219054008721,-0.0561429635145197,0.0486666308955303,Low
33.64118429000001,0.2352978955706364,-0.1647087319849824,-0.2196575776791376,Low
31.4724506,-0.0468316305439083,-0.0154775386938467,0.0941744303513301,Low
39.06558203000003,0.1978321881351011,-0.0553727041729906,-0.1912149676624576,Moderate
31.513466839999975,-0.0367351903661355,-0.0039936608557844,0.0762860142307243,Low
37.50696491000002,0.1332325037811082,-0.0242094917475344,-0.1875769563281024,Moderate
40.46867924000003,0.1270801815431164,0.0105895921434313,-0.1360809021228781,High
33.98982233000004,0.4569834468727844,-0.2511017880067232,-0.4114731089676591,Low
37.57703432000005,0.3618835551412839,-0.1508715629786303,-0.3468879101369114,Moderate
37.48816580000005,0.2760920436817473,-0.1025965054171089,-0.2598040159405502,Moderate
32.69951978000006,0.1644108087129481,-0.1503474718427989,-0.1363507243632231,Low
37.33093688000002,0.2644279414291441,-0.1179528728647626,-0.2467904069876887,Moderate
32.398734020000006,-0.0291815742397137,-0.0446342637151106,0.0593651825371032,Low
37.31897380999999,0.2448016709247897,-0.0594229121036091,-0.2289875352125642,Moderate
30.248799440000028,-0.0441761740514725,0.0217907813454619,0.1123567820623383,Low
41.55902762000005,0.1525933350037584,-0.0454545454545454,-0.1508151607388567,Extreme
31.749310219999984,-0.052493953062692,0.0084148594102757,0.1033160108883939,Low
39.5389778,0.079750319854224,-0.0343546889507892,-0.0885709818636647,Moderate
38.7015629,0.2762944044578593,-0.0678624619568736,-0.2557873895826987,Moderate
39.39200294,0.246840711312902,-0.1112085244132721,-0.2392448856799037,Moderate
35.54673044000003,0.3391388847361339,-0.1789286654382732,-0.3091453834630421,Low
31.80399854000001,0.0275906508113174,-0.0460033988253182,0.0085064292779426,Low
30.84182591000001,-0.0138702187461811,-0.0210033529448978,0.057549125521913,Low
32.25859520000006,-0.013071708475158,-0.046463666140968,0.0446868597375269,Low
31.793744479999987,-0.0497105687175508,-0.0131059931288968,0.1074991592870754,Low
33.16437050000002,-0.0193338553273504,-0.0233172019357677,0.0519389775241644,Low
33.44806616000005,-0.0418412511065211,-0.0321678321678321,0.0628030477949665,Low
29.65406396000003,-0.0185561424895029,0.0239105543207381,0.0947591979511524,Low
29.74293248000004,-0.0110599711479013,0.0208800924981296,0.0979949874686716,Low
34.251300860000015,0.2441830733827665,-0.1733011836913634,-0.1887006151591196,Low
32.10820232000003,0.0144976023196163,-0.0581598231941374,0.02282614533541,Low
35.20492844,0.2393467527535131,-0.0675215912064904,-0.2494065395512673,Low
33.61042211000006,0.1089896979924938,-0.0811580679223043,-0.083152922653021,Low
31.993698650000056,0.0119243421052631,-0.0439340685977457,0.0215267522435533,Low
38.74257914000003,0.2044054508120216,-0.02179146078804,-0.2166239251772514,Moderate
41.56586365999999,0.1756751736691556,0.0151854617874035,-0.1874976548722374,Extreme
35.625344900000016,0.2201708999686422,-0.0652955066561719,-0.1985830622027992,Moderate
35.5569845,0.0848277675519326,-0.1042826552462526,-0.0642315431047825,Moderate
31.12723058000006,-0.0313890840946357,-0.0248148951330586,0.0872720249427475,Low
36.48839495000004,0.3355092567408294,-0.1540763722402419,-0.3095551367305572,Moderate
38.68105478000001,0.2145287764462198,-0.0650664936749918,-0.1986785186266815,Moderate
37.447149560000014,0.1395461129888942,0.0446581819359435,-0.1610516372795969,Moderate
30.43166351000002,-0.0272257010618023,0.0209953077370962,0.1078930120782747,Low
32.557671949999985,0.0009338158048324968,-0.0384813345847588,0.0261768213048662,Low
31.06228820000001,-0.0555337776035541,0.024627218136428,0.1256804161122535,Low
37.21472419999998,0.2092232535417684,-0.0691430545957152,-0.1976852210265541,Moderate
32.532036800000014,-0.0109281045751633,-0.0711211778029445,0.0348487167712638,Low
36.05088839000001,0.2473291437549096,-0.1016026085749965,-0.2312016593327776,Moderate
35.218600519999995,0.0814700122956418,-0.044373103478605,-0.0737927292457949,Low
32.97637940000004,0.032300593276203,-0.0527731092436974,-0.0056188794349012,Low
31.11014048000004,-0.0598017268947873,0.0188880731495695,0.1226499552372426,Low
39.279208280000034,0.286373964670527,-0.1365476151928245,-0.2642270566200835,Moderate
32.17314470000002,-0.0460615663196016,-0.037990271535004,0.0627154453463805,Low
32.07573113000001,-0.0016990074219797,-0.0419362867098058,0.037779756945442,Low
38.10682742000006,0.2295984455958549,-0.0476289015347473,-0.2176213572774281,Moderate
39.90812396000001,0.1981426564694865,-0.049024631888217,-0.1926049636850895,Moderate
36.95837270000004,0.3158979924036896,-0.1344018959710615,-0.3029836312188832,Moderate
35.01693734000003,0.1317829457364341,-0.0851833740831295,-0.0844939647168059,Low
37.22156024000003,0.1880172128434293,-0.0575711812589782,-0.1805435631758562,Moderate
34.83236426000002,0.2720497397573769,-0.0988645707587606,-0.248310676524366,Low
38.29481852000004,0.1694485402536125,-0.0283521194938109,-0.1897989798979898,Moderate
32.14580053999998,-0.0066684169073247,-0.0685117198531488,0.0367126635775752,Low
38.108536430000015,0.1549520766773162,-0.0315811452732682,-0.1563036355125604,Moderate
38.086319300000014,0.184725573557011,-0.0575404287326062,-0.1987753362012169,Moderate
36.63024278,0.2165560268578928,-0.1165267182235567,-0.2218783432676142,Moderate
31.45706951,0.1239328965654159,-0.1101306468612888,-0.0924835970667695,Low
34.90414268000001,0.3021788782946017,-0.1219116039356551,-0.2949489851101416,Low
30.843534920000025,-0.0411558669001751,0.0038986354775828,0.1074755472752678,Low
32.220996979999995,-0.0301739871030538,-0.0302442807289647,0.0656429492439338,Low
40.178147540000055,0.204398646570286,-0.0344440408176744,-0.2018570387138855,Moderate
38.9066441,0.3264425989949032,-0.14219071294847,-0.2992598799050412,Moderate
30.27956161999998,-0.0195365130692535,0.0176172797840027,0.0955754412130251,Low
37.412969360000034,0.3887669729803867,-0.1728151966178259,-0.3571237099584506,Moderate
30.62990867000002,-0.0283130293929065,0.0220425907686037,0.1070797283468229,Low
34.95199495999998,0.3056217345872518,-0.1555991269283415,-0.2685076142131979,Low
35.81333600000005,0.2852564102564102,-0.0379957474345937,-0.2697048512948095,Moderate
39.36124075999999,0.2511706455822522,-0.0408045977011494,-0.2420178312885773,Moderate
34.68197138000005,0.2802337349857735,-0.1046994463485367,-0.2580596734847063,Low
40.67376044000002,0.2288715192965315,-0.0880582489276574,-0.2170301979599242,High
33.90778985000003,0.3030763744204816,-0.1150479433353142,-0.2856534380266301,Low
34.95883100000003,0.272609792192092,-0.1178527618594262,-0.2407234301971144,Low
31.10672246000001,0.0385895966377381,-0.0807065371727153,-0.0115358035192174,Low
34.91952377000001,0.3775168353016818,-0.1668075958437836,-0.3547775152261457,Low
32.55254492000006,0.0200108166576527,-0.0543970481355174,0.0121516865702912,Low
37.46253065000002,0.2199976445648333,-0.036660217492828,-0.2222047429897353,Moderate
30.45217163000001,-0.0208765380893128,0.0298297886913935,0.1002985453852505,Low
40.01066456000001,0.1602881403678216,-0.0224838641038371,-0.156657439723994,Moderate
35.36728439000001,0.3634359614960687,-0.2005240767998964,-0.3172419913035761,Low
32.69610176000003,0.2701551048235895,-0.1693997646135739,-0.2243489690298201,Low
38.20253198,0.2532542555649695,-0.0653091956656954,-0.2465811147289791,Moderate
35.76548372000002,0.1005345886858693,0.009834888729361,-0.1150814503415659,Moderate
31.395545150000032,-0.0300145010807409,-0.0553074953860808,0.0547393680842554,Low
39.49796156000002,0.2567277272194664,-0.0888663282571912,-0.2474218810576103,Moderate
38.78017736000004,0.2805926139019742,-0.0640611927811641,-0.2649001918022305,Moderate
36.22008038000001,0.3750408481899713,-0.1767081999813566,-0.3493675396401211,Moderate
32.02446083000001,-0.0278712725125479,-0.0234047182420041,0.0670935569785232,Low
32.90118296000003,-0.0209240445089501,-0.0148561399109885,0.0730031491554537,Low
40.981382240000016,0.2396634325053343,-0.0823579036169988,-0.2297370155154855,High
29.70533426000003,-0.0407444333665669,0.0286714228025306,0.1006979062811565,Low
39.54752285000001,0.2307842677300805,-0.0698180211713931,-0.2251084778082618,Moderate
34.14876026000002,0.2793457747955546,-0.1731272111982771,-0.2440765058521267,Low
37.365117080000005,0.2099232990952736,0.0830470392114227,-0.2175385918312353,Moderate
30.597437480000053,-0.0341270638668408,0.0265964628054543,0.103568320278503,Low
36.98913488000005,0.2508526097271649,-0.1442765823965274,-0.2429276558125828,Moderate
36.43883366,0.1705604547164291,-0.0368725011106175,-0.1559701184530934,Moderate
35.88682343000005,0.2435867446393762,-0.0808118456273506,-0.2347055294277032,Moderate
31.18533692000005,-0.0536774354808473,0.0073413738856843,0.1100141043723554,Low
32.63457740000001,0.0118349994254854,-0.0367928415847412,0.0302830084792423,Low
38.67080071999999,0.3078679829085015,-0.1479840925991787,-0.288830810555737,Moderate
31.13064860000003,-0.0183150183150183,0.0101908214212434,0.0851507680637208,Low
29.67457208000002,-0.0154995848325491,0.0267460154593337,0.095026078107111,Low
40.19181962000005,0.1222895524567423,-0.0055931704445098,-0.1449000111719361,Moderate
37.45398560000001,0.3792165981040958,-0.2281327642224629,-0.3361056242852687,Moderate
35.69712332000006,0.3186804929365795,-0.1433318131474363,-0.2906998124517339,Moderate
31.27420544000006,-0.036852207293666,0.0106466876971608,0.1212934858743871,Low
33.53351666000003,0.3408590619179319,-0.1709769642798462,-0.3083178822535935,Low
37.573616300000026,0.3332344653714963,-0.1470494417862839,-0.3111645883468242,Moderate
37.44373154000005,0.2364458132512049,-0.0888117922617684,-0.224446953042996,Moderate
37.67786591000004,0.2399728076138681,-0.0739053639490564,-0.2559934764881761,Moderate
40.04142674000002,0.1498108191021576,0.0224308815858111,-0.1608107643070993,Moderate
34.98959318000004,0.328304386223138,-0.1431014281642864,-0.3001728857513326,Low
31.780072399999995,-0.0191953150417525,-0.0600093764650726,0.0491510277033065,Low
31.18533692000005,-0.0377843719090009,0.0251202565473009,0.1169208424110384,Low
31.83476072000002,-0.0068663430803835,-0.0368951239107595,0.0502122841777526,Low
39.309970460000045,0.1735702165884818,-0.0359653914606424,-0.1734530938123752,Moderate
30.715359170000056,-0.0143784354523151,-0.0160711998975541,0.0560908874613371,Low
40.43791706000002,0.3372039180765805,-0.1590972243662972,-0.313392107472712,High
39.70304276000002,0.232109079445145,-0.0827864452563592,-0.2228088701161562,Moderate
39.409093040000016,0.093390860953128,0.0031469031612072,-0.1055324211778703,Moderate
40.66350638000006,0.2599984647271052,-0.1062137754414341,-0.2363198132037811,High
40.63445321000006,0.1710758377425044,0.0219754173297667,-0.182679905824547,High
30.70681411999999,-0.0281370849446592,0.0268393644011216,0.1038701546217454,Low
37.87611106999998,0.2152475803057932,-0.0945672773215413,-0.2114665268309736,Moderate
41.77436288000001,0.1075044190904708,-0.0012348369288879,-0.1110528967254408,Extreme
37.35144500000001,0.1866636266376694,-0.0074599085751723,-0.2044074977303878,Moderate
29.61304772000005,-0.0106397490110489,0.0164090046107946,0.0820730241093463,Low
39.672280580000006,0.2395523757108787,-0.0133781270622112,-0.2386434463794683,Moderate
29.68140812000001,-0.0118096798416274,0.0214290542824308,0.0836234728112932,Low
43.29196376000005,0.1373425739622922,0.1568654531392426,-0.1281785925487877,Extreme
38.17006078999998,0.3672101356100739,-0.1655826597874859,-0.334739238133494,Moderate
30.464134700000045,-0.0285428142213319,-0.0505415162454873,0.0753587883281258,Low
41.99311616,0.1681889763779527,-0.0261801832958671,-0.1566227488890621,Extreme
35.70566837000001,0.4041645716663488,-0.1729571589954523,-0.369150662699486,Moderate
31.22122612999999,-0.0174602191814748,-0.0188109912686183,0.0581357390865655,Low
30.424827470000025,-0.0220398438017075,0.023784355179704,0.0983096356868249,Low
41.06854175000001,0.1400643885031612,0.0139559849704777,-0.1395781637717121,High
34.576012760000026,0.3441118965257933,-0.1614412424055362,-0.3146997168180648,Low
29.732678420000013,-0.0118512464241928,0.0204577678752278,0.0624878836833602,Low
33.01055960000002,0.0897195754268805,-0.0853882760112481,-0.0453373610062238,Low
37.13952776000002,0.2363606863262077,-0.1013152189622777,-0.2221821243834957,Moderate
33.25153001000001,-0.0169610892658019,-0.0426068282966605,0.0418990418990419,Low
40.70110460000001,0.1362317664482359,0.0524641751400003,-0.1325096556326208,High
37.28479361000001,0.2266773804740859,-0.065075959743952,-0.2166567045228133,Moderate
39.58853909000004,0.1397446739962144,0.0032753398605339,-0.1402497985495568,Moderate
31.075960280000004,-0.0514744602422327,0.0256271553181418,0.1239056420233463,Low
34.36580452999999,0.3393768923446262,-0.1412346583623374,-0.3101538677228278,Low
36.94128260000002,0.2097900766990845,-0.0567562175821252,-0.2025122491061463,Moderate
39.86027167999998,0.1994323333464737,-0.0526934920250493,-0.196837384942176,Moderate
38.12733553999999,0.2497794884131184,-0.0716078242634672,-0.2398377217405138,Moderate
38.57509616000005,0.1489338924078865,-0.0578610152784623,-0.1638861274288296,Moderate
38.07093821000001,0.176372942315673,0.0989343666747396,-0.1696237351409765,Moderate
32.83282256000001,-0.0335374744823563,-0.0425317729960991,0.0553560230317541,Low
31.961227460000032,-0.0433392539964476,-0.0250586817230222,0.0713259382723145,Low
32.97979742000001,0.0582010582010582,-0.0811378188306917,-0.0356442612236689,Low
32.251759160000006,-0.0352459469927516,-0.0478365384615384,0.0779481755684822,Low
32.94903524000006,0.0629057777292814,-0.0756404593639576,-0.0260704692684468,Low
31.735638139999992,-0.0340087263164186,-0.0173097501101529,0.1044991134751773,Low
32.20903391000002,-0.0070024847526541,-0.0601712287471361,0.0369416983870526,Low
30.337667960000037,-0.0299858175187411,0.0189877740591489,0.1077773636476581,Low
32.152636580000035,0.0381833652414379,-0.0721660808435852,-0.008263609131288,Low
39.262118180000016,0.1288110985642845,-0.0129559930515344,-0.1343465045592705,Moderate
30.464134700000045,-0.0369363395225464,0.0264780801716047,0.0647217928902627,Low
36.09361364000006,0.3273984004632143,-0.1230175739391341,-0.3028806876709409,Moderate
39.00918469999999,0.1621934289680703,0.0112529116498802,-0.1878448683588207,Moderate
39.87736178,0.1035848270112547,0.00907644802096,-0.124661486450608,Moderate
37.00964299999998,0.2166698674860764,-0.0599651987685718,-0.2083619439993896,Moderate
34.907560699999976,0.0243594957299715,-0.0577613538539064,-0.0269906633505932,Low
29.70875228,-0.0123087385243114,0.0169216190605117,0.0837171156393918,Low
32.636286410000025,0.0586860693610919,-0.0867657080550633,-0.024331337838185,Low
42.85103918000004,0.1155195355026007,0.0327249842668344,-0.1219433067034348,Extreme
37.09509350000002,0.2633350546024824,-0.079293498684705,-0.2578501380557936,Moderate
35.83042610000001,0.2172925558992834,-0.0986393355716557,-0.1967661212704523,Moderate
31.513466839999975,-0.012764383054819,-0.0236572890025575,0.0504996589864484,Low
31.564737140000037,-0.0447090268497144,-0.0091766668805749,0.1151747032014854,Low
37.13610974000005,0.3035769112680381,-0.1422902303682529,-0.2753829978972664,Moderate
36.830196950000015,0.3475603217158177,-0.2073405073020753,-0.3300638605652189,Moderate
41.61371594000002,0.1051070572461707,0.0125249591577418,-0.1241992147137838,Extreme
34.16414135000002,0.343692013569996,-0.1328655857905881,-0.3104116399795277,Low
30.255635480000024,-0.0203943356595975,0.0181657668669994,0.0962620327540942,Low
34.71786058999999,0.2291228581541088,-0.1433994422063836,-0.2034409654272668,Low
32.116747369999985,0.205006280279921,-0.1196932118963756,-0.1711464260022235,Low
37.62830462,0.1246175643210611,-0.0045670475596559,-0.1410416666666666,Moderate
29.729260400000044,-0.004524886877828,0.0157266811279826,0.0795562599049128,Low
29.14477898000001,-0.0146387962143392,0.0239428070412086,0.0928352034100169,Low
33.09601010000006,-0.0478977544194935,-0.0249453516780249,0.0755045233124565,Low
38.86904588000005,0.3178531494595601,-0.1554524361948956,-0.2938378220140515,Moderate
32.316701540000054,8.7404947120007e-05,-0.0517188553220172,0.0348376212568536,Low
38.36317892,0.2398252471832605,-0.0853826282416882,-0.2178430265386787,Moderate
32.104784300000006,0.0169814493078518,-0.0584461035930937,0.0051535087719298,Low
37.00964299999998,0.2003069277988892,-0.0778266290439005,-0.2011408095359976,Moderate
32.08427618000002,-0.0305427889929606,-0.0207656967840735,0.0723153148137838,Low
30.322286870000028,-0.0190075351299979,0.0274253794124575,0.0938959776781515,Low
36.609734660000015,0.2555986389174646,-0.069745491319737,-0.2310974900104744,Moderate
35.41855469000001,0.2182096990607629,-0.0715020315950972,-0.2066680590100438,Low
30.523950050000053,-0.0155108231076795,0.0257529760889586,0.0889314194577352,Low
32.67217562000002,0.0051276684805357,-0.0652101585893312,0.0227399908429567,Low
30.18385706000004,-0.0134170359428852,-0.0221910470603239,0.0571142873948591,Low
33.58820498,0.1900057391161761,-0.0349204085634325,-0.1823235923022095,Low
41.76410882000005,0.181467449862709,0.0204881422355415,-0.1942521870498542,Extreme
41.92475576000004,0.1489833486737511,-0.0284034526016214,-0.1437674399233684,Extreme
32.54229085999998,0.0021846613774864,-0.0563888131381995,0.0328182650428607,Low
38.31532664000002,0.1053193013740069,0.0515199125623334,-0.13532518929173,Moderate
35.775737779999986,0.2678617063999123,-0.1439865599367526,-0.2129933636046105,Moderate
35.35019428999999,0.2784101240045092,-0.1305494364136289,-0.2689045298682548,Low
34.04280163999999,0.3476661342713062,-0.1439539347408829,-0.3170577712301378,Low
32.75079008,0.2062762574565373,-0.147975525170639,-0.1762442568408664,Low
37.694956010000055,0.1867518841436382,-0.0616716792808275,-0.2132875056655084,Moderate
41.89399358000003,0.1856773146896365,-0.0388520373629348,-0.1803429977697454,Extreme
30.616236590000028,-0.0336890702887156,0.027376502677038,0.104788470478847,Low
29.83863703999998,-0.021465682253213,0.0340778730008772,0.08828025477707,Low
36.99255290000002,0.2263969541975926,-0.0400156540455924,-0.2202494834315451,Moderate
33.824048360000006,0.2399525182296082,-0.1714194168535725,-0.2002626395272488,Low
29.67457208000002,-0.0317045378376566,0.024643845790291,0.1104679802955665,Low
37.46765768,0.1862883051907442,-0.0281861914763872,-0.1872628408246293,Moderate
32.17656271999999,-0.0463506219197371,-0.025877303711184,0.0727366079068971,Low
29.842055060000007,-0.019781718963165,0.0218501123136614,0.0941754916792738,Low
40.08586100000002,0.2251256857760021,-0.0528996221455561,-0.2199021641890477,Moderate
33.22760387000005,0.0920876060260792,-0.0736297107582018,-0.0755305089394808,Low
38.325580700000046,0.2884465695540976,-0.0886967960161608,-0.2737166098713862,Moderate
34.220538680000004,0.3787862338508305,-0.1901786829938773,-0.3452914798206278,Low
34.38460364000002,0.1774134509796366,-0.0641268956871485,-0.1784350777062203,Low
33.198550700000055,0.1635704795265128,-0.1126614151401048,-0.1255053160415936,Low
39.344150660000025,0.1241570805236017,-0.029689608636977,-0.1334057018796777,Moderate
41.788034960000005,0.1518787496053047,-0.0089193113461937,-0.1531531531531531,Extreme
31.17337385000002,-0.0245231607629427,-0.0414779713882974,0.0741708435533752,Low
40.436208050000005,0.2386690920115204,-0.0254592228897708,-0.2405495673295885,High
41.13519314000001,0.1305472792849302,0.0055519155832959,-0.145501489572989,High
37.77869750000002,0.2197921820880752,-0.0609399208125322,-0.2205410543826989,Moderate
36.117539780000016,0.2059521242182445,-0.0983658076681332,-0.1698255303125392,Moderate
30.24025439000002,-0.0302251673541145,0.0200204988042364,0.1076128550539775,Low
37.45911263000005,0.2328709380748007,-0.0371862860458743,-0.2249614498657884,Moderate
32.856748700000026,-0.0179712221625171,-0.0332956401557984,0.0488086976636594,Low
36.44908772000002,0.2049762497172585,-0.0842186673179468,-0.170298769771529,Moderate
40.08415199000001,0.1586681439150971,-0.0193228454172366,-0.183795055108728,Moderate
34.73665970000002,0.0171361370890967,-0.0675326201951334,0.0122093813732155,Low
37.24377737000003,0.2144418052256532,-0.0428496834410286,-0.2131508513505818,Moderate
41.21722562000002,0.1236412521605531,0.0413867680309335,-0.1495147157059216,High
30.511986980000017,-0.0217801406276796,0.0296679368535655,0.0994632143984843,Low
34.30769819,0.049049911325057,-0.0883427520042055,-0.0200280836597442,Low
35.114350909999985,0.3655792629165932,-0.1712695483831937,-0.3345166293296571,Low
37.95985256000006,0.2299123718995989,-0.0175406260559702,-0.2414827030471121,Moderate
30.911895319999985,-0.0337924084648975,0.0191973266955365,0.1073179815033207,Low
31.650187640000013,-0.0577197887542715,-0.00516967126193,0.0979062574351653,Low
40.19865565999999,0.1504194277396866,0.0021926910299003,-0.1630266418835192,Moderate
30.951202550000005,-0.0261353898886032,-0.0184343595980285,0.0581305866335168,Low
31.23660722,-0.0460895678286982,0.02024943006571,0.1141558047893301,Low
30.623072630000024,0.0037160790681697,-0.0182152247600342,0.0470232447817836,Low
40.54387568000004,0.1486528578103099,-0.0055900197695821,-0.1754253157496314,High
31.01785394000001,-0.0553898041250486,0.0223534939920789,0.1234426722840806,Low
31.732220120000022,0.3557912406531359,-0.2068871833186171,-0.3180284093016355,Low
32.85845771000004,0.0063541608605986,-0.0221643502137175,0.016826399477238,Low
42.314410039999984,0.1395068245230374,0.0765705206550965,-0.1452933151432469,Extreme
35.461279940000054,0.2913919758899981,-0.0865293185419968,-0.2755823472501302,Low
31.14432068000002,-0.0297324754486962,0.0287457627118644,0.1137643055985153,Low
36.40465346000002,0.2319126615814085,-0.0514303057895136,-0.2436992891505708,Moderate
37.500128870000026,0.2301831046145473,-0.0287218998390793,-0.228344622789822,Moderate
38.592186260000005,0.1368538619943457,-0.0179545276974763,-0.1493498473861571,Moderate
29.44556474000001,-0.0164696234538372,0.0256583846726694,0.090782740539516,Low
40.21745477000002,0.163294902472627,0.0460248558006778,-0.1912602795670979,Moderate
31.28104148,-0.0443368828654404,0.0182975338106603,0.1100426708335837,Low
35.38950152000001,0.4104475139951638,-0.2180330682533325,-0.374390755624415,Low
36.77038160000001,0.3255445084916244,-0.1395503525342556,-0.2962584647977906,Moderate
37.32410084000003,0.254154979696069,-0.1960713857947059,-0.2240245148110316,Moderate
31.93046528000002,-0.0274026781174077,-0.0465710116731517,0.056456917342688,Low
31.369910000000004,-0.0275862068965517,0.0151338766006984,0.0937618147448015,Low
29.780530699999986,-0.0083339072938907,0.0217420845223535,0.0902887470777784,Low
35.594582720000005,0.2669079476493383,-0.0742238960958447,-0.2512637203928365,Moderate
30.66921590000004,-0.0316432084110564,0.0223591850710494,0.1059059309826517,Low
32.39702500999999,0.0617226966176885,-0.0700920086839656,-0.0382146439317953,Low
33.13019029999998,0.3629428592386122,-0.1659032440233419,-0.3257464949520174,Low
34.86312644000003,0.2262085228229745,-0.053202647473688,-0.2076974120769741,Low
37.59925145,0.2273762765121759,-0.0859774109470026,-0.220235073606935,Moderate
30.383811229999992,-0.0299655800769386,0.0185393833862542,0.1077658451797132,Low
33.1472804,0.0704651032629988,-0.0783108755708406,-0.048,Low
31.072542259999977,-0.0585691573926868,0.0152986563788745,0.1175488793514544,Low
36.074814530000026,0.2880509610265636,-0.0949267333530999,-0.2743652148643249,Moderate
30.515404999999987,-0.0092538362422396,-0.0394494285363156,0.0507827843555356,Low
31.222935140000004,-0.024771195264975,-0.0563338477976967,0.0502495129826808,Low
37.38904322000002,0.2803295421405657,-0.1346880754692598,-0.2548052876027152,Moderate
40.14738536000005,0.2464765037945343,-0.060799847284528,-0.2501218551985302,Moderate
35.874860360000014,0.2386209011288066,-0.1163698547320055,-0.2239139491724425,Moderate
36.29014978999999,0.2951354633072778,-0.1094245177227738,-0.2734632963342971,Moderate
29.61304772000005,-0.0106397490110489,0.0164090046107946,0.0820730241093463,Low
29.736096439999983,-0.0166836908409942,0.021613930483095,0.0855550630105756,Low
29.746350500000005,-0.009068425391591,0.0198423484642565,0.0979926208492276,Low
32.78838830000001,0.000764442503003167,-0.0650860065086006,0.0281047831159189,Low
29.32935206000002,-0.0164137931034482,0.0317718940936863,0.0904916778266692,Low
35.98081897999998,0.3181919559884023,-0.0840338703267814,-0.288683770622865,Moderate
32.08085816000005,0.0841347364181058,-0.1113290322580645,-0.0479388718547719,Low
33.50617250000005,0.2485280929543416,-0.1067293401997718,-0.2264823042745518,Low
35.61850886000002,0.3092306544287739,-0.1455714798733309,-0.2819669735496127,Moderate
31.22635316000003,-0.0392927926510837,-0.0062938675981151,0.0858254752282592,Low
38.23671218000004,0.1147060022003993,0.0016422758293492,-0.1275245239469128,Moderate
32.60039720000003,-0.0515561891185554,-0.0297285097052943,0.0820878362842032,Low
30.604273519999992,-0.029641925539483,0.0215876485858723,0.1059087929581421,Low
40.557547760000034,0.1991462285046917,-0.0099721864188318,-0.1963037364403375,High
36.87634022000003,0.2459498124734176,-0.0191985324350823,-0.2357723577235772,Moderate
31.732220120000022,-0.0431613052534135,-0.0284186306821715,0.1036314363143631,Low
31.920211220000056,-0.0466821677696297,-0.022051773729626,0.074116965836711,Low
43.2133493,0.1331430900937627,-0.0179820545687603,-0.1382939514312625,Extreme
41.50433930000003,0.1092369183381614,-0.0022197925984825,-0.1390593817072711,Extreme
35.50400519000004,0.1426852743022136,-0.084667565036658,-0.1215019482819695,Low
39.19546679000001,0.1319792942664085,0.0334857200695018,-0.1748277559055118,Moderate
39.09463520000003,0.2102785032120322,-0.0418273411988644,-0.2077689849338,Moderate
39.69620672000002,0.1864468864468864,0.0393142619863267,-0.2021898487519718,Moderate
36.94128260000002,0.3886235050987566,-0.1874728394704058,-0.3599654932147715,Moderate
38.14784366000004,0.1957059652061365,-0.0130297361800941,-0.1963891216576521,Moderate
31.90312112000004,-0.0334968297643258,-0.0164181921117191,0.083494044242768,Low
35.16391220000003,0.2114838480653177,-0.1276692412539754,-0.1818024413470695,Low
34.07527283000002,0.3472458508184946,-0.2424517118750435,-0.3019381473430393,Low
33.93855202999998,0.0916608881012918,-0.088780737704918,-0.0581265091732842,Low
33.789868160000026,0.3990943099035243,-0.1963970031147403,-0.3599566202035023,Low
34.53841454000002,0.3060374995395439,-0.1117905299466917,-0.2844385675729527,Low
30.592310450000014,-0.0158688264986308,0.0154465641296455,0.0540369125388469,Low
37.52234600000003,0.1832957646221378,-0.0425783972125435,-0.1796570076877587,Moderate
38.14613465000002,0.1269069906393148,-0.0119469184819544,-0.1525706836144382,Moderate
31.33231178000005,-0.0108884772969635,-0.0536920777279521,0.0508684529419684,Low
36.39098138000003,0.3046158529624415,-0.1583606446599317,-0.2725585538769904,Moderate
40.86175154,0.0735485910761569,0.0269728122649281,-0.0962508575810161,High
35.724467480000044,0.3359891353553644,-0.1299140848737308,-0.3053093430992693,Moderate
37.60096046000001,0.1144076205596348,-0.0588789892990147,-0.0899650621118012,Moderate
39.262118180000016,0.1993610935700754,-0.0255693548899406,-0.2054508120216539,Moderate
32.15947262000003,-0.0173307231690465,-0.0467983316977428,0.0523071797434616,Low
31.296422570000004,-0.0096450061900786,-0.0449919494486131,0.0468299711815562,Low
40.2738521,0.2004150493831905,-0.019052590369307,-0.2031430552345736,Moderate
32.42266016000002,0.0706011845484564,-0.080912314123935,-0.0338090899888652,Low
36.1893182,0.1976902588292702,-0.0738296631179816,-0.1779550862879197,Moderate
38.04188504000001,0.312071082857762,-0.1007878787878787,-0.2937070408490331,Moderate
31.16995583000005,-0.0367399893849147,-0.0283951394572813,0.0858518021043205,Low
31.08963236,-0.0225018596578229,-0.0191959669079627,0.0709361927767631,Low
30.84182591000001,-0.0416549482828661,0.0027315296566077,0.1011196435898938,Low
41.12493907999999,0.128259712613092,0.0295432937779499,-0.1385606874328679,High
34.54183255999999,0.2757318952234206,-0.1055548137267993,-0.2486521132601892,Low
32.49102056000004,0.0832289242885269,-0.0825645874326016,-0.0562744658039743,Low
35.676615200000015,0.186428038777032,-0.0201260998112064,-0.1780337309749074,Moderate
36.57726347000005,0.3031320926009986,-0.1237063364073337,-0.2841065645631676,Moderate
35.832135110000024,0.3633683761897996,-0.1457266934292408,-0.3415695388540374,Moderate
35.897077490000015,0.3142879262958232,-0.1412053376357097,-0.2897001006628554,Moderate
38.95107836,0.2450706339230437,-0.0702122169902599,-0.2334312158495335,Moderate
31.45194248000001,-0.0201467479169257,-0.009093237704918,0.0736582211510199,Low
34.471763150000015,0.3446204076137262,-0.116536467431558,-0.32545870798633,Low
36.20469929000001,0.3124805306653473,-0.1124295276996909,-0.2979251608226873,Moderate
38.35634288000006,0.2348854961832061,-0.0915654520917678,-0.2243708609271523,Moderate
29.520761180000022,-0.0167292591328098,0.022469621885819,0.0897022567798217,Low
32.63970443000005,0.0255200514690113,-0.0744860128075497,0.0021128413803897,Low
37.49841986000001,0.2985612820979785,-0.1142991092358181,-0.2853589068752929,Moderate
33.42414001999998,-0.0302277432712215,-0.024176922596364,0.0592758363459,Low
38.01112286,0.2285069633548588,-0.075759640277967,-0.2163931900469917,Moderate
36.40807147999999,0.2163508718955235,-0.0122820794722789,-0.220219613782658,Moderate
32.34062768000001,0.0640311529550944,-0.1009894930123431,-0.033119555853355,Low
34.777675939999995,0.060918757529726,-0.0743117806184692,-0.03505723630417,Low
36.67125901999998,0.2144716190173445,-0.0835031993902547,-0.1976723681890319,Moderate
34.623865040000055,0.2504991899935953,-0.0922373227154562,-0.2352809825083736,Low
31.28104148,-0.0531236182174215,0.0114093517114027,0.1194783834586466,Low
42.31953707000002,0.122595186347903,0.0347619953973664,-0.1244507155815359,Extreme
36.661004960000014,0.2711488147149766,-0.1161544084374673,-0.252627055744365,Moderate
30.25905350000005,-0.0212909311413556,0.0179826933477555,0.0850051966867185,Low
35.037445460000015,0.287335886214442,-0.090888019701579,-0.2859289617486338,Low
30.37868420000001,-0.0324333389233607,0.0183414434954231,0.1085014988102228,Low
42.34859024000002,0.1357778516302943,0.0185078818048375,-0.1509504565184852,Extreme
31.17850088,-0.0173860041215569,-0.0460388085527128,0.0544895964250803,Low
29.438728700000013,-0.0177780805122266,0.0283018867924528,0.0988626421697287,Low
29.99586596000006,0.0078221490325236,-0.0425260083956926,0.0409670920080591,Low
33.193423670000016,0.1969159745853461,-0.164952751528627,-0.1714645053102291,Low
36.32945702000001,0.2588884108421011,-0.0865572885017892,-0.2483419307295505,Moderate
36.94982765000003,0.3038556773965334,-0.111139316822415,-0.2896655863288155,Moderate
35.064789620000056,0.3027253518604734,-0.0785264250240901,-0.2837380011293055,Low
33.51471755,0.4088971809047806,-0.2396012168308183,-0.3696979782011814,Low
38.062393160000056,0.2669313404950957,-0.0732302416828777,-0.2651585820895522,Moderate
39.460363340000015,0.1927618587030991,-0.0365648641075931,-0.1897889447236181,Moderate
35.261325769999985,0.2162761546620383,-0.0947372075262098,-0.1983659509785293,Low
35.24594467999998,0.3921555015619576,-0.1996530374181198,-0.3563747040919851,Low
36.09361364000006,0.2989717082793008,-0.114628718302354,-0.2907675275413346,Moderate
32.69097472999999,0.2033957763277906,-0.135593220338983,-0.1634784968118301,Low
37.60096046000001,0.1504477170132465,-0.0266129564815426,-0.1461643381133188,Moderate
42.62203183999998,0.1684559363403647,0.0361433949909968,-0.1612890501735563,Extreme
32.12529242000005,0.0401216135512242,-0.0602102933038184,-0.0115100316789862,Low
34.28548106000005,0.2759698899826288,-0.1154079773233448,-0.2295960122014731,Low
34.36067750000001,-0.0262749475862444,-0.0510506980161645,0.0528127979658862,Low
34.22395670000003,0.3075384847570178,-0.1298946887939747,-0.285327497960092,Low
35.91587660000005,0.2198884148342632,-0.0864847089773101,-0.2082893132872816,Moderate
40.05851684000004,0.1776986165189296,-0.0289891788208895,-0.1752645502645502,Moderate
38.81093954000005,0.1688001817906377,-0.0254016247736447,-0.1724190331465476,Moderate
38.46913754000002,0.2038199181446112,-0.0403206790851214,-0.2045711611217286,Moderate
40.12516822999999,0.269220127277758,-0.0960914831882573,-0.250876509544215,Moderate
32.333791640000015,0.3488300254845934,-0.2029339853300733,-0.312887585973616,Low
41.44623296000003,0.1073410992103823,0.00477796514896,-0.1291454081632653,Extreme
38.50160873000005,0.1928619212063136,-0.0651770290124154,-0.1858295738447436,Moderate
29.42163860000005,-0.0329684997330485,0.0232558139534883,0.1071538603734056,Low
38.07606524000005,0.3094822787159028,-0.1066365575210136,-0.2938286091452459,Moderate
32.477348480000046,0.0183997060569232,-0.0606069525799899,0.02860377968889,Low
36.84216002000005,0.252295616113744,-0.0452761380844948,-0.2389918675360832,Moderate
36.96179072000001,0.236357637743319,-0.0894871496685661,-0.2321299401591372,Moderate
29.582285540000044,-0.0166112956810631,0.0205955837666284,0.0877987421383647,Low
30.317159840000045,-0.0110113501609351,-0.0549966869465694,0.0443607791782615,Low
29.879653280000014,-0.0174225476238899,0.0248267509923972,0.092991239048811,Low
38.592186260000005,0.211425858521918,-0.0463010422005809,-0.2159961876017632,Moderate
39.07925411000002,0.2127825098242604,-0.0482052343022654,-0.1940374720138261,Moderate
33.249821,0.1074155619056542,-0.1307758538218693,-0.0795013470934745,Low
31.48954070000002,-0.0269513901563545,-0.0138184584178499,0.1031234228677171,Low
37.19250707000003,0.1987385529747104,-0.0191111263877908,-0.2013857935896916,Moderate
40.32854042000002,0.1977720310324249,-0.0468011126564673,-0.1896313273007468,Moderate
31.725384080000023,-0.0406078071784123,0.0019758806295564,0.0740249067576964,Low
35.69712332000006,0.3114918979325759,-0.1607787540594451,-0.2866644739246428,Moderate
37.51892798000006,0.2224791036813089,-0.0987851662404092,-0.1994939580334162,Moderate
35.922712639999986,0.3444535920105953,-0.1481147503400632,-0.3143666999107658,Moderate
40.07902496000003,0.1611712598425196,-0.0223136915077989,-0.1691786761365982,Moderate
39.00576668000002,0.1726892912116103,-0.0492179558645112,-0.1670435480341381,Moderate
30.416282420000016,-0.0113093438161475,-0.0193926544864999,0.0649736902310684,Low
31.14773869999999,-0.0348488633524856,-0.0077928853239427,0.0941117852223101,Low
32.54229085999998,0.3339958043502263,-0.1178066983285018,-0.3075285884347606,Low
33.81208529000003,0.2706013601939456,-0.1836277879926452,-0.2387884872824631,Low
33.26862011000003,-0.0192350491209105,-0.0153714492610513,0.0486059708857636,Low
29.585703560000013,-0.028008368765607,0.0265630280500169,0.103070312013452,Low
31.366491979999974,-0.0115116631323841,-0.0321376605301448,0.0493255251580572,Low
31.957809440000005,-0.0420360308836145,-0.032675709001233,0.099268659926866,Low
34.54354157,0.280875593399141,-0.1088569611376571,-0.2626789726828725,Low
37.38220718000002,0.3576066466522377,-0.1982006963058816,-0.322294379653871,Moderate
39.43985522000003,0.3541689274733224,-0.1554320987654321,-0.3287899762183651,Moderate
37.590706400000045,0.2636842006703994,-0.1075695903361344,-0.2441830450975331,Moderate
33.694163600000024,-0.0293800215853219,-0.0272877268688919,0.0640069384215091,Low
39.417638090000025,0.144089219330855,-0.0471080003888402,-0.1304731119600352,Moderate
40.71477668,0.116131282210253,0.0189707435032866,-0.104066848096899,High
31.97831756000005,-0.0294189752390291,-0.0204923314860162,0.0669337732736271,Low
30.88113314000003,0.0003678724708767627,-0.0228825778948028,0.0490456068774588,Low
35.82017203999999,0.2845277187560363,-0.114052134289352,-0.2695200641441717,Moderate
38.40419516000003,0.2331020303263942,-0.0468146116444333,-0.238832946036664,Moderate
30.588892429999987,-0.0292177191328934,0.0194478444172446,0.1061244730969501,Low
30.51711401,-0.0109663446663687,0.0265935850588712,0.0766119973039766,Low
38.886135980000006,0.1583572110792741,-0.0315732172019597,-0.1721045306942941,Moderate
35.68003322000004,0.302444150385304,-0.132065897635398,-0.2803198408447471,Moderate
29.804456840000057,-0.0251657421187931,0.0258247701460248,0.0953606629418042,Low
33.914625890000025,0.1298748319023482,-0.0813821097965447,-0.099202455531235,Low
35.41684568000005,0.2588259950082878,-0.0993311370669861,-0.2434975721760078,Low
34.86996248000003,0.2962875197472354,-0.1604440673172111,-0.2729352905815509,Low
41.11297601000001,0.1456247632447643,0.0303520718189868,-0.1563461573475593,High
38.02479493999999,0.1888196870727631,-0.0610086767895878,-0.1981933705886856,Moderate
29.75318654,-0.0162817630628789,0.0282637954239569,0.078317482606753,Low
34.415365820000034,0.0967541171964764,-0.1075442964538664,-0.0696892582821656,Low
38.40590416999999,0.1580977331441254,0.0204357995814354,-0.1859303971980028,Moderate
40.69085054000004,0.1265588542923807,0.0032035310030611,-0.133673386770302,High
39.80216533999999,0.103060915243964,-0.0062109511786063,-0.1177855578076694,Moderate
36.881467250000014,0.2228787070214226,-0.0726382132169784,-0.2098960985084196,Moderate
38.527243880000015,0.0776107899807321,-0.03777926222816,-0.0917893257330262,Moderate
32.18510777000006,-0.0342047870137757,-0.0464538901020011,0.0622922697544762,Low
35.95689284000002,0.3171598547477401,-0.132494104361112,-0.2961547965254414,Moderate
33.29254624999999,-0.0274030235884778,-0.0415089805971045,0.0596338983050847,Low
32.08085816000005,-0.0143305737938909,-0.0449098172134124,0.0375738655368491,Low
43.10055464000004,0.1775034073598974,0.022463309927119,-0.1790631397262473,Extreme
37.40442431000002,0.2608618479439897,-0.1346324495083945,-0.2350668418205702,Moderate
35.37582944000002,0.2230085209102725,-0.1184950375485867,-0.1930523688765447,Low
40.39006477999999,0.1687816270922538,-0.0045164096216252,-0.1738994448354054,Moderate
33.321599419999984,0.1366859276828745,-0.0888786831355297,-0.1024963289280469,Low
36.134629880000034,0.2100362557679631,-0.1001236093943139,-0.1909492721300839,Moderate
35.30746904,0.1320531174408846,-0.1116928446771378,-0.1002254953701482,Low
32.42607817999999,-0.007850530403219,-0.0479077508321445,0.0468982294904716,Low
34.550377610000055,0.3652517275419545,-0.1649949301926526,-0.3347035064517282,Low
35.11605992,0.3701173959445037,-0.1560905325088551,-0.3302248471660968,Low
33.68732756000003,-0.0429484145764316,-0.0245076309290101,0.0644769559937546,Low
38.54433398000003,0.2903596021423106,-0.1377972676673975,-0.2799301787272796,Moderate
40.66350638000006,0.1804705927474255,-0.0231359904264867,-0.184605022611373,High
37.737681260000045,0.254278728606357,-0.0317714716696521,-0.2587991718426501,Moderate
37.44373154000005,0.2244865593529458,-0.0416540186852845,-0.2191213042276872,Moderate
31.97831756000005,0.0286585855342377,-0.0825073214687992,0.0023875019463331,Low
39.42447413000002,0.3575972102966688,-0.2078324992594671,-0.3161077701899228,Moderate
33.08062901000005,0.2771500992277916,-0.0968830686669929,-0.248496955494516,Low
29.932632590000026,-0.0088242308609587,0.0188857412653446,0.0840627164536238,Low
37.81971374,0.1782284704617039,0.0038645146624232,-0.1950288296711859,Moderate
31.41092623999998,-0.048976655986399,0.0227776657931868,0.125172932330827,Low
33.046448810000015,-0.0166416147734593,-0.043047488896481,0.0472029336038074,Low
36.637078820000056,0.252404410039878,-0.0952169304933502,-0.2307987858762054,Moderate
30.887969180000027,0.0150643496826997,-0.0416920267802799,0.037239129211903,Low
34.073563820000004,0.2455231405820786,-0.0454731189072441,-0.2517035328650802,Low
32.42607817999999,0.0485541648683642,-0.0870854074612674,-0.0161020493517356,Low
38.264056340000025,0.2548607870586405,-0.1076405574243152,-0.2479214200085076,Moderate
30.855497990000003,-0.0367717149542158,-0.0287212710165047,0.0930700609225413,Low
30.66067085000003,-0.0246201844818231,0.020968071345905,0.1020573819112734,Low
35.75181164000003,0.2485448635573361,-0.0793661166476066,-0.2477902848077359,Moderate
39.36807680000004,0.1139205334815226,0.0923703871405931,-0.1717939349652904,Moderate
39.62784632,0.1633276470821597,-0.007282220390217,-0.1698248693501416,Moderate
31.744183190000054,-0.0268954324136332,-0.0333620583528253,0.062515705709898,Low
34.415365820000034,0.1020786731409242,-0.0857296425692018,-0.0676532769556025,Low
33.314763380000045,-0.0465769455822118,-0.0316575914904394,0.0729931160038687,Low
38.45204744,0.2082454534601456,-0.0945205479452054,-0.1918819188191882,Moderate
33.40534091000001,0.2844477138100584,-0.0950078389306048,-0.2582871880452097,Low
40.19352863000006,0.1790904171092982,0.003405221339387,-0.1862950713882391,Moderate
32.904600980000055,0.0171537484116899,-0.0709030100334448,0.0192454949206187,Low
36.87121319000005,0.2955808706180177,-0.1172348335047061,-0.273136965064715,Moderate
30.79739165000001,-0.0266835218148894,0.0242164754238739,0.1020330969267139,Low
36.332875039999976,0.2300198887851605,-0.0982694572800579,-0.2184471874874351,Moderate
30.31374182000002,-0.0238386308068459,0.0245673566338649,0.0956395897564965,Low
37.70350106000001,0.2676182647036843,-0.0543262058677274,-0.2681395088034092,Moderate
37.96327058000003,0.2706814357823892,-0.0901599903765187,-0.29196664053033,Moderate
31.96464548000006,-0.0255535607420706,-0.0130338756338071,0.0720086626962642,Low
34.29231709999999,0.3011718278097692,-0.1406382377859361,-0.2683807654563297,Low
31.90312112000004,-0.0475963826749167,-0.0220916868854552,0.07377191459816,Low
30.90505928000005,0.0112353060104554,-0.0495833083518196,0.0278495071497986,Low
34.570885729999986,0.316677648436928,-0.1161657693441529,-0.3003976861894432,Low
32.79864236000003,-0.0217439538495673,-0.0452821242294926,0.0647008909630886,Low
30.81619076000004,-0.0246623805150185,0.0212664277180406,0.0970586382817912,Low
36.82848794000006,0.2955720386603731,-0.1244269597164873,-0.2648209779468237,Moderate
33.54035270000003,0.0604599218234428,-0.0730429422642284,-0.034056034056034,Low
31.61942546,-0.0101508747030329,-0.0258689604451123,0.0468522534834665,Low
31.25711534000004,-0.0047002843381883,-0.0484107579462102,0.0463163747567417,Low
36.00474512000005,0.2750074176639304,-0.0963363608531482,-0.2610635051062331,Moderate
40.21916378000003,0.0794089759797724,0.0324728212755409,-0.0872696884078156,Moderate
36.674677040000006,0.2076239889027004,-0.0875081116158338,-0.2038287479347748,Moderate
31.01785394000001,-0.0118668083599008,-0.0372780515013479,0.0461073749002621,Low
33.314763380000045,0.0869177403369673,-0.0654296400641181,-0.0517381922800287,Low
36.96179072000001,0.2534822148037297,-0.1217870572277261,-0.2379256115353279,Moderate
36.75500051000006,0.0755322377834626,0.0214797136038186,-0.0701266205051877,Moderate
36.83703299000001,0.1724622536124824,-0.0543251081479561,-0.1903925657629971,Moderate
38.97500450000001,0.1737235367372353,-0.0175438596491228,-0.1724459648577204,Moderate
30.37526618000004,-0.0217448952532484,0.0236866481407966,0.0954176245210728,Low
39.12197936000001,0.1982589600815622,-0.0713459313536444,-0.1925538557602248,Moderate
37.46423966000003,0.1652678108054904,-0.0130375256705457,-0.1724013756099317,Moderate
36.117539780000016,0.2984349317515901,-0.1614779773700697,-0.2984349317515901,Moderate
40.73186678000002,0.1081806886047537,0.0204081632653061,-0.1282134987350036,High
44.13279668000001,0.0735294117647058,0.0210727969348659,-0.0854538213037128,Extreme
39.64664543000004,0.1405680142779545,-0.0071604769083184,-0.1479391608255071,Moderate
33.58136894000006,0.4189921836021952,-0.1770126358770622,-0.3874272334059644,Low
29.773694660000046,-0.0213921901528013,0.0227858402278584,0.0883208908009616,Low
36.18760918999999,0.2864102909742148,-0.1022704771962246,-0.2744581807081807,Moderate
41.16253730000005,0.0582138403990024,0.0721874893239042,-0.0995141700404858,High
36.20299028,0.2723390795508461,-0.0829182931753937,-0.2558538869809553,Moderate
32.76275314999998,0.2599127676447264,-0.1037585104904821,-0.2439320388349514,Low
31.455360499999983,-0.036627741384221,-0.0354497030551643,0.0626056591746806,Low
32.43291422000004,0.0277369924450732,-0.0732047279214986,0.0049110835401157,Low
32.337209659999985,0.0076150535261008,-0.059103300272606,0.0207014909363938,Low
38.43837536000001,0.2836918204611005,-0.145413870246085,-0.2648080387822953,Moderate
38.21107703000001,0.1575046077410049,-0.0051494380849657,-0.1564388935591049,Moderate
33.43952110999999,0.2905107819024194,-0.1250997340425532,-0.2644970856374234,Low
34.55208662000001,0.1579459722560233,-0.0960103197272643,-0.1406789413118527,Low
39.11343431,0.1509481351249529,-0.0036503011498448,-0.1582938388625592,Moderate
35.57578361000003,0.2897656734947237,-0.0805583995579607,-0.2745361140929305,Moderate
32.13212845999999,-0.0417523901730606,-0.0249838187702265,0.0735930735930736,Low
33.801831230000005,0.1618600491839928,-0.0925641726406962,-0.1413950628129667,Low
34.84261832000004,0.2558433354390398,-0.0705778003041054,-0.2522138649079254,Low
34.03425659000004,0.2025353665258129,-0.0907000383263068,-0.1945032484122928,Low
40.41740894000003,0.1483673709380267,0.0110554120883757,-0.150554737358861,High
39.5389778,0.2103021219531435,-0.0893535446767723,-0.1930329302904241,Moderate
37.64368571,0.1137160478181895,0.0809425872346359,-0.1375501574837123,Moderate
36.54821030000005,0.1824761612989698,-0.0067490463304098,-0.1990990641140149,Moderate
37.57703432000005,0.2635913724331511,-0.0891177360052206,-0.2441317114856633,Moderate
31.72196606,-0.0509715905735042,-0.0156763590391908,0.1062409611747691,Low
35.13998606000001,0.4109001429854022,-0.2289645184648805,-0.3681359429916486,Low
30.36672113000003,-0.0103861150408888,0.0170676537117005,0.0750177385022253,Low
36.182482160000006,0.2313604277181404,-0.0598597878842351,-0.2107770658781008,Moderate
28.57396964000003,-0.0155986224593152,0.02696569216393,0.0947028504005464,Low
41.04974263999998,0.136180615473109,-0.0142490372272143,-0.1455705379150355,High
35.87656937000003,0.2237347887952088,-0.1054156195445738,-0.1981369430062587,Moderate
35.153658140000005,0.2420388220308371,-0.1115648341925714,-0.2225840257504304,Low
34.97592110000005,0.3131987974298009,-0.1431357120864835,-0.2826024373860474,Low
38.95791440000005,0.2284424213501707,-0.079936747668377,-0.2144879146403426,Moderate
33.80866727,0.3697398932250004,-0.1925069249910014,-0.3343606626273946,Low
33.14386238000003,-0.0113552489638335,-0.0503362789154628,0.0442919868276619,Low
35.762065699999994,0.3348631827822398,-0.130073882200571,-0.3093687118447529,Moderate
33.28058318000001,0.1300686065767684,-0.1196849655431062,-0.0930892448512585,Low
29.520761180000022,-0.0310233682514101,0.023680649526387,0.1010465985546972,Low
37.91200028000003,0.1701467376728861,0.064162274788577,-0.2102551909969884,Moderate
38.15467970000003,0.2654749053116937,-0.048369738218308,-0.2665409196623143,Moderate
36.88659428000005,0.2281410727406319,-0.0871898273114572,-0.2208304422451886,Moderate
40.36613864000003,0.1603312006021829,-0.0483898391539429,-0.1595892729529469,Moderate
35.80649996,0.3519553072625698,-0.1438919582565991,-0.3289354039260435,Moderate
30.002702,-0.0183046268152651,0.0142430819316332,0.093438123752495,Low
42.41695063999998,0.1848722751364922,-0.0380922453824936,-0.1844474543861047,Extreme
36.42857960000004,0.2960295341850953,-0.1697373578988631,-0.2684827659499096,Moderate
36.2918588,0.2706787797040504,-0.108880041544054,-0.2591398694865948,Moderate
29.98219388000001,-0.0240010817388952,0.0225472273004265,0.0877148634984833,Low
31.89970310000001,-0.0095778644909542,-0.0343294640652012,0.0512544599875403,Low
29.82496495999999,-0.0143129770992366,0.0187271000135703,0.096350912271932,Low
37.96327058000003,0.2832835713514874,-0.0924513856989741,-0.2726624094752238,Moderate
38.58705923000002,0.252197641555404,-0.0928638258059028,-0.2392507860573677,Moderate
37.97010662000002,0.3078775369797041,-0.1170767160994015,-0.2919945628845328,Moderate
38.39565011000002,0.1470951275131279,-0.0122025512747143,-0.1504889000797347,Moderate
42.328082119999976,0.082958252467275,0.0268284537459646,-0.0974599322090639,Extreme
37.43689549999999,0.3823142441659165,-0.154173050793559,-0.3412167836866328,Moderate
29.650645940000004,-0.0121220375919368,0.0194010680727371,0.0846216949580362,Low
32.86700275999999,-0.0283531307825464,-0.0322130627774254,0.0555265448215839,Low
29.790784760000008,-0.0135740370702129,0.0259899306028031,0.0979774431352781,Low
38.61269437999999,0.204172379293734,0.0188251988949442,-0.2372268331683545,Moderate
30.429954500000008,-0.0258571284091292,0.019311047004921,0.1034996276991809,Low
33.25665704000005,0.2730692276910764,-0.0737815579856892,-0.256030636819456,Low
30.35304904999998,-0.0241409454643265,0.0269871601461664,0.1005609098515603,Low
37.953016520000006,0.2190376997042795,-0.0178113887292886,-0.2360029417865696,Moderate
32.38847996000004,0.0823529411764705,-0.0903849233890342,-0.0473309061073791,Low
32.68926571999998,0.3535141929401906,-0.1329125021918288,-0.3348713887262835,Low
29.91725150000002,-0.0192339127118182,-0.0459035444509006,0.0505327566198966,Low
33.47882834000001,0.0379649045359231,-0.0683857775758264,0.0009029585170234238,Low
31.80058052000004,0.3617534990757158,-0.1986849533424102,-0.3248183219555164,Low
33.93171599000004,0.2806295213175311,-0.1127791895145111,-0.2593797892267231,Low
36.01158115999999,0.3361150763149226,-0.1591147239068999,-0.3052992919974254,Moderate
40.497732410000026,0.1343092210706272,0.0138777936723205,-0.1333646496135286,High
41.30096710999999,0.2244764397905759,-0.0464033688089089,-0.2213262680950735,High
32.942199200000005,-0.0095083197798073,-0.0271146860404774,0.0467762326169405,Low
37.16858093000002,0.1913638882292408,-0.0635080467080043,-0.1813579277864992,Moderate
35.79966392000006,0.2609532609532609,-0.1025938830816879,-0.2445423973552714,Moderate
39.10488926000005,0.2647543439185141,-0.1008115771976141,-0.2520017793594306,Moderate
39.55948592000004,0.2238336271777664,-0.0625102867112149,-0.2257856261274091,Moderate
31.32034871000002,0.0028118530420541,-0.0293054234062797,0.0339633874088406,Low
38.337543770000025,0.0660479117019942,-0.01911225150476,-0.051462219803058,Moderate
37.64881274000004,0.1298438345729005,-0.0127037176791907,-0.1298211851495469,Moderate
32.01591578,-0.0154807555744922,-0.0554202192448233,0.0474096468324859,Low
34.02742054999999,0.237303097475332,-0.0970917692896402,-0.2179504508853573,Low
34.48714424000002,0.4001634341177059,-0.2244487224361218,-0.362291092000649,Low
32.06889509000001,0.4395969524162764,-0.2368812407053324,-0.4004450057129112,Low
33.499336459999995,0.0191813760314771,-0.0703627180899908,0.0110822419004188,Low
39.409093040000016,0.2013781356457107,-0.0486230782226727,-0.1956848391446734,Moderate
32.144091530000026,0.0898628858764677,-0.094173670925603,-0.0495469635324364,Low
30.337667960000037,-0.0203516824732525,0.0258096996140292,0.0955096444485993,Low
41.230897700000014,0.0640145631878684,0.0312623544080527,-0.1090608408042475,High
32.43633224000001,0.0466170370573853,-0.0776410691557064,-0.0107709449779805,Low
38.82802964000001,0.1854995852063357,0.0391844137974168,-0.2006252442360297,Moderate
30.334249940000007,-0.0253405230184209,0.0007988496564946477,0.0731794066214173,Low
30.597437480000053,-0.0312635547696106,0.0166299745977984,0.108675630871247,Low
33.26520209,-0.0341778975741239,-0.0526748729398631,0.0608340104316829,Low
31.944137360000013,0.006118131396878,-0.0406292506948962,0.0254762959680992,Low
31.24344326000005,-0.045658012533572,-0.0086418974326625,0.10359905819038,Low
34.82894624000005,0.2075152199330726,-0.105206834200524,-0.186091639935052,Low
42.07343963000005,0.0982204934513407,0.0352910105311808,-0.1160250534677665,Extreme
32.303029460000005,0.3444124381416648,-0.1573726712023908,-0.3134177580546235,Low
29.55494138000006,-0.0086183310533515,0.0210725381602053,0.0733329071031264,Low
31.680949820000023,-0.0384514778969395,0.0041313918049441,0.0879543480957697,Low
36.07652354000004,0.4225603704928878,-0.2343637877091764,-0.3819654219422842,Moderate
32.24834113999998,-0.0287362823848851,-0.0412055425851247,0.0740940465918895,Low
31.29129554000002,-0.044983606557377,0.0095885753145188,0.1034779932286857,Low
37.06604033000002,0.2466442953020134,-0.0273749362129417,-0.2303264469326604,Moderate
34.62899206999998,0.054256457282592,-0.0345189591821431,-0.0314252249109078,Low
31.46561456000001,-0.0147921520195357,-0.050520770980486,0.0437009590235396,Low
40.00382852000001,0.1214112763749567,-0.0004457397565575176,-0.1266507066182716,Moderate
38.33583476000001,0.3260382432028682,-0.1489127621019932,-0.3028290463435218,Moderate
28.719235490000017,-0.0179819501933907,0.0230203199891986,0.0857287257565228,Low
38.26747436000005,0.2355512922208489,-0.0614916479127706,-0.2396446418656302,Moderate
34.63753712000005,0.3456236030397854,-0.1292955971067559,-0.3182104820627802,Low
41.42230682000002,0.1385655564519227,-0.0013852755346825,-0.16547384978372,Extreme
35.61850886000002,0.2815383422501357,-0.1438458078134191,-0.2540212443095599,Moderate
29.732678420000013,-0.0202483801295896,0.0214372387757853,0.0889920923810719,Low
38.07606524000005,0.144672651990325,-0.0463948433518213,-0.1467411392664996,Moderate
37.28650262000002,0.3049718825314648,-0.1116044952021776,-0.3014171770403076,Moderate
40.40373685999998,0.1405208964264082,0.0522805913809374,-0.1672542714346596,High
40.41740894000003,0.1389772811366832,0.1074835454782684,-0.1841052469610709,High
35.300633000000005,0.37980804999628,-0.1893035782993459,-0.3422109643567939,Low
31.29471355999999,-0.0268741951738424,-0.0424013434089,0.0721721027064538,Low
30.573511339999985,-0.0375677769171185,0.0242785158039395,0.0676005252954787,Low
34.80331109000002,0.1469903323689224,-0.0678667630247684,-0.1245070682378986,Low
32.98663346000001,0.3213589016894254,-0.1537472682864121,-0.293414036604698,Low
30.82815383000002,-0.0362263397757892,0.0177318189523648,0.1105789893780315,Low
31.050325130000036,-0.0383717620267577,-0.0442012858555885,0.0617935401449718,Low
40.916439860000025,0.1901103391908459,-0.0726730266308151,-0.1707336683417085,High
35.24594467999998,0.2008087563427105,-0.0253149848110091,-0.2055195565617925,Low
37.248904400000015,0.2921694995709565,-0.058285235802506,-0.2839416588056019,Moderate
35.17758428000002,0.3114325168980303,-0.0822936660268714,-0.2866973294826541,Low
38.61611240000002,0.1424230465666929,-0.0205527744482831,-0.1596066414308317,Moderate
37.60096046000001,0.1673504473879576,-0.0173323798821806,-0.1849442747788839,Moderate
40.84807946000001,0.1898220305194099,-0.0524189670097143,-0.1960212781461779,High
30.52565906000001,-0.0343834745053399,0.01971313982734,0.1121987256441038,Low
30.506859950000035,-0.0137386525686063,0.0242593166098895,0.0838718014990953,Low
31.06057919,-0.0305211632594298,-0.0311772632610559,0.0822362144628887,Low
34.96224902000006,0.3426021537099867,-0.1146968769136558,-0.3144383868288984,Low
35.034027440000045,0.2740222837059747,-0.1252001915234368,-0.2452947410737126,Low
38.25892930999999,0.1514847064076802,-0.0083910386965376,-0.1664373621817222,Moderate
36.69176714000002,0.1714620242231136,-0.0414661615644517,-0.1567415943292521,Moderate
31.957809440000005,-0.0112841966202455,-0.0626516003076377,0.0402863859799102,Low
38.63662052000001,0.1865759905381431,-0.0087666928515318,-0.1938122861817641,Moderate
39.74918603000003,0.2423198841623292,-0.0841501314845804,-0.2342295056472463,Moderate
30.764920459999985,0.0060189165950128,-0.0628882897667331,0.0301361071743722,Low
32.00224370000001,-0.0567379955252137,-0.0366307294622028,0.0748888763855286,Low
36.72252932000004,0.3684506646036993,-0.1586280814576634,-0.3331963001027749,Moderate
37.11218359999998,0.3440591368627024,-0.1378612184796613,-0.3129911504424779,Moderate
39.81241940000001,0.1836570878150586,-0.0191443776349436,-0.1879481189075968,Moderate
31.49808575000003,-0.0182522123893805,-0.0161890525110524,0.0617842250543254,Low
40.19181962000005,0.2624757441511368,-0.1044135545448722,-0.2520697167755991,Moderate
29.57544949999999,-0.0295786873205581,0.0225300961732463,0.1076318536255909,Low
34.23762878000002,0.3161326010510095,-0.1732178078331924,-0.2709859584859584,Low
40.59001895000006,0.1634206972146646,0.0039715123586091,-0.187596155767348,High
33.94367906000002,0.4193182954053243,-0.1974812357687009,-0.3838606978104086,Low
35.63559896000004,0.3285965371526869,-0.133486472690148,-0.3040190860708386,Moderate
38.96133242000002,0.3238674089585781,-0.1254722033260482,-0.3079899074852817,Moderate
37.92909038000005,0.1901780632571753,-0.029141913031251,-0.1829642799418134,Moderate
38.224749110000005,0.1266748307160351,-0.0047215263056465,-0.1559653369302119,Moderate
31.933883300000048,-0.0487238979118329,-0.0243433696348494,0.0750809810273021,Low
32.88238385,0.1823748238175558,-0.1346089887142192,-0.1449923923744741,Low
38.298236540000005,0.2364477743499339,-0.0761755586101077,-0.2342266378267404,Moderate
39.79532930000005,0.1200401420410684,0.0469027130000656,-0.1472285917608919,Moderate
38.28456446000001,0.2964717474513965,-0.1356393573230646,-0.2755882023938252,Moderate
38.47768259000003,0.1229658868829937,-0.0056140837260881,-0.1292368758999105,Moderate
32.28593936000004,-0.0453045304530453,-0.0203950743971267,0.0744080516609459,Low
42.30415598000002,0.0828817756922332,0.0142888621455328,-0.0932230472788795,Extreme
34.84945435999998,0.4210413116489916,-0.1933090666592569,-0.3904681732823933,Low
31.04007107000001,-0.0404988387999872,0.0013245033112582,0.1010164237384124,Low
29.88990734000004,-0.020874147132338,0.0171560317352681,0.1000310462589258,Low
31.352819899999982,-0.0501782648884193,0.0109315916122378,0.1046801095344784,Low
36.23717048000003,0.2640801001251564,-0.0846431709460119,-0.2551308604782527,Moderate
31.120394540000007,-0.0324418604651162,-0.0267135541982849,0.0876846750541348,Low
42.030714380000006,0.1401544401544401,-0.0214105357822282,-0.1466180010872097,Extreme
29.616465740000024,-0.0205349905430964,0.0209979069610424,0.0861536522341967,Low
33.841138460000025,0.2987274204154256,-0.1919909116728202,-0.2765569158238917,Low
33.589913990000014,0.2137717460606612,-0.1141441799218276,-0.1842964740385256,Low
36.182482160000006,0.3073073073073073,-0.1338698367115237,-0.2791380999020568,Moderate
35.91929462000002,0.2774967786603073,-0.0616609129267357,-0.2682042078735347,Moderate
40.656670340000005,0.1810174639331814,0.019819138544916,-0.1873282442748091,High
31.21268108000004,-0.0352189627637219,-0.0422228275674203,0.060361294547836,Low
33.694163600000024,-0.0063464337700145,-0.032238553196637,0.0284640783331435,Low
39.262118180000016,0.2802985660970339,-0.1009019356146336,-0.2633741665374476,Moderate
38.35634288000006,0.1686591276252019,-0.0033982939177474,-0.1721148782760157,Moderate
31.175082860000032,-0.0224422829016758,-0.0151824018011987,0.0575907357717836,Low
36.07652354000004,0.4225603704928878,-0.2343637877091764,-0.3819654219422842,Moderate
40.277270120000026,0.1710489115069267,0.0227839568587799,-0.1828492167101827,Moderate
37.542854120000015,0.2315145922251701,-0.030734077816754,-0.2331267085049859,Moderate
37.68299294000002,0.1531468402515259,-0.039305954893716,-0.1501563362148243,Moderate
42.81173195000002,0.0907392363931762,0.0837470358428442,-0.1026978195704841,Extreme
30.51711401,-0.0041068415523224,-0.0090316753757822,0.0587633518880698,Low
36.07823255000005,0.2423585946116275,-0.0859730064729376,-0.2253214715823006,Moderate
39.06387302000002,0.2295448308307523,-0.059527027027027,-0.2235964262026452,Moderate
33.37628774000001,0.3834538037644028,-0.2369860822268437,-0.362633489585169,Low
33.41730398000004,0.1971322805866641,-0.1635469326410711,-0.1603233717867199,Low
35.33652221,0.0746357714683506,-0.0656279276169814,-0.0511161908467487,Low
38.78359538000001,0.3262144356765366,-0.1265431624260127,-0.2974025744081871,Moderate
33.309636350000005,0.0784153390666854,-0.077777151552725,-0.0503680105459738,Low
32.73711800000001,0.0020254304039608,-0.0448198990965622,0.0288456295326898,Low
30.635035700000003,-0.0307039524239083,0.017508212265908,0.1086395477448691,Low
30.445335590000013,-0.0249528884267983,0.0229211434524972,0.0994208204543408,Low
36.94811864000002,0.1193260654112983,-0.086065967881527,-0.0892082168000771,Moderate
40.62932618000002,0.1403430154397686,0.0228474682771019,-0.1454995600843001,High
38.71181696000002,0.3416224738426258,-0.1502918586789554,-0.3135700252596127,Moderate
37.60266947000002,0.2996859494917585,-0.1453369360517481,-0.2779097387173396,Moderate
42.30073795999999,0.1024772390429811,0.0533587855649486,-0.1331882480957562,Extreme
41.21722562000002,0.1944851146900927,-0.0328456885637923,-0.183940016930705,High
33.077210990000026,0.2007843887507174,-0.1506221499117761,-0.162799314529202,Low
29.565195440000025,-0.0137554434229626,0.0305089352449548,0.0948997716315656,Low
32.46709442000002,0.0018346643643427,-0.0615208690680388,0.0228935319193726,Low
36.30894890000002,0.238209139484192,-0.0705291772985774,-0.2445952496364517,Moderate
30.85891601000003,0.008938613626946,-0.0379076211064762,0.0361636553849633,Low
36.83190596000003,0.3248905452834967,-0.1371428571428571,-0.3017633674630262,Moderate
36.343129100000056,0.3278052599736645,-0.1476821803192962,-0.3033150522234254,Moderate
37.17712598000003,0.2272727272727272,-0.1185568778078809,-0.2289374529012811,Moderate
43.35348812000001,0.0786368512253486,0.0223618278363622,-0.0872946558536078,Extreme
33.43781210000003,0.3080973554879476,-0.1822748664798265,-0.2726789746314251,Low
31.149447710000004,-0.0024345542577344,-0.0641066791164541,0.0353401756427891,Low
40.913021840000056,0.155874338836352,0.0046925678007038,-0.1654007756948933,High
29.780530699999986,-0.0094159388646288,0.0189214758751182,0.063536089789073,Low
31.27762346000003,-0.0470581306319571,-0.0137209448029572,0.0993097305722556,Low
35.31943210999998,0.3149556032731704,-0.142650618612157,-0.2841274039369781,Low
32.43291422000004,-0.016321587173424,-0.0412062755631524,0.0518123193239937,Low
33.86164658000001,0.3134374817610552,-0.183984847687694,-0.273883427363813,Low
39.3338966,0.2890497593572252,-0.1525303175788612,-0.2637161240007799,Moderate
31.98515359999999,0.0200688754304714,-0.0454573115073328,0.0233642203399465,Low
37.92909038000005,0.3691709844559585,-0.1688394831800721,-0.3374400639318061,Moderate
33.73347082999999,0.3627050327492582,-0.1766620476297895,-0.3272386906817397,Low
32.45513134999999,-0.0390171383691902,-0.0326742223293947,0.0779664666146352,Low
38.67250973,0.1806967657467831,-0.0634581367924528,-0.1775411107030644,Moderate
39.20059382,0.1851851851851851,-0.0379402849876319,-0.1739301757427693,Moderate
38.93057024000001,0.1056402365725825,-0.0364660806851476,-0.0963619892242406,Moderate
36.37389128000001,0.2693024920416659,-0.1212872522754879,-0.2519693816884661,Moderate
30.952911560000015,-0.0237817673117276,-0.0400546482021983,0.0610791871058164,Low
38.34096179000005,0.2088949813418627,-0.0592022953609021,-0.1973825642572931,Moderate
29.48999900000001,-0.0248468116625143,0.0272049439107946,0.0950446791226645,Low
34.43245592000005,0.1962504599771464,-0.0924108169293079,-0.1858920205821365,Low
36.72936536000003,0.2372495616162369,0.0016257225433526,-0.2532879818594104,Moderate
38.18031485000006,0.1979532382161798,-0.020376350072375,-0.214096449390567,Moderate
34.37434958000006,0.3435867245566267,-0.138776273935009,-0.3153231035228009,Low
33.83430242000003,0.3039659614333672,-0.1033856317093311,-0.2956211457161695,Low
35.69028728000001,0.2549463624325932,-0.0976015038855972,-0.2385461845868293,Moderate
36.85583210000004,0.2608801179963033,-0.1152137655432072,-0.2546724631219113,Moderate
29.78736674000004,-0.0163425175580767,0.0247723620782003,0.0904776771776459,Low
33.72321677000002,0.3339509362028113,-0.139092997428993,-0.2970931642587395,Low
38.00599583000002,0.1218632771242306,0.0014587655601659,-0.141951508860384,Moderate
31.94755538000004,-0.045781129386616,-0.0335069779407035,0.0777618364418938,Low
35.42709974000002,0.1062043795620438,-0.099732414168443,-0.0815343443354148,Low
40.23625388000005,0.2494553793235238,-0.0807272727272727,-0.2433254734920514,Moderate
33.56427884000004,0.0093238851297352,-0.0564943394121911,0.0116345802681692,Low
34.70589752000001,0.3040117086351184,-0.1078944012243336,-0.2796170134413552,Low
39.022856779999984,0.2770841873812097,-0.1220694171578258,-0.2573105852137222,Moderate
32.93536316000001,-0.0020126427984239,-0.0580633527679269,0.035240600679601,Low
36.09019562000003,0.1280159564200999,-0.009578286657581,-0.1271215498028458,Moderate
42.06489457999999,0.3137289762827578,-0.1688073394495413,-0.2867790470883254,Extreme
30.44020856000003,-0.0205566423006966,0.0286239406419114,0.0997697378796959,Low
33.68732756000003,-0.0148377629218979,-0.0569096209912536,0.0453970929007794,Low
31.646769619999983,-0.0173298211562456,0.0211972657598563,0.0772635552951897,Low
33.20880476000002,0.0241080038572806,-0.0514851485148514,0.0028169014084507,Low
39.70304276000002,0.2546963410033949,-0.1183135527687186,-0.2343947153566392,Moderate
35.09555180000001,0.3271408975112679,-0.1474365490833926,-0.2863546573469077,Low
36.20982632000005,0.3217358912274166,-0.1029530618588747,-0.2970463518058195,Moderate
34.99984724000001,0.3312731085480934,-0.1408484007755726,-0.295897720557953,Low
36.68493110000003,0.3531820933793939,-0.1507662487128233,-0.3181155900922778,Moderate
30.41970044000004,-0.0345337274926095,0.0230471140118294,0.1193773746782694,Low
38.41786724000002,0.2448505375920601,-0.0560994353302816,-0.2415255901645783,Moderate
34.78793000000002,0.3315687817440446,-0.1179243866550554,-0.3051923009501104,Low
34.85799941000005,0.2641110200346938,-0.1098020183087041,-0.2424866971445702,Low
37.477911740000025,0.1971973115515698,-0.0443636122045609,-0.2120125677056227,Moderate
42.11616488000004,0.1124708854762938,0.0059964726631393,-0.1240078177974552,Extreme
33.92317093999998,0.3016002977298102,-0.0913516296631457,-0.279669234005964,Low
30.46071668000002,-0.0082566791197061,-0.0109447004608294,0.0564797945103192,Low
38.31190862000005,0.2495648883844116,-0.0617585597170872,-0.2348938079569249,Moderate
32.46709442000002,-0.0452092159480006,-0.0368036299470632,0.0726565582548898,Low
30.720486199999986,-0.0286488316965797,0.0205224517671162,0.1054978638475691,Low
34.04280163999999,0.2075695858791582,-0.09159251304081,-0.1851913546828801,Low
34.87850752999998,0.2943360470287935,-0.107005821645938,-0.2669935073539154,Low
34.04621966000002,0.283925226780271,-0.1038140944683,-0.2785254534815681,Low
39.51846968000001,0.210371029019481,-0.0771333513173275,-0.1995834084399848,Moderate
39.66544454000001,0.2393369342521885,-0.0894979860497101,-0.2325417700885414,Moderate
32.183398760000046,0.0080733144228671,-0.0771113831089351,0.0355409425395334,Low
31.564737140000037,-0.0354226778807784,-0.0061475409836065,0.1109602218072766,Low
34.673426329999984,0.340388784771984,-0.1438606394154632,-0.3129364336620833,Low
38.31190862000005,0.2625584633510657,-0.0560848140958638,-0.2670596033608627,Moderate
33.32330843,0.1535878881404709,-0.0849645000588396,-0.1339373565103312,Low
39.51846968000001,0.227774064171123,-0.0785774580687782,-0.2009807928075194,Moderate
34.12825214000003,0.3591824051375893,-0.1595970307529162,-0.3477814297452752,Low
29.660900000000023,-0.007537514694696,0.0290894330943038,0.0891667195532144,Low
39.66886255999998,0.1919706995285214,-0.0357645238430158,-0.1866400757438407,Moderate
29.951431700000057,-0.0195011025358324,0.023035462940712,0.093549928332537,Low
31.41605327000002,-0.038553337264482,-0.0444437665863404,0.0611976310594428,Low
34.28548106000005,0.0975341153938233,-0.0360225988700564,-0.0810734330047634,Low
29.70533426000003,-0.0160579985093841,0.0189826386543268,0.0793711170280208,Low
31.13919365000004,-0.030249004575979,-0.0149903588978043,0.063798049340218,Low
37.42835045000004,0.2724707318003279,-0.0622353802565816,-0.2517537607382676,Moderate
39.785075240000026,0.2382336500838457,-0.1069727154612386,-0.2280286791337127,Moderate
35.10409685000002,0.3039485766758494,-0.1304419935318019,-0.2793032902269187,Low
40.70110460000001,0.2029053788771103,-0.0323124094477576,-0.2002193755631292,High
32.463676400000054,-0.0068413148673452,-0.0546335124918788,0.0353322528363047,Low
36.71569327999998,0.2850790704867958,-0.0931096859069232,-0.2742887815351583,Moderate
38.16493376000005,0.1703872684807995,-0.0187376881254432,-0.1871958274411856,Moderate
43.96531370000002,0.1213037634408602,-0.0125161192444815,-0.1220106754087336,Extreme
34.38460364000002,0.1409747208074389,-0.0876130239187564,-0.1278001016119347,Low
34.22224769000002,0.233251255786467,-0.1181439874265506,-0.2067928601719418,Low
29.44556474000001,-0.0228656474090109,0.0260283209710047,0.1011263924326342,Low
35.42026370000002,0.1666568297625371,-0.0292279922243821,-0.1620387607532676,Low
40.66692440000003,0.194151565074135,-0.0155872359802444,-0.1956288659793814,High
31.16995583000005,-0.0282743524261218,-0.0089015151515151,0.0756817721738627,Low
47.76956996000001,0.0674275066961686,0.0362062318180225,-0.0882108512406506,Extreme
33.57624191000002,0.2795361820914752,-0.1887405988788477,-0.2435410492925414,Low
33.00543257000004,0.11403741190186,-0.0960611037251375,-0.0637555027070788,Low
29.67115406000005,-0.0187682092282674,0.0161684782608695,0.0927770469210048,Low
35.14853111000002,0.3393965486312919,-0.1134706294644854,-0.306285974212285,Low
38.55458804,0.2192815902662068,-0.0591046785594076,-0.2150442136154767,Moderate
39.35098670000002,0.0939539366679384,0.0242679323005283,-0.110793948538107,Moderate
38.02992197000003,0.2351772044788161,-0.0057362602147091,-0.2433985063687327,Moderate
38.67763676000004,0.1913032715871117,-0.0592032866260729,-0.186018811352528,Moderate
38.23500317000003,0.0803622316509404,0.0148788327911766,-0.0862090920667261,Moderate
31.80399854000001,-0.0381742738589211,-0.0257285542701814,0.0681674610922873,Low
32.02616984000002,-0.0311175687129192,-0.0211191220570407,0.0621190811064228,Low
30.94436651000001,-0.0351426683141289,-0.0312653562653562,0.0893607788897025,Low
31.909957159999976,-0.0405767940979208,-0.0408051900806402,0.0947157472840417,Low
39.99015644000002,0.1616313670575879,-0.014957330315358,-0.1736700622524052,Moderate
31.233189200000027,-0.0555626354020644,0.0165217968283458,0.1212947593075646,Low
30.60598253000001,-0.017661615647988,0.0207819416753962,0.0911713972087188,Low
33.79670420000002,0.1613991135093467,-0.0842441415913282,-0.1393864914685446,Low
34.67513534,0.1539566437584248,-0.0689429296651109,-0.1304743142900439,Low
31.06570622000004,-0.0307213578500707,-0.0484379302958905,0.0611316618714892,Low
36.765254570000025,0.2694200089458774,-0.0668838695529588,-0.2565630476893275,Moderate
36.117539780000016,0.2284283077850175,-0.0653253200940684,-0.2307460095845439,Moderate
31.349401880000016,-0.0430156361513008,0.0172563128789393,0.1297421676795091,Low
36.558464360000016,0.123905806928862,-0.0048131682404379,-0.1180246106046359,Moderate
38.93398825999998,0.1597898611856737,0.0040995077297946,-0.1738337343786385,Moderate
38.33925278000004,0.1718275652701882,-0.0011022498865331,-0.1826886250478743,Moderate
35.95689284000002,0.2609426950909446,-0.1074999141100079,-0.2320746063293074,Moderate
37.71375512000003,0.1928433801266171,-0.0185681380153245,-0.1988270660052007,Moderate
41.25482384000003,0.1988273321807111,-0.0147620259608042,-0.2105662668893274,High
38.70327191000001,0.2447946390765662,-0.0821676642873147,-0.2340037230353688,Moderate
29.61304772000005,-0.0072659331534149,0.0228186090865744,0.0986995036753157,Low
38.76650528000005,0.235137614678899,-0.1450563470125452,-0.2037194331440833,Moderate
34.53841454000002,0.0643421155499961,-0.0521407594414962,-0.0278595696489241,Low
30.489769850000016,-0.0118444429821675,0.0109332806428242,0.0530630261374026,Low
38.21620406,0.2466514593203486,-0.0703022998895249,-0.2384899959325185,Moderate
36.85925012000001,0.1112397268202338,0.0082986123067387,-0.1157601115760111,Moderate
35.996200069999986,0.207316362789072,-0.0415075376884422,-0.2071757236880424,Moderate
40.4789333,0.0852459016393442,0.0390511594972561,-0.0886847699651036,High
29.551523360000036,-0.0195650691935373,0.0283088980474292,0.0939330939330939,Low
34.87338050000005,0.1751252404405081,-0.0451571664912016,-0.1537136572104509,Low
37.61805056000003,0.3455973242201701,-0.1379904070839995,-0.3171061528059499,Moderate
33.70783568000002,-0.026581980710421,-0.0369627866182182,0.0530892448512585,Low
31.23660722,0.0302932472423997,-0.0786390265885534,0.0062795163215527,Low
29.82838298000001,-0.0193269360724422,0.021179009847565,0.0879839115133232,Low
32.49443858000001,0.1550040879142019,-0.0582999162737408,-0.1379294006159677,Low
41.56586365999999,0.1277081384471468,0.0004974629390110437,-0.1348420378807847,Extreme
31.913375180000003,-0.0471918176924457,-0.0286710577295621,0.0762004175365344,Low
36.75500051000006,0.1603895970183061,-0.0610830759960834,-0.152604773884764,Moderate
31.629679520000025,-0.0456800463887636,0.0162715016271501,0.1263418662262593,Low
37.67957492000005,0.2430497598249225,-0.0890596818484636,-0.2462162061656316,Moderate
39.00234866000005,0.2312782618286092,-0.0991434478684651,-0.2104521305432072,Moderate
32.08769419999999,-0.03124037217327,-0.0027105456168882,0.0791577591003602,Low
31.093050380000022,-0.0405531179364446,0.0278862993398895,0.1204826619538058,Low
37.43005946000005,0.28800244069865,-0.1188259846953986,-0.2708458759783263,Moderate
37.48132976,0.2819880418535127,-0.1298992161254199,-0.2591206048594289,Moderate
39.27579026000001,0.1974124470220834,0.0375472515650913,-0.2136101586344624,Moderate
40.96429214,0.1117457164142041,-0.006859327561003,-0.1300323924109208,High
32.12871044000002,-0.0047092064987049,-0.0287800425920292,0.041713897075493,Low
31.810834580000005,-0.0141941666167575,-0.0274656679151061,0.0505854530772336,Low
39.26553620000004,0.1536268225111726,0.0159726774071135,-0.1709599950737905,Moderate
34.90585169000002,0.0228986699574934,-0.0568368561228537,0.0100586533612887,Low
39.24502808,0.2523611333440051,-0.1260074841681059,-0.2365259996838944,Moderate
32.764462159999994,0.0486327165547732,-0.0777515987882867,-0.018879932117098,Low
34.02571154000003,0.1153613241824788,-0.0722879875800504,-0.0800430023455824,Low
34.62215603000004,0.2401358247780932,-0.1145177121441956,-0.2113430056637442,Low
33.70099964000002,0.087441543257989,-0.1151463682685583,-0.0665042281783001,Low
36.73620140000003,0.2276451727823299,-0.1351863290096767,-0.201743679163034,Moderate
35.81675402000002,0.2489112995645198,-0.09720614145482,-0.2373311130454528,Moderate
32.24150510000004,-0.037625,-0.0141605743265494,0.0749729664784332,Low
36.08506858999999,0.2643315775308547,-0.0811415044713308,-0.2464086722510707,Moderate
29.81812892000005,-0.0188449023861171,0.022027027027027,0.0916849701914025,Low
40.15763942000001,0.2344862665310274,-0.0585706274534238,-0.2365078787437679,Moderate
35.874860360000014,0.2774929653471071,-0.1069472277889111,-0.2579041257069116,Moderate
32.75933513000001,0.0416826422741962,-0.0654341736694677,-0.0069893042465318,Low
32.32011956000002,-0.0376630534631637,-0.020257109466303,0.0695719107111137,Low
34.17268640000003,0.3481051977635121,-0.1853016634941653,-0.3145720894371627,Low
38.21107703000001,0.1877810875532971,-0.0413053867686215,-0.1833116744573966,Moderate
35.741557580000006,0.257715672076884,-0.1032764707823275,-0.254012901290129,Moderate
36.65416892000002,0.2656916996047431,-0.0783270474137931,-0.2633447745295301,Moderate
31.592081300000014,-0.0266904402688245,-0.0500429108342458,0.0485869040596342,Low
36.44908772000002,0.2407461381521422,-0.0721571590479788,-0.2571428571428571,Moderate
38.973295490000055,0.2060204914316801,-0.0238623067922901,-0.2015971670159716,Moderate
36.87634022000003,0.2387096774193548,-0.0508894246432527,-0.2477177781216153,Moderate
37.11218359999998,0.286769281832137,-0.1908007141348793,-0.2471099137497738,Moderate
37.38220718000002,0.2505072116271349,-0.1114025309815749,-0.2209616423554835,Moderate
37.95643454000003,0.1345158002038736,0.0002515180913369983,-0.1586574498209378,Moderate
32.01933380000003,-0.0098334104581212,-0.0329471397538015,0.0436871508379888,Low
35.47324301000003,0.2736428882985051,-0.1314839277851167,-0.242120731660157,Low
30.51027797000006,0.0024475410371047,9.76530711890889e-05,0.0464394362699447,Low
31.528847929999984,-0.0063259773197679,-0.0468673218673218,0.0407497045083581,Low
31.49808575000003,-0.0085710787314803,-0.0249367088607594,0.0500381298762245,Low
37.18054400000005,0.3854454994569216,-0.220997375328084,-0.3323674102028439,Moderate
29.643809900000008,-0.0110474631751227,0.0187428107449759,0.096504890661018,Low
40.03288169000001,0.0531021349102936,0.0,-0.065079879977293,Moderate
34.59481187000006,0.3478488003283704,-0.1553728789163081,-0.3147100038217256,Low
45.15649367000003,0.0678966944753819,0.0036077016587584,-0.0896031218508115,Extreme
36.784053680000056,0.2160338563500619,-0.0722760077451152,-0.2116799936348808,Moderate
33.67023746000001,0.2095837076969152,-0.0692765236422683,-0.1907775768535262,Low
31.222935140000004,-0.008527184664711,0.0261324041811846,0.068631848766421,Low
30.855497990000003,-0.0088157775152231,-0.0235890376673757,0.0514322161660674,Low
40.03117268000005,0.163297994050797,-0.0260688216892596,-0.1585703976603744,Moderate
35.58432865999998,0.2860434749212689,-0.12971897034513,-0.2410495886146319,Moderate
32.17656271999999,-0.0350059737156511,-0.0267590415051166,0.0633733402910651,Low
34.21028462000004,0.2285592925821523,-0.1062586926286509,-0.2216249424051605,Low
38.46230150000002,0.236388856779563,-0.0545203588681849,-0.2379629629629629,Moderate
33.08233802000001,0.0196762413473592,-0.0778360315722763,0.021445757924469,Low
41.13177512000004,0.2471212061255985,-0.0766970721874893,-0.2411294451226716,High
33.400213880000024,-0.0455165571127371,-0.0107032635104077,0.0732177263969171,Low
37.10876558000001,0.2434803038609131,-0.0693696120689655,-0.2256271709764569,Moderate
35.16049418,0.2741058314477392,-0.0950528829750938,-0.2583212451483906,Low
34.599938899999984,0.3267871470599472,-0.1656149301825993,-0.298313829588365,Low
34.47005414,0.2147651006711409,-0.0558432195058006,-0.2087945071849322,Low
40.755792919999976,0.1711143695014662,0.0070243053397152,-0.2142911440516913,High
31.89286706000001,0.002398598571621,-0.0704541529960283,0.0379452161092573,Low
38.78017736000004,0.1458289819959062,0.009675788865622,-0.1502012747400201,Moderate
32.57647106000002,-0.0508152979543433,-0.0315097622269476,0.081267217630854,Low
39.93546812,0.2112676056338028,-0.0400779386569019,-0.2020500077651809,Moderate
29.68824416000001,-0.018349870871279,0.0217406027768371,0.0880737420291685,Low
32.23296005000003,0.0418466594227864,-0.075803185375732,-0.007586631125692,Low
31.00589087000003,-0.0497492742148324,0.0169283276450511,0.1150301093769202,Low
40.49260537999999,0.2403767879986044,-0.0660669665167416,-0.2371636251159913,High
39.94914019999999,0.1656361328364931,-0.0401578543501297,-0.1598891695868307,Moderate
36.710566250000056,0.1903098066620079,-0.0093993316762415,-0.2030606238964096,Moderate
31.21268108000004,-0.0237110894941634,-0.0205599161079157,0.0648185894822666,Low
40.19865565999999,0.1725726171904019,-0.0102083266664533,-0.1934520434010056,Moderate
34.514488400000005,0.3591512123024949,-0.1264947792101732,-0.3270456458623237,Low
31.84843280000001,-0.023810864058542,-0.0503937007874015,0.0539523212045169,Low
40.77630104000002,0.1980943896818173,-0.0284602852678126,-0.204368478430151,High
38.97842251999998,0.2384545129650955,-0.0709797053672607,-0.2268596829393021,Moderate
32.67217562000002,-0.0034007916596978,-0.0532021445825723,0.0289532293986636,Low
34.52474246000003,0.3148804934464148,-0.1306394404481718,-0.2795138237611134,Low
32.43633224000001,-0.0288863319808635,-0.0306574972684619,0.0633177570093457,Low
35.99107304000006,0.2883435582822086,-0.0993643131522589,-0.263824299503693,Moderate
31.54593803,-0.0374399822375176,-0.0501423121177254,0.0583731537793223,Low
34.039383620000024,0.2595259066365412,-0.1211098612673415,-0.232874144878643,Low
34.09065392000002,0.2484550723525121,-0.0593753053447545,-0.2593797188988268,Low
31.35965594000004,-0.035048471290082,-0.0329751304881793,0.0785495179666958,Low
37.99061474000001,0.228752191478009,-0.0926220896736367,-0.228424461802248,Moderate
38.07606524000005,0.2261044098446908,-0.0488939270175204,-0.2303961828777034,Moderate
30.838407889999985,-0.0374223011543828,0.0081045751633986,0.1082645356523783,Low
29.91725150000002,-0.013608698625453,0.0207074478919139,0.0871463831403075,Low
32.11162034000006,0.0468225584594222,-0.0741869918699187,-0.0144494801386296,Low
38.98867658000006,0.2729612471505258,-0.1185345523858753,-0.2615967642021645,Moderate
40.61565410000003,0.1217001740160687,0.0155325924481705,-0.1214925594136373,High
38.00770484000003,0.3068785060803433,-0.1025457779471786,-0.2844165695361788,Moderate
38.97842251999998,0.1827683974440354,-0.0297314224661975,-0.1676971925133689,Moderate
46.54762781,0.0811597131023335,-0.00037388768413968446,-0.1006849455951621,Extreme
37.21472419999998,0.2392454659288282,-0.08169093537355,-0.2241152296213542,Moderate
30.65725283000006,-0.0332897515840289,0.0197504844137743,0.1069957573317642,Low
42.950161760000015,0.1227277466893747,-0.0159459034439377,-0.1597314472408717,Extreme
31.24515227000001,-0.0302208893246438,-0.0389249304911955,0.0565826016214548,Low
35.97740096000001,0.3307234042553191,-0.1367961870910412,-0.3086709072648142,Moderate
37.92567236000002,0.178906283144542,-0.0248202102157477,-0.1678083631014919,Moderate
35.79111886999999,0.1688773417202242,-0.1143993220780913,-0.1575336282386928,Moderate
33.57111487999998,0.0921652212259297,-0.1156714550277791,-0.0697830677673257,Low
31.01785394000001,-0.0571878279118572,0.0260162601626016,0.1309394269133115,Low
34.53499652000005,0.340880503144654,-0.1660018015699395,-0.3115727002967359,Low
32.90118296000003,0.3947133446771231,-0.1897617199850536,-0.3691104238675641,Low
30.18043904000001,-0.0342595090369571,0.0219915312115831,0.1082881873092969,Low
30.61965461,-0.0247261345852895,-0.0076967854601901,0.0733636661016445,Low
32.11162034000006,0.0502138444479645,-0.0880148788359499,-0.0165073848827106,Low
34.71615158000003,0.0794474921630094,-0.0474832454013974,-0.0782327902539263,Low
40.13371328000005,0.1331738437001595,0.0311253536972011,-0.1503744181339809,Moderate
35.39462854999999,0.3160955465893807,-0.1106173471018894,-0.282000184518867,Low
40.22258180000006,0.1818960816390122,-0.054563147285744,-0.1798281426182977,Moderate
33.58820498,0.3469641607712042,-0.1375484209835204,-0.3193725251294547,Low
34.57772177000004,0.293105130657091,-0.1543151806557262,-0.2627205854327857,Low
32.78155226000001,0.1755452615325226,-0.1587158145065398,-0.1287064492216456,Low
35.775737779999986,0.1988395447444766,0.0162073070231663,-0.2194771291286746,Moderate
35.93125769000005,0.2410327499566799,-0.1012437640948541,-0.2372689406299787,Moderate
36.52086614000001,0.2720546168808879,-0.066820202795637,-0.2660668868390085,Moderate
35.45786192000003,0.1097428124851987,-0.1056058890147225,-0.0936843579330626,Low
31.694621900000016,0.003929816793048,-0.0538302878889114,0.0276616275329688,Low
32.532036800000014,-0.0275471490625171,-0.0445310654382234,0.0616013158592879,Low
39.18692174,0.1780325414647598,-0.0488249736934408,-0.171662552407821,Moderate
35.77061075000006,0.3819570304939205,-0.1627507587534236,-0.3540334120648932,Moderate
39.344150660000025,0.1804147116694415,-0.0476190476190476,-0.1933743927164224,Moderate
31.50150377,0.0331878448488841,-0.0691398704692648,0.0033892919557273,Low
34.75545881000005,0.2054255086414351,-0.114414578403414,-0.1740890688259109,Low
35.90733154999998,0.2898903530831908,-0.1256759603904768,-0.260647292461363,Moderate
36.30382186999998,0.2137114783385439,-0.0539754363283775,-0.2266315591498965,Moderate
35.068207640000026,0.1666413142683298,-0.0170738984848987,-0.1711395304447413,Low
37.95130750999999,0.0918367346938775,-0.0137604331152718,-0.0950959488272921,Moderate
32.57305303999999,0.0861672794117647,-0.0913708513708513,-0.0414761773616083,Low
34.84090931000003,0.3278031503401994,-0.1235901885006704,-0.2997937993832229,Low
41.50433930000003,0.0748110316649642,0.0166900289692552,-0.0838672462454419,Extreme
35.34677627000002,0.2411438826466916,-0.0429465954168442,-0.2364406614975028,Low
33.05328485000001,-0.0283177047755076,-0.0188175543690584,0.0609170567758972,Low
35.52280430000002,0.3684286073133097,-0.2112183966459153,-0.3323317727622109,Low
37.93934444000001,0.1165492287183393,-0.0017513134851138,-0.1008261359369132,Moderate
36.52428415999998,0.1890296396507194,-0.0605528740675734,-0.1913005976218347,Moderate
37.37878916,0.1977718017671917,-0.0188555929544786,-0.1843944689256952,Moderate
30.89993225000001,-0.0254709157682739,-0.0128047278995321,0.0671882973294778,Low
36.411489500000016,0.3956140636710222,-0.2122498655571594,-0.3602871117321984,Moderate
36.69176714000002,0.2230889955686854,-0.1309729602834154,-0.1859460669128342,Moderate
35.509132220000026,0.3340623291416074,-0.0908723806227375,-0.3221233678837986,Low
37.512091940000005,0.2052436866655943,-0.0514646553236274,-0.1937231161382826,Moderate
31.43314337000004,-0.0285745152055312,-0.0597212810465219,0.0529752501316482,Low
35.6595251,0.2610172369873482,-0.1404984064815881,-0.2264937853573935,Moderate
30.139422800000037,-0.0131804764193039,0.0204763040441552,0.0770761773297807,Low
36.32603900000004,0.1717362392209018,-0.067583942461791,-0.1503179884597565,Moderate
42.44429480000002,0.162386921423066,-0.0175787492453567,-0.1741036672812948,Extreme
29.72242435999999,-0.0152194591656475,0.0205433166644141,0.0865893622384673,Low
41.14544720000004,0.176722653709301,-0.0591273804194359,-0.1782102359791602,High
30.59060144,-0.0259478308433899,0.021364292093151,0.1024445564516129,Low
36.338002070000016,0.4323425921421738,-0.1997175026144589,-0.4029286576456388,Moderate
34.039383620000024,0.3667596483175029,-0.1705222413740965,-0.3306290821588175,Low
40.12345922000003,0.1692429022082019,-0.0367107195301027,-0.1617301363422661,Moderate
31.98173558000002,-0.0130869899923017,-0.0580869169251785,0.0406915236743646,Low
37.73426324000002,0.1893976604995542,-0.0853613997808692,-0.1954653501554214,Moderate
39.26553620000004,0.2677603853100542,-0.1009737925625776,-0.2567890182035213,Moderate
30.66408887,-0.0018170426065162,-0.0091214290238804,0.0570303945070881,Low
41.45990504000002,0.1432262105139546,0.006091543304407,-0.1410822426255128,Extreme
33.84797450000002,0.0042434278617263,-0.0772134332500693,0.026047678795483,Low
30.55300322000005,-0.0456126534094638,0.0242233107428034,0.1189870350175693,Low
39.40225700000002,0.2202554675359132,-0.0335816103762681,-0.2313635494358386,Moderate
38.00770484000003,0.3439275941906967,-0.1721331538367397,-0.3116269515201315,Moderate
31.991989640000043,-0.0314643955524012,-0.028320251177394,0.0620847651775486,Low
36.06968749999999,0.3301431829227261,-0.1381229607830593,-0.3032012306790711,Moderate
29.67457208000002,-0.0162995294278114,0.0304496874369832,0.0826761638259984,Low
34.55892266000001,0.0091280730245841,-0.0476744186046511,0.0109769484083424,Low
33.43781210000003,0.1663162012812362,-0.1340941512125535,-0.1443239612321274,Low
32.08769419999999,-0.0108128876447664,-0.0613038101407455,0.0422490301323271,Low
37.344608960000016,0.1196108259917417,0.0584679403371149,-0.1720010499606264,Moderate
36.46105079000006,0.2811578883174435,-0.1361407556965676,-0.2525886912451555,Moderate
40.22258180000006,0.1798144305680617,-0.0373838209982788,-0.1785225450705877,Moderate
31.216099100000008,-0.0216756132363932,0.0126860042515257,0.0865951912706972,Low
34.26497294000001,0.279772955209867,-0.1998639564660691,-0.2492241038138682,Low
34.329915320000055,-0.0169491525423728,-0.0547292586567511,0.0397757325716703,Low
30.37526618000004,0.0050779616464543,-0.0330979428922321,0.0545127571091379,Low
31.36307396000001,-0.0427675346892225,0.0091165475175444,0.1255426289286334,Low
31.773236360000052,-0.0289312659656626,-0.0325637219291873,0.0684182030604394,Low
32.39531599999998,0.3428771206712545,-0.1616579651088756,-0.3139132939651447,Low
29.883071299999983,-0.0253505933117583,0.0176678445229682,0.1011068275090163,Low
33.35407061000001,0.0608602028673428,-0.0502959409801116,-0.0368872888396566,Low
38.64345656,0.3171236816874401,-0.1817493634299084,-0.2913220033087682,Moderate
37.19934311000003,0.2397532355794753,-0.097811638839358,-0.2345102900162234,Moderate
29.698498220000037,-0.0042930342057886,0.0209694989106753,0.0873318101040873,Low
35.755229660000055,0.2728855250709555,-0.1113827853956715,-0.2744771142770537,Moderate
29.366950280000022,-0.0057668543182754,0.029681742043551,0.0859054472006564,Low
31.773236360000052,0.0192645491980303,-0.0407527197882975,0.0190394368539201,Low
29.578867520000017,-0.0240021758346365,0.0280993973864174,0.1017521902377972,Low
39.672280580000006,0.1589900003860855,0.0022601123408781,-0.1600873379321005,Moderate
36.69176714000002,0.2387046123650638,-0.0992823799902459,-0.2182372698143072,Moderate
37.19934311000003,0.2322276781240605,-0.064973757599903,-0.222938298126268,Moderate
38.28798247999998,0.233737517831669,-0.0516172178988326,-0.2474397807586903,Moderate
35.249362700000006,0.3361444936397498,-0.092769283825727,-0.3098625512418616,Low
35.36557538,0.2457267030131351,-0.1151908847743773,-0.2230180197340851,Low
32.35771778000003,-0.0304617662130615,-0.0458174671416287,0.0532110091743119,Low
41.22747967999999,0.1317492105060463,0.015065439981231,-0.156809101108115,High
43.68161803999999,0.0538201274687229,0.0514200722430767,-0.0855961741103996,Extreme
33.201968720000025,0.281499873748001,-0.1459591683131056,-0.2497075903391952,Low
32.79351532999999,0.3809149849328828,-0.2035910986597052,-0.3486007812081973,Low
35.21689150999998,0.2971129887404687,-0.1418111054306776,-0.2652084132814356,Low
37.03356914000005,0.33855482566953,-0.1472498917280207,-0.3098114007204916,Moderate
28.46117498000001,-0.0229659237179052,0.0258038368008646,0.0956292719633787,Low
37.48474778000002,0.3116176522883254,-0.1242379907339673,-0.2885240174672489,Moderate
30.44362658,-0.0180502928005511,0.0253692560175054,0.0893815486838742,Low
39.41592908000001,0.2228147461163923,-0.0529047714114593,-0.2209746498437319,Moderate
34.38460364000002,0.1730803271143838,-0.0297398924764598,-0.1866069829901522,Low
30.71706818000001,-0.0417467972425219,-0.0154569681768302,0.0873534715960324,Low
38.05555712,0.2575822631640579,-0.1075664340472343,-0.2372978993048888,Moderate
35.68003322000004,0.3500071053005542,-0.1053580778404793,-0.3242725213451821,Moderate
32.93707217000002,0.0200827419929313,-0.0664222495918425,0.020597132710772,Low
35.96714689999999,0.2860934182590233,-0.1129995406522737,-0.266360548027028,Moderate
37.101929540000015,0.2773037376819763,-0.0774351155050579,-0.2663750409496463,Moderate
37.412969360000034,0.2357710776981815,-0.1237740711575631,-0.2119200185285262,Moderate
33.755687960000046,0.3443244267576274,-0.1811128500549432,-0.3072642170051229,Low
37.101929540000015,0.0839007782101167,0.0417114599010965,-0.0905976631797883,Moderate
35.24252666000001,0.3062805713167678,-0.1505876675972839,-0.2783181435245462,Low
28.43724884000005,-0.018527380870992,0.0289502164502164,0.0960266985706189,Low
31.85185081999998,-0.0220108773028844,-0.0441417887760685,0.0511892593718058,Low
37.36340806999999,0.22271701814615,-0.0806574658436784,-0.2137640941753812,Moderate
32.42095115000001,0.1361014994232987,-0.0892884789772853,-0.119725354674427,Low
37.95472553000002,0.2200676526117054,-0.0357446950598527,-0.2130538500645262,Moderate
40.605400040000006,0.1884298188874515,-0.088273947246645,-0.1738843965259059,High
41.63080604000004,0.0743627093954843,0.0286128214415067,-0.1358281358281358,Extreme
38.95107836,0.257530759439966,-0.0404978458592628,-0.2508728179551122,Moderate
38.89297202,0.1671263540792261,0.014579817752278,-0.1789074171276295,Moderate
32.64141344000001,-0.015730580031353,-0.054985804507793,0.0470508190715444,Low
33.32843546000004,-0.0029462384411189,-0.0349421667776903,0.0383208598278093,Low
38.58876824000004,0.3599776020158186,-0.175758675985598,-0.3318253478648296,Moderate
30.303487760000053,-0.017174515235457,-0.0192148100861793,0.064565268338411,Low
31.034944040000028,-0.0252541434854795,-0.0402884854513802,0.0622127564174419,Low
36.83190596000003,0.2645528455284552,-0.091240747886484,-0.2393131747739134,Moderate
38.33241673999999,0.3040767012237898,-0.1456157770397507,-0.2903972232934824,Moderate
34.65120920000004,0.2943910508901843,-0.1518805426057695,-0.2606260549332514,Low
30.76662947,0.0016263156279726,-0.0205089726755455,0.0420261783177789,Low
30.42653647999998,-0.0231622036500085,0.0213929328138883,0.0994968553459119,Low
33.42072200000001,0.3477861680001499,-0.1591517065781416,-0.3228019199293819,Low
38.11879049000004,0.192109212019178,-0.0226687598116169,-0.1969939180126049,Moderate
35.39975558000003,0.3222358768107846,-0.1351385913871927,-0.3051037474040176,Low
37.983778700000016,0.1951598397514512,-0.0373261424921941,-0.1878275707959208,Moderate
38.80752152000002,0.2304982192777543,-0.0530938647089669,-0.2366071428571428,Moderate
30.53420411000002,-0.0170124622228259,0.0152066678006463,0.092880421158185,Low
40.591727960000014,0.1344038792649074,0.0089332310053722,-0.1461639507224766,High
40.42766300000005,0.1962285884937818,-0.0699254001869765,-0.1862836351328482,High
30.60598253000001,-0.012486743525709,0.0152828000272907,0.0693790702172931,Low
34.56575870000006,0.4006124440555911,-0.2161285609934258,-0.3705423293490072,Low
38.98867658000006,0.1567371601208459,-0.0142695676744843,-0.1574831714297231,Moderate
31.28275049000001,-0.0442928657162094,-0.032937826293308,0.0678164529853516,Low
35.96714689999999,0.3070931639443436,-0.0927424453154634,-0.2905032103927131,Moderate
37.97181563000004,0.2418024928092042,-0.0553590926128122,-0.2383593077732096,Moderate
31.99882567999998,-0.0458759210839077,-0.022349570200573,0.0734072022160664,Low
33.38141476999999,0.2675213145888813,-0.1538967506718535,-0.2373294641597646,Low
30.665797880000014,-0.0317248915753167,0.0235889665622094,0.1080562458712133,Low
29.62330178000002,-0.0355132672205842,0.0264457220155563,0.1045723172628304,Low
34.69564346000004,0.1971004487400759,-0.0674053554939981,-0.1929824561403508,Low
34.89217961000003,0.3020492898398799,-0.182048889718231,-0.2668693252269909,Low
39.45352730000002,0.1896229354939233,-0.0489798722264202,-0.1880032675924845,Moderate
32.39531599999998,-0.0515925881070606,-0.0268817204301075,0.0801127687066838,Low
32.11162034000006,-0.0323995950050624,-0.0408422581230713,0.0883942766295707,Low
31.304967620000014,-0.0523680916935643,0.025404782873789,0.1216265722310416,Low
33.14044436000006,-0.0190095047523761,-0.0211547223849508,0.0410757946210268,Low
29.913833479999997,-0.0187225413991213,0.0260951230965318,0.0924548352816153,Low
31.120394540000007,-0.0425023243458626,0.0269941962478067,0.1225657254138266,Low
33.40534091000001,0.3259284066383865,-0.1341226646296826,-0.30121053880845,Low
34.65120920000004,0.254638410159149,-0.1072500682252342,-0.2480262483338459,Low
38.33925278000004,0.2162330581087397,-0.0491869372396183,-0.2155229457786773,Moderate
39.42960116000006,0.1945528390539141,-0.0421370757633654,-0.1900039666798889,Moderate
37.28650262000002,0.3049718825314648,-0.1116044952021776,-0.3014171770403076,Moderate
30.38722925000002,-0.0284200876031374,0.0211077280968834,0.1034028952810678,Low
37.66932086000003,0.2509349004044875,-0.0568020631850419,-0.2363567791815953,Moderate
32.13896450000004,0.0027184466019417,-0.0508750508750508,0.0165950269329125,Low
43.06979246000003,0.0511244320568134,0.0032224193489988,-0.0704564896181662,Extreme
31.181918900000028,-0.0126085907335907,-0.0329767427182934,0.0548048048048048,Low
35.93467571000002,0.3855555555555555,-0.155780870395596,-0.3566860081761835,Moderate
36.54821030000005,0.3347357912001711,-0.1180335702765665,-0.3060498220640569,Moderate
34.960540010000045,0.2966928572842243,-0.0992030869893465,-0.2758358810585555,Low
33.65998339999999,0.3133779012994817,-0.1386799518087981,-0.2906440302638863,Low
31.87748597000001,0.0055989040443147,-0.0443846463146825,0.0325759963326934,Low
30.99734582000002,-0.0363812896224798,-0.0452883960101604,0.0647450110864745,Low
34.0872359,0.3895413028204356,-0.1753785198811376,-0.3590314136125654,Low
36.73620140000003,0.3448587652356324,-0.1499257793171697,-0.3205952338672443,Moderate
39.68424364999999,0.15067497403946,0.0801223072346666,-0.1933017445617058,Moderate
31.556192090000025,-0.0126059671914565,-0.0517150395778364,0.0442774936061381,Low
31.97148152,0.2859966918142574,-0.1434105746466748,-0.2607681050508246,Low
30.50515094000002,-0.0096341259675892,-0.0559315995724973,0.0478637969804047,Low
39.83292752,0.2476802833711931,-0.0729752996490298,-0.2343732144897726,Moderate
37.1292737,0.2600902137674054,-0.131356529088604,-0.23338580258763,Moderate
41.029234520000045,0.1508785332314744,0.0586140098731487,-0.1632306385607289,High
30.81619076000004,-0.045778892835033,0.0078596110847618,0.0978652619905738,Low
35.91245858000002,0.2264534615029115,-0.1416157618515013,-0.1815146253506077,Moderate
30.38893826000003,-0.0312965722801788,0.003831417624521,0.0614847792082781,Low
32.54912690000003,-0.0103415506735983,-0.0555058725332379,0.0544755394146549,Low
34.47347216000003,0.3604161506068863,-0.1504324146392554,-0.324832862361293,Low
36.82848794000006,0.3083202166990006,-0.0784177654406662,-0.2716405165972889,Moderate
29.99586596000006,-0.0160049036300483,0.0184115768734289,0.0964917766243512,Low
42.25630369999999,0.1171821566988373,0.0225398936170212,-0.1492788179650549,Extreme
43.76535953000001,0.0802316934757935,0.0254916498958443,-0.0953212429064645,Extreme
38.98184054000001,0.2384592326139088,-0.0478726776995751,-0.2401786049303966,Moderate
37.047241220000046,0.295653527374606,-0.1396642308284702,-0.2786866359447004,Moderate
34.273517990000016,0.2999016715830875,-0.1311326727929223,-0.2687383635002591,Low
40.41399092000006,0.1640825344222196,-0.013568754079214,-0.1617450192928577,High
35.25278072000003,0.2434465466149988,-0.1096419853539463,-0.2154634581105169,Low
32.16801767000004,0.1505364302192756,-0.0518900765859851,-0.1381220366021181,Low
39.97648436000003,0.1320119384709573,-0.0205250267342785,-0.1408738575450233,Moderate
35.560402520000025,0.2772289013212712,-0.1067941136019804,-0.2503884400248601,Moderate
31.884322010000005,-0.0178514780100937,-0.0251347039523193,0.0501743132059684,Low
31.99028063000003,0.3487178512365274,-0.1770014266281808,-0.315753361149745,Low
32.84991266000003,0.3536989603736628,-0.1916572717023675,-0.3161209990478283,Low
31.06741523000005,-0.0330714100682151,-0.0367238612516973,0.0812776896570584,Low
41.88715754000003,0.1456824729424589,0.0070184910244297,-0.1558523173605656,Extreme
35.59116470000004,0.1331504343850023,-0.0993212970766978,-0.1194832181415729,Moderate
42.46822094000004,0.1013043393995774,0.0519220501868659,-0.1227376906662451,Extreme
29.472908899999997,-0.0172402044293015,0.02157394843962,0.0893477299993685,Low
39.53214176000006,0.1589777630268835,-0.045665518790238,-0.1582569758281852,Moderate
35.34848527999998,0.3486819903258465,-0.1454412279863698,-0.3210901344303239,Low
30.635035700000003,-0.0262978607439705,0.0222678296562339,0.1039498432601881,Low
37.76502542000003,0.1712790491396132,-0.0263884030935447,-0.1651813288626136,Moderate
39.66544454000001,0.1676425764017005,0.0015432628005075,-0.158650880509402,Moderate
36.52257515000002,0.3490041853081252,-0.1304479281621793,-0.3270039573388227,Moderate
39.046782920000055,0.1066735188312165,0.0579338791325542,-0.1537254601813937,Moderate
29.85230912000003,-0.0102894772945534,0.0253327028305073,0.0900031535793125,Low
36.38414534000003,0.2826488667647169,-0.1061532457395603,-0.2710489928622145,Moderate
38.135880590000056,0.201085087685783,-0.0273370479909802,-0.2046752251389155,Moderate
37.15661785999998,0.2274718034184721,-0.0650390099542641,-0.2257615048186709,Moderate
34.23591977000001,0.238661625277878,-0.1036584333575987,-0.2159737377128681,Low
37.49500183999999,0.0663804804141283,0.0704124590705225,-0.1531162536691924,Moderate
36.973753790000046,0.2471918756731805,-0.0815444917021099,-0.2424126302881667,Moderate
31.419471290000047,-0.0277903776951223,-0.0257146503318019,0.0664382368314071,Low
33.859937570000056,0.026376930435971,-0.0497330239579547,0.003264937753829,Low
34.51790642000003,0.2876811456210843,-0.1001382900837875,-0.2614965580284685,Low
30.549585200000024,-0.0295296137917101,0.0231155097613882,0.1082577890535565,Low
33.53693468000006,0.3833997479649875,-0.1760720386831514,-0.3476890407777298,Low
32.49102056000004,-0.0226007950028392,-0.0430250878681372,0.0525156886491247,Low
38.558006060000025,0.2228474750818345,-0.0917807769349489,-0.2116618075801749,Moderate
40.13200427000004,0.1805914218589208,-0.0329046834389386,-0.1907876698915044,Moderate
32.06035004,-0.0643295988435128,-0.0188233750901816,0.0824571766095688,Low
35.96885591,0.3346580137086189,-0.1423801276350075,-0.317438324366149,Moderate
36.22008038000001,0.3890955020700302,-0.2191156546372706,-0.3452025006795325,Moderate
40.46526122,0.0896407923419581,0.0574848335792752,-0.1168664633080106,High
36.97546280000006,0.2498876955119042,-0.1426544707858876,-0.2337646631999032,Moderate
31.5749912,-0.0094484324191668,-0.0273950809761685,0.047773518136243,Low
39.99699248000002,0.201696744749749,-0.0510815914135223,-0.1901573547890995,Moderate
35.645853020000004,0.3087388801674516,-0.0887099281738751,-0.2924110438505832,Moderate
31.270787420000037,-0.0421122994652406,0.0307088744588744,0.121882468288498,Low
35.93467571000002,0.2086094634542187,-0.0166753348069171,-0.2065580094512489,Moderate
31.412635249999997,-0.0454492415402567,-0.0322397476340694,0.0829549913121461,Low
37.71717314,0.1666085257796692,-0.0161344231411989,-0.1797368328218153,Moderate
38.233294160000014,0.1643121190928164,-0.0200087527352297,-0.1527489267414485,Moderate
38.4964817,0.079813258636788,0.0254984242546808,-0.0985637206474656,Moderate
36.79430774000002,0.2515318389823935,-0.069281998608396,-0.2366172356975897,Moderate
40.69426856000001,0.2938018717993996,-0.1155977830562153,-0.2826581702321347,High
38.21107703000001,0.2023878369555078,-0.0684990550711183,-0.2083388012973135,Moderate
39.97306634000006,0.1038437035464005,-0.0105762500972081,-0.0988964525812862,Moderate
33.77277806000001,0.335422971609742,-0.117421844382141,-0.3075349230986313,Low
32.229542030000005,0.0149221217732273,-0.0712807541963669,0.0192869359294829,Low
40.20549170000004,0.2111405835543766,0.0158876778126731,-0.2161637685019596,Moderate
36.16197404000002,0.1980278047203362,-0.0143023335386299,-0.1858548683894711,Moderate
30.27614360000001,-0.0213541487569203,0.031742251556493,0.1081165778752742,Low
37.460821640000006,0.2879639213366849,-0.1140527577937649,-0.2581064490503358,Moderate
32.84991266000003,0.0113308153743612,-0.0516952578986888,0.0221267454350161,Low
32.24492312000001,-0.0334851936218678,-0.0372815059283706,0.0505174825174825,Low
38.95278737000001,0.1884462737027782,-0.0190320141164608,-0.2016051125808129,Moderate
31.298131580000017,-0.0403932194845295,0.0078832497231089,0.103127392661523,Low
32.316701540000054,0.0288123682361208,-0.0382412307020893,-0.0060791880319289,Low
30.39919232,-0.0238315673970442,0.0246676716458818,0.1041883004499826,Low
33.36945170000001,0.3526602120792992,-0.1648826350728965,-0.3208478147341125,Low
35.107514870000045,0.2953548191859585,-0.0954048910001119,-0.2764989842133711,Low
39.88419782000005,0.3113302196851756,-0.1319695385993728,-0.2849249127089054,Moderate
36.47301386000004,0.2870476375278936,-0.0828177291649661,-0.2670589134255368,Moderate
29.61304772000005,-0.0186293173782975,0.0224178801219099,0.0853558076167543,Low
31.33231178000005,-0.0442353766142698,-0.0208463362876045,0.0901707737664793,Low
40.02433664,0.1865798853246552,-0.0286827433331094,-0.1857530003871467,Moderate
35.55014846000006,0.2631195335276968,-0.0886362208681449,-0.2536622418345571,Moderate
29.76002258000005,-0.0166153846153846,0.0218988030467899,0.0923319659198485,Low
30.715359170000056,-0.0118505013673655,0.0076181134543076,0.0573034754790819,Low
35.114350909999985,0.3874393904410066,-0.139764259585422,-0.3596340950964864,Low
33.54377072,0.3597479614529281,-0.1845657087504036,-0.3262476727581657,Low
37.90174622000001,0.1850702199341333,-0.0249811740824411,-0.1968497916427725,Moderate
31.011017900000013,-0.0222852145592714,-0.0299564789224562,0.064003002396143,Low
35.49546013999998,0.2833971273733278,-0.084148352088102,-0.2711609924552381,Low
39.13906946000003,0.1540717869548437,-0.0017756038728265,-0.1654065008964065,Moderate
42.034132399999976,0.1434262948207171,0.0297527336913434,-0.1980199848543617,Extreme
34.30598917999998,0.0731984014438571,-0.0327254683041806,-0.0427376121048148,Low
32.00907974000006,-0.038440946568155,-0.0567192280536596,0.0818465313634272,Low
36.108994730000006,0.3730218538055765,-0.158951162626334,-0.3455983719556226,Moderate
40.10295110000004,0.2244646222374507,-0.0775214834916327,-0.2166689364020155,Moderate
35.89536848,0.2735827578356227,-0.1062623599208965,-0.2570315718512415,Moderate
38.09144633000005,0.1624972129319955,0.0058916620588403,-0.1441550176655182,Moderate
39.304843430000005,0.2444460805065248,-0.1026632092241955,-0.2454317712938402,Moderate
31.176791869999988,-0.0294569752486118,0.0014201794590407,0.0902996265694375,Low
34.41365681000002,0.2775716825102403,-0.0958963139750729,-0.2625448713052776,Low
30.47438876000001,-0.0275160962385631,0.0210472454374893,0.1062597321706633,Low
34.21712065999998,0.2626122337199976,-0.1324455673105602,-0.2330881650587448,Low
29.68482614000004,-0.0085587127695994,0.0179721939640556,0.0847607610138423,Low
30.94949354000005,-0.0341984732824427,-0.0063313289427635,0.0995530503601218,Low
36.70202119999999,0.1988278270643491,-0.0446341122149153,-0.1950380152060824,Moderate
39.25870015999999,0.2232330300909727,-0.0590017165359631,-0.2238991753539754,Moderate
40.12345922000003,0.1641059551129954,-0.0028818443804034,-0.1788710757474297,Moderate
42.27168479,0.1613193833050101,0.0125004352519238,-0.1637736468464032,Extreme
36.05943344000002,0.1939964343463659,-0.0572341128528947,-0.1847615913111449,Moderate
33.30792733999999,-0.0121892038480203,-0.0487013970967057,0.0481639389354971,Low
31.65360566000004,-0.0094481425810607,-0.0666512515174287,0.036776029024091,Low
30.92727640999999,-0.0223543400713436,-0.0319746462079136,0.0584058634906092,Low
31.35965594000004,-0.0428530008698173,-0.0256633318834275,0.0869060131659014,Low
35.80991798000002,0.3121325591071073,-0.1115606227779821,-0.2967445519066092,Moderate
36.87634022000003,0.3404946474713916,-0.1864606135851275,-0.3055076215127983,Moderate
32.67388463000003,0.0016796864585277,-0.0741958541815582,0.0270368260216501,Low
30.903350270000036,-0.0116140103576134,-0.0168348045397225,0.0562382958801498,Low
37.21643320999999,0.205125091085742,-0.0587356628434249,-0.1926443781174255,Moderate
40.53020360000005,0.1612499021066645,-0.0234676974047487,-0.1602503912363067,High
30.39919232,-0.023010234013428,0.0161157974201595,0.0851492400659219,Low
38.282855450000056,0.2013471159648815,0.0066638766378005,-0.2093278463648834,Moderate
33.89924480000002,0.29411110905285,-0.1302743981361636,-0.2768212888840151,Low
30.66408887,-0.0333444481493831,0.0288107202680067,0.1063777318824943,Low
38.37001496000005,0.2122936228140598,0.0005611430051366168,-0.221932941631777,Moderate
33.875318660000005,0.2648124319509056,-0.083484542725839,-0.2420925756721553,Low
36.11070374000002,0.3095503244883069,-0.1628985507246377,-0.2878398791540785,Moderate
38.16835178000002,0.2602145585046155,-0.1158957278319681,-0.2520687945696526,Moderate
38.838283700000034,0.1548049859268194,0.0005062009617818274,-0.170594338224396,Moderate
39.11856134000004,0.2625388767740321,-0.1054180099533631,-0.2513774470723713,Moderate
39.576576020000005,0.1495768849584508,-0.0123871227634361,-0.1659771892518848,Moderate
29.73951446000001,-0.0121048626962717,0.0244535519125683,0.0993820153865556,Low
39.26553620000004,0.245671167593328,-0.0971736392892122,-0.2192808551992225,Moderate
40.02775466000003,0.1538920014304446,-0.0274190695206085,-0.1733333333333333,Moderate
39.35782274000002,0.1427465252235858,-0.0190581411407264,-0.1628713261366322,Moderate
38.34950684,0.1844093970757351,-0.0561822443598007,-0.172467067815905,Moderate
36.380727320000005,0.259300495258571,-0.0619506272764063,-0.2437577021518627,Moderate
33.248111989999984,0.2847230078817362,-0.1203301762694027,-0.2614137075573,Low
36.41490752000004,0.2089916743755781,-0.0751233958538993,-0.2108959510794033,Moderate
31.16824682000004,-0.0191413727098714,0.0275179612308526,0.0875675675675675,Low
29.67115406000005,-0.025412273587456,0.0271218459047362,0.0971135182518314,Low
31.37332802000003,0.0077519379844961,-0.0520493712156497,0.0335347916778092,Low
34.65804523999998,0.1869052815364469,-0.1079781598891695,-0.1545516304347826,Low
39.49796156000002,0.176905311778291,-0.030084560185965,-0.1919073792538884,Moderate
30.98709176,-0.0390944030747057,-0.0209277100746506,0.0913943386048096,Low
36.33971108000003,0.2053877618477048,-0.0857057794648505,-0.178081085446616,Moderate
36.44566970000005,0.2372713414634146,-0.0885498742665549,-0.2293769051631103,Moderate
36.16197404000002,0.3773968048592017,-0.1776418891927603,-0.3435703267423923,Moderate
34.35725948000004,0.385814606741573,-0.1808634772462077,-0.3391239439486988,Low
34.88363456000002,0.2421586084098068,-0.1261874702485667,-0.2038229242715869,Low
34.99301120000001,0.253092151691862,-0.1013825637007655,-0.2338666910487336,Low
41.111267,0.1027114747447427,-0.0059835913885633,-0.1733218217137923,High
42.15718112000002,0.1488680905527557,-0.0330516094227656,-0.1433347928193289,Extreme
34.23421076,0.0414912808177991,-0.0753311258278145,-0.0138042046729427,Low
32.54912690000003,-0.0173018080667593,-0.0541895440439245,0.0683052903634157,Low
38.445211400000005,0.1972219615204129,-0.0136193881605085,-0.206735408192224,Moderate
33.982986289999985,0.2614813965049137,-0.0623792348318948,-0.2656678624182317,Low
31.058870179999985,-0.0287301802412251,0.0132856061127555,0.092440167152083,Low
38.83315667,0.1527506603881934,-0.0013135360723608,-0.1575143675399312,Moderate
31.60404437,-0.0376120771147841,-0.0325792967789525,0.0643346515902634,Low
35.84409818000006,0.205311152657484,-0.0433317920602417,-0.2073380470093636,Moderate
37.44202253000003,0.222812894942727,-0.0670074219297017,-0.2066194227799992,Moderate
34.398275720000015,0.3411286612482748,-0.1390706912832535,-0.302916309732206,Low
34.77596692999998,0.3279331480715032,-0.2016550444971554,-0.2880273747395385,Low
29.77027664000002,-0.0169606054463139,0.0190816532937765,0.0917150527564462,Low
33.74543390000002,0.3400754599556576,-0.1636830372221847,-0.2989480827960638,Low
44.49510680000003,0.1569203525576528,0.0062571300169391,-0.16262891809909,Extreme
35.10580586000003,0.3954977352450363,-0.193209283363909,-0.3544889594076424,Low
31.08963236,-0.0338274932614555,0.0271407246573483,0.1152659508823892,Low
32.27910331999999,0.3204915822321532,-0.1269068911099421,-0.289977795340785,Low
36.35167415000001,0.224240327509658,-0.0874263764404609,-0.2100074086738473,Moderate
36.05088839000001,0.3574181792697456,-0.1487626588378334,-0.327030128633335,Moderate
31.518593870000014,-0.0041365616899233,-0.044212474337102,0.0283592530807727,Low
32.361135800000056,0.0033463163091776,-0.0513911243964129,0.0337577262401606,Low
35.24252666000001,0.3046387593237685,-0.142300799558864,-0.2759364052815952,Low
37.92909038000005,0.3686330513750046,-0.1737218942343926,-0.3355249053097978,Moderate
31.600626350000027,-0.0153968594080014,-0.0273395081443628,0.0514582288932794,Low
29.660900000000023,-0.0221980856696761,0.0266909926346374,0.0954534036674202,Low
34.85970842000006,0.214190929669815,-0.0498430803496102,-0.2066090059341426,Low
33.12677228000001,0.0689702454408336,-0.0834398799266218,-0.0390233500373174,Low
38.13758960000001,0.2791387976411921,-0.1123730855274479,-0.2585179704840154,Moderate
40.048262780000016,0.1847899126447685,-0.0235623548695533,-0.1929950248756219,Moderate
38.42470328000002,0.3038343374695766,-0.1367051620982329,-0.2765342396187351,Moderate
29.83863703999998,-0.0169767757707456,0.0185097294731846,0.0912172766652018,Low
41.66498624000002,0.1333623796886758,-0.0055877701634159,-0.1348457206313952,Extreme
35.962019870000006,0.2289592345899425,-0.1414358298433215,-0.1912231269274288,Moderate
36.65075090000005,0.3271616648328717,-0.1632469821422633,-0.2866916795409402,Moderate
29.71900634000002,-0.0097220320416267,0.0183249626713723,0.1024511324852621,Low
34.347005420000016,0.2291567977261961,-0.1092823171057553,-0.2074922924786225,Low
40.75237490000001,0.2453262909166724,-0.0989206427082055,-0.2331991328584701,High
37.52576402,0.3253002888855101,-0.1218507673992084,-0.3090786213111061,Moderate
40.72161272000005,0.1779230800471104,0.0032647170005842,-0.1759649691858579,High
36.57555446000004,0.2031168023628626,-0.0535486395888989,-0.1971615847174152,Moderate
51.49179374000005,0.1862781261527111,-0.1407348676111586,-0.1557829313151385,Extreme
37.63172264000002,0.2270942893119028,-0.0658474603532023,-0.2095790895484247,Moderate
35.037445460000015,0.2087151602722537,-0.0192381685263562,-0.2058723113690679,Low
38.66738270000002,0.125902716747545,0.0942735069006854,-0.1643878921994783,Moderate
35.55356648000003,0.0731201894612196,-0.0723794497584064,-0.054136577327582,Moderate
38.19227792000004,0.228651135828412,-0.0860006725057243,-0.2202292067718547,Moderate
39.06045500000005,0.1873687368736873,-0.0384413539753345,-0.1871016122984627,Moderate
40.63616222000002,0.1259386397768719,-0.0122155072650122,-0.1329471449645594,High
30.288106670000047,-0.025668236386549,0.0221009186526427,0.1015290519877675,Low
37.31042876000004,0.2235259281193322,-0.0662193981227623,-0.2158305134618214,Moderate
36.94470062000005,0.3159880521930514,-0.1408906606698695,-0.2978797627815031,Moderate
37.72913620999998,0.2278257252781532,0.0129016078245604,-0.242249964931968,Moderate
38.02137692000002,0.1828106852497096,-0.0651234137498256,-0.1706644187294045,Moderate
29.657481980000057,-0.0157394843962008,0.0188679245283018,0.0893227041616973,Low
30.93240344000003,-0.0011442336645588,-0.0369490465770553,0.0468911619354097,Low
31.041780080000024,-0.058175294720656,0.0163276231263383,0.1184407796101949,Low
40.09269704000002,0.1350081467166837,0.0009338936695350544,-0.1603331396474917,Moderate
30.71706818000001,-0.022680412371134,0.0020415975500829,0.048076923076923,Low
34.69564346000004,0.2783303252563265,-0.122618284827842,-0.2511134078737198,Low
29.54468731999998,-0.0248496993987975,0.0186878193062651,0.10243482538121,Low
33.504463490000035,0.3190785722431292,-0.1599284675680644,-0.2892571195036317,Low
30.351340040000025,-0.0326285212456934,0.0219915312115831,0.1107799304520616,Low
39.17324966000001,0.2004344153493423,-0.0754594594594594,-0.1959126427569625,Moderate
38.85537380000005,0.232913634438412,-0.0759770153566988,-0.219716593021484,Moderate
29.66431802,-0.0097951914514692,0.019400352733686,0.0881796392077709,Low
41.79487100000006,0.1733810802745449,-0.010602069009831,-0.1795852551843102,Extreme
35.99278205000002,0.3672578828828828,-0.18490957333252,-0.3354415151410992,Moderate
30.414573410000003,-0.0213734751435658,0.0195410907605365,0.0925990106808658,Low
35.79966392000006,0.1946891973445986,-0.0732253867283504,-0.1780528445608188,Moderate
37.401006290000055,0.2190874000037294,-0.060197197716658,-0.2249807940939496,Moderate
35.69028728000001,0.2518973341977804,-0.1122179304736735,-0.2512292738707833,Moderate
36.17564612000001,0.2142585695827316,-0.0433306122448979,-0.2233708553488016,Moderate
31.20926306000001,-0.0185966203402304,-0.0426101338144639,0.0467130406092766,Low
31.345983860000047,-0.0487257361679651,0.0254329004329004,0.1223731497837607,Low
35.72788550000001,0.2715557151225411,-0.0509448695923785,-0.2607636677033761,Moderate
32.76788018000002,-0.0232168501675442,-0.0331645569620253,0.0545580910459863,Low
33.560860820000016,0.1143290515239133,-0.1347959356068834,-0.0880773859113209,Low
34.76742188000003,0.2394272147202849,-0.0907963041561918,-0.2305255791683547,Low
30.515404999999987,-0.0184033586918779,-0.0029673590504451,0.0700956937799043,Low
41.12152106000002,0.1583470543351672,-0.0677426519582438,-0.1457853340748391,High
36.73620140000003,0.2115930361276039,-0.042245230097995,-0.2107401448109412,Moderate
31.055452160000016,-0.0309314586994727,-0.036920955306212,0.0628823929299796,Low
30.535913120000032,-0.0296494156928213,0.0251576546357171,0.1027477616548317,Low
39.115143320000016,0.2537967398165682,-0.0973675658108547,-0.2428135006809231,Moderate
37.98036067999999,0.2960927276126379,-0.1103850342750977,-0.2762886597938144,Moderate
32.557671949999985,0.0181369392573513,-0.075318787191839,0.0137741046831955,Low
40.34221250000002,0.2175677745443406,-0.0524956970740103,-0.2169154228855721,Moderate
33.96076916000004,0.0319693784031484,-0.0014125032696834,-0.0034072443256277,Low
37.53260006000005,0.2276092004207267,-0.0666643674989653,-0.2150222938068393,Moderate
33.69929063000001,0.2934385675580163,-0.1130258489609731,-0.2751379076744411,Low
38.11537247000001,0.3680915877213537,-0.1225126000796517,-0.3503717165042128,Moderate
38.36659694000002,0.2903101521864766,-0.1357442348008385,-0.2686261342700208,Moderate
32.49272957000005,0.0115839243498817,-0.0292861867821276,0.0312977531269455,Low
36.88659428000005,0.2259426847662141,-0.0685363716038562,-0.2170579779587925,Moderate
42.338336180000056,0.1680233771655186,0.0063920454545454,-0.1623462944499833,Extreme
39.06045500000005,0.1618522648376849,-0.0579107679929503,-0.1589263604121634,Moderate
33.28229219000002,0.2765774481350102,-0.1254311815321633,-0.2430135437817923,Low
29.284917800000017,-0.0058151467469384,0.027113878288813,0.0898158586997369,Low
33.84626549000001,0.1297533772414787,-0.1042714158169259,-0.1040120266842055,Low
31.51004882000001,-0.0242308403724027,-0.0095043694584423,0.1026309820821047,Low
36.34483811000001,0.2649202733485193,-0.0849941383352872,-0.2511688165380499,Moderate
39.82267346000003,0.2043141056713524,-0.0321620218106283,-0.1959565165068795,Moderate
30.91873136000004,-0.0341476057798224,0.0210166819913306,0.0886524822695035,Low
34.45638206000001,0.3527407034332242,-0.0967794626085536,-0.3356318790611324,Low
36.73961942000005,0.2450690435882269,-0.0157752853862282,-0.2326487752670584,Moderate
35.36044835000001,0.3329845199004077,-0.1653863747495938,-0.3040454673820955,Low
37.86585701000001,0.1815518136636748,-0.045983615976885,-0.1752314900210277,Moderate
35.95860185000004,0.3057394944337188,-0.1419193991226686,-0.2838489923360772,Moderate
41.210389580000026,0.1973395993468477,-0.0746354017729482,-0.1788879303584032,High
34.11799808000001,0.4008209790684262,-0.1729015764806135,-0.3631771813409923,Low
31.841596760000016,-0.0486447675462215,-0.0271317829457364,0.0695224719101123,Low
38.31874465999999,0.2102175050452201,-0.0486383212978854,-0.2096750093388121,Moderate
30.368430139999987,-0.0116018082382322,-0.0075081364998549,0.060234445446348,Low
34.514488400000005,0.2776169434709736,-0.0799149977461523,-0.272865275142315,Low
34.75033178000001,0.2572896796044692,-0.0730637605076918,-0.2501838733403012,Low
36.53112020000003,0.1805042913683461,-0.0620949027766664,-0.1581013873134979,Moderate
41.70942050000002,0.1335748696102241,0.024664291586736,-0.1320424635203371,Extreme
41.09417689999998,0.1293212843683907,0.0419521106544007,-0.1485334376222135,High
31.439979409999975,-0.0182814231195371,-0.0231588401334359,0.0614094453435339,Low
31.24344326000005,-0.0465360391882435,-0.0193266832917705,0.0946843853820598,Low
34.740077720000045,0.2202983533403404,-0.0755229071524922,-0.2168428794704422,Low
36.59777158999998,0.349740932642487,-0.1530739680983922,-0.3217599304146129,Moderate
36.93273755000001,0.2863093152711277,-0.1071871335232032,-0.266029386410222,Moderate
35.34506726000001,0.3668247131637048,-0.2143546208759405,-0.3243556023145713,Low
35.95176580999998,0.2966840507511481,-0.1454061022776106,-0.2696059751543327,Moderate
37.63001363000001,0.2183518963383562,-0.0585854113628816,-0.2213748814128293,Moderate
38.78017736000004,0.1183643496241328,0.0185364199101161,-0.1228560341482343,Moderate
32.24663213000002,0.3604902532097674,-0.2039057821545013,-0.3227934860088096,Low
36.53966524999999,0.2619135848217594,-0.1183028750636257,-0.2404247181597974,Moderate
37.621468580000055,0.3092980549413484,-0.1019082163696577,-0.2860192888169034,Moderate
35.888532440000006,0.1674659073879814,-0.0124435491731375,-0.1627178090369762,Moderate
40.687432520000016,0.1369378853963002,0.0278733322616942,-0.1508277830637488,High
39.00576668000002,0.1828474778628992,-0.0167276707830191,-0.1806860388901026,Moderate
32.562798980000025,-0.0162653026035979,-0.0465941054176348,0.0743104380746349,Low
30.476097770000024,-0.0102433658737797,0.0236012207527975,0.0748023905918642,Low
39.32364254000004,0.2079176935414466,-0.0396632996632996,-0.2051362110686129,Moderate
31.154574740000044,-0.0391298580713622,0.0241142395257981,0.103964376275589,Low
36.00816314000002,0.2384370307979638,-0.0578703703703703,-0.2327488790872307,Moderate
36.47301386000004,0.383244447444812,-0.1698878072454252,-0.343870925427953,Moderate
29.732678420000013,-0.0196344860384536,0.0235485180673974,0.090450677592184,Low
30.518823020000013,-0.0240955631399317,0.0215241419429901,0.1014110178812733,Low
39.530432750000045,0.2542036515840369,-0.0440960019224415,-0.2526442870785808,Moderate
33.58478696000003,0.0772952171522814,-0.0945040214477211,-0.0337623971301962,Low
32.631159379999986,-0.0009174754937466802,-0.0273598490491086,0.0224427120245688,Low
39.73722296000005,0.21834808904434,-0.06412092283214,-0.2092720500488193,Moderate
37.98719672000004,0.3106178205526234,-0.1086599697984374,-0.2843506370032325,Moderate
38.07948326000002,0.1807384358517056,0.0193816772241656,-0.188177791354819,Moderate
33.42414001999998,0.1740213355890784,-0.1281101828855272,-0.1412517131110096,Low
40.0687709,0.2795840711298648,-0.1393109925866291,-0.2561115425866341,Moderate
34.69906148000001,0.2990216589953574,-0.1522649746372329,-0.2766615752163866,Low
39.745768010000006,0.1501183170126397,0.0061180382377389,-0.1655910624110433,Moderate
41.22747967999999,0.2142184025029213,-0.0436754795230689,-0.2065323245186905,High
37.23523232000002,0.2019108971807028,-0.0372614548521098,-0.2034788911034607,Moderate
36.12437582000001,0.3313659670220222,-0.1804415372035977,-0.3067342505430847,Moderate
36.343129100000056,0.2447040498442367,-0.1061355850088244,-0.2290064595509074,Moderate
39.87394376000003,0.2364490747486522,-0.1046456756976649,-0.2130731567849612,Moderate
37.37878916,0.2781881949108275,-0.084972288202692,-0.2789994399850662,Moderate
41.18988146000004,0.1916084988877809,-0.0044289270358516,-0.2067425331106536,High
38.41444922000005,0.2870447101535062,-0.1129879879879879,-0.2720110762270626,Moderate
32.29277539999998,-0.0291792275752232,-0.0443615003365355,0.0531454565627427,Low
31.14773869999999,-0.0367676233302473,0.0241189870025458,0.1284107228338918,Low
41.27533196000002,0.1756449462871481,0.0144613159797541,-0.1789730282299284,High
36.94470062000005,0.1593726778520865,-0.0371199664136024,-0.1680063041765169,Moderate
30.956329579999988,-0.051814834297738,0.0248850419258858,0.1282268303004655,Low
39.32364254000004,0.1960976374250675,-0.0677485922143331,-0.1892018230688325,Moderate
36.098740669999984,0.2022192074837507,-0.0180901592962842,-0.1976117957924037,Moderate
35.447607860000005,0.2069336199946251,-0.1234053197698657,-0.1684155754054288,Low
32.18510777000006,-0.0200768372784731,-0.0079352433155932,0.0708032199306657,Low
29.879653280000014,-0.0199403147042864,0.0219304183024231,0.0935892610713837,Low
31.24686128000002,-0.0554581191412156,-0.0029540200359619,0.1096796260403602,Low
37.58045234000002,0.1763369309421407,-0.041042766347086,-0.1715832861876667,Moderate
38.10340940000003,0.3622517970251228,-0.1794318812003204,-0.3249117463833322,Moderate
35.94322076000003,0.17877447883765,-0.0749260724298168,-0.1648424820009155,Moderate
37.04211419000001,0.2983181326911773,-0.1118291791832426,-0.2820071147725145,Moderate
39.132233420000034,0.1915407854984894,-0.0620422231796639,-0.1860940695296523,Moderate
35.87656937000003,0.3955022488755622,-0.189154254279831,-0.3527913140121398,Moderate
29.746350500000005,-0.0115787284198849,0.025830258302583,0.0935910478128179,Low
31.188754940000024,-0.0306640492790902,0.0137741046831955,0.0948739017761203,Low
31.988571620000016,-0.0026440144014401,-0.0605688989920138,0.0381923723756306,Low
31.62797051000001,-0.041019955654102,-0.0336152951165057,0.070944036178632,Low
37.87782007999999,0.2235097359933102,0.0077504359620228,-0.2347197106690777,Moderate
31.369910000000004,0.0319872476089266,-0.0799599644128113,0.0027214377406931,Low
29.82496495999999,-0.0151278746353707,0.0177266576454668,0.0829385383109089,Low
41.63764207999998,0.214624341032351,-0.0813384205017388,-0.21241718720424,Extreme
30.582056390000048,-0.0096658961966799,0.0230437035757471,0.0784422356200097,Low
37.050659240000016,0.3508089438283948,-0.1543886903837191,-0.323101029165628,Moderate
39.77140315999998,0.1966904851447913,-0.0301809417604949,-0.1858385093167701,Moderate
30.61281857000006,-0.0132268703350112,0.0220876625610679,0.0878341516639389,Low
33.34723457000001,0.322320384814396,-0.1434821517351098,-0.2889005118242612,Low
33.14386238000003,0.0068278486680098,-0.0579241399588356,0.0242976461655277,Low
31.486122679999998,-0.005934476871799,-0.0625036204599432,0.0309338264430062,Low
33.965896190000024,0.4321836056949331,-0.2519977004886461,-0.3864149982493554,Low
30.55129421000004,-0.0044561124736605,0.0151722252597047,0.0682486825514855,Low
37.33264588999998,0.2362641626571472,-0.0756220249147564,-0.2218749400778508,Moderate
32.28252134000002,-0.0272068432933349,-0.0366525289611951,0.0585800517390054,Low
37.339481930000034,0.2035760538079124,-0.0607511045655375,-0.1893654790901209,Moderate
32.03300588000002,-0.0504739336492891,-0.0333311843208045,0.0710559870175032,Low
29.989029920000007,-0.0256989175908094,0.0197755211117049,0.0977739515434755,Low
33.78815915000001,0.3840667178755624,-0.243742501684553,-0.3271486943864756,Low
29.72242435999999,-0.0154096802661054,0.0196688070294018,0.0925925925925925,Low
33.83430242000003,0.3098299460804645,-0.1362684809629726,-0.2765222503950318,Low
33.275456150000025,0.3888351737825047,-0.1733952448514553,-0.3545761365892396,Low
37.77869750000002,0.0865248226950354,0.0663849841553587,-0.1640551127921113,Moderate
35.93296670000001,0.2053692313643572,-0.0565577105655771,-0.2035999845494225,Moderate
29.725842380000017,-0.0116470265826253,0.0206381534283774,0.0967943901828199,Low
39.36807680000004,0.2735659113372625,-0.1241074025008885,-0.2675799752240764,Moderate
39.18692174,0.1978009214448875,-0.0494928593235862,-0.1928133554381771,Moderate
36.85241408000002,0.3511959314967563,-0.2092896086977499,-0.3379955868745106,Moderate
40.85833352000003,0.1741642670531474,-0.0461998538732095,-0.1729117058767501,High
31.69974893000005,0.0360843766856883,-0.0541610098500823,-0.0012346017723394,Low
31.36307396000001,-0.0540593929018239,0.0267597046270577,0.1225262643537747,Low
37.22497826000006,0.2307692307692307,-0.0699687104720058,-0.2253735895089966,Moderate
34.17268640000003,0.2503680609682168,-0.1476035291312296,-0.2267822244880618,Low
40.49260537999999,0.1739344666173934,-0.0110690667326802,-0.1834588956039407,High
36.21153533000006,0.3183059611813116,-0.1203713733075435,-0.3037543891239759,Moderate
30.48635182999999,-0.0103343086596526,-0.010006671114076,0.0507553591688063,Low
39.47745343999998,0.2094484696140766,-0.0766750032907726,-0.2142963182897862,Moderate
33.318181400000014,0.3185737094199042,-0.1145299145299145,-0.3033597531037385,Low
37.36682609000002,0.1612978028560938,0.0224477845012687,-0.1718503207690657,Moderate
36.44566970000005,0.3938928097267836,-0.2185705558949297,-0.3557156449639799,Moderate
39.48428948000003,0.1713760894204088,-0.0323069504718605,-0.1829807388695926,Moderate
41.15570126,0.1717694732102656,-0.0632575241726814,-0.1822827938671209,High
40.39519181000003,0.1011471120949889,0.0339177569433409,-0.132719180209088,Moderate
39.658608500000014,0.1851362381933377,-0.0603742088057313,-0.1833423891950632,Moderate
33.577950920000035,0.1533344851416724,-0.068379146160925,-0.1338910357127691,Low
34.593102860000045,0.2644775655954044,-0.1050507106271836,-0.2462415362839983,Low
41.524847420000015,0.1990301961648666,0.0431800193474628,-0.2048281717175445,Extreme
31.75272824000001,0.0200643776824034,-0.0725406137184115,0.0113352745424292,Low
32.05351400000001,-0.0157325186306141,-0.0477811550151975,0.0488646083381618,Low
37.75477136000001,0.1807403284163651,-0.0145560639637772,-0.1822539293278341,Moderate
35.34335825000005,0.3152962571211193,-0.0965516174445768,-0.2967197819286145,Low
34.99984724000001,0.2455605672721362,-0.0597061365600691,-0.2323402886664254,Low
35.444189840000035,0.2922717539419895,-0.0949757529772704,-0.2718215955245612,Low
36.63366080000003,0.2039425051334702,-0.0742396482227922,-0.1924344112263575,Moderate
30.981964730000016,-0.0427969449565446,0.0133025654947739,0.1082896310608151,Low
38.95449638000002,0.1682149032854787,-0.0188692480359147,-0.1710404321360906,Moderate
41.883739520000006,0.1133885917275734,0.0356145004420866,-0.1194219795558109,Extreme
38.43495733999998,0.1689633071623137,-0.0212066069428891,-0.1649500998003992,Moderate
30.51711401,-0.0249799089204393,0.0200249049237707,0.1008800370541917,Low
34.760585839999976,0.1350894632206759,-0.1293640589457027,-0.1069749406233338,Low
41.49066721999998,0.1560471267131522,0.042167474599907,-0.1556303328926811,Extreme
29.98219388000001,-0.0174148606811145,0.0093640265314085,0.0814037626628075,Low
39.01260272000002,0.1858540824422866,-0.0202847669202262,-0.1912099590101715,Moderate
40.444753100000014,0.1816628701594533,-0.0686433195997645,-0.1751142753124873,High
41.61542495000003,0.1294085303589663,0.0322396096247686,-0.1438060577133424,Extreme
34.14192422000002,0.3873448069184005,-0.1648813032912994,-0.359272495427929,Low
35.92613066000001,0.2897791391262292,-0.111952744961779,-0.2612619713869073,Moderate
37.10534756000004,0.2384702350785544,-0.0239154257719332,-0.233900411714441,Moderate
29.657481980000057,-0.0173394743971823,0.0236220472440944,0.0928531232414181,Low
31.06228820000001,-0.0383594372179453,0.0239795231038663,0.119523606975755,Low
29.513925140000023,-0.0181448882870683,0.0186764108810393,0.0825583602201556,Low
37.84363988000001,0.2430412080688178,0.0103330193052502,-0.2405945976343562,Moderate
41.55902762000005,0.1018738845925044,0.0141707138580267,-0.1060685228036127,Extreme
42.07856665999998,0.1035054967848994,-0.0700457585357268,-0.0692392724349311,Extreme
39.11172529999999,0.1775558380243326,0.0208666767325985,-0.2164778269678097,Moderate
41.22747967999999,0.1361723485579707,0.046897266485296,-0.1449247169591098,High
40.18498358,0.2926991583480133,-0.12220485285122,-0.2690519196033972,Moderate
38.411031200000025,0.231849520656346,-0.0520461113009974,-0.2554647088269648,Moderate
35.133150020000016,0.289649323352631,-0.178012058338105,-0.2769826201256024,Low
32.398734020000006,-0.0019048702129474,-0.0489109325047058,0.0346477478963867,Low
30.68117897000002,-0.0391016100662968,0.0219988294832512,0.1113057623725208,Low
30.568384310000056,0.0072303555422766,-0.0337299153685759,0.037926999800234,Low
38.031630980000045,0.2004934734161095,-0.0628567401874427,-0.1933697286177703,Moderate
31.906539140000007,-0.0206346237765725,-0.0029366700715015,0.0716775985345388,Low
32.54229085999998,0.0294433122385498,-0.0430648009781279,-0.009705162936272,Low
42.39302450000002,0.1611456038453835,0.0303719561145303,-0.1619834048182146,Extreme
36.609734660000015,0.3706050695012265,-0.1370509595545631,-0.3368557471837304,Moderate
35.39975558000003,0.0266155276615527,-0.038077329886003,-0.0066096866096866,Low
39.74747702000002,0.2877497173011685,-0.1499932678066514,-0.2614089499335401,Moderate
30.25905350000005,-0.0325666135276702,0.0235124129778011,0.0692375109553023,Low
36.48668594000003,0.2990614334470989,-0.1622339041274137,-0.2689422639793908,Moderate
44.29857064999999,0.2055020426520745,-0.0331657645792846,-0.1959322538065403,Extreme
36.93102854000006,0.3071696431886533,-0.1040516808830908,-0.287427777371462,Moderate
33.9846953,0.2989933523266856,-0.0936420621721888,-0.2820935812837432,Low
37.28821162999998,0.214051610472782,-0.1001041151069313,-0.1954965315131505,Moderate
35.86802432000002,0.3034041224234853,-0.120101986044015,-0.2761533463287849,Moderate
29.657481980000057,-0.016733283652869,0.0251209027404621,0.0915691306252738,Low
31.42459832000003,-0.0560729404102898,0.0236443246884472,0.1335485413677666,Low
41.34369235999998,0.1960301442405614,-0.064204161655436,-0.2033831995081692,High
32.65850354000003,-0.0006864595846919513,-0.0448903908843496,0.0352083505923287,Low
35.63730797000005,0.3184742299250738,-0.100922649140546,-0.2977019628291557,Moderate
35.772319760000016,0.2724348183892567,-0.1329036985229222,-0.2551566362864839,Moderate
29.59253960000001,-0.0425192665426521,0.0255578093306288,0.1118506193381401,Low
32.41924214000005,0.0155163816619247,-0.0456975444743121,0.0106869356497885,Low
34.661463260000005,0.3037848605577689,-0.1120041821864993,-0.2806773283160865,Low
36.074814530000026,0.2055784321342553,-0.0245118267500784,-0.2049465162780765,Moderate
32.87212979000003,0.3044822854050293,-0.1451987850610014,-0.2673702396154135,Low
37.65393977000002,0.2077159744150271,-0.0281214460488679,-0.1994130181321111,Moderate
38.14955267000005,0.2000562463590526,-0.0380177926049485,-0.202713857180246,Moderate
31.084505330000013,-0.015607411238553,-0.0239888600544338,0.0492198289794599,Low
41.69574842000003,0.1182643170203866,0.0679237846932743,-0.1352768495098129,Extreme
41.23773374000001,0.1028385664446558,0.0006825448144555807,-0.1255968277089908,High
32.238087080000014,-0.0360791260702686,-0.0270542343022524,0.0609215900592532,Low
37.80433264999999,0.2021676662873893,-0.0593433485147168,-0.1999922998440718,Moderate
31.09646840000005,-0.0344093178036605,0.025,0.1243360695316272,Low
37.09851151999999,0.3023830674751844,-0.1475632997549686,-0.2766924125397547,Moderate
33.25665704000005,-0.031885073580939,-0.0401556029614757,0.0654490106544901,Low
33.29254624999999,0.2815565729234794,-0.1292320991211641,-0.2439788914018172,Low
39.58683008000003,0.1637264240807772,-0.0395330236040911,-0.1709542613963117,Moderate
37.81287770000006,0.2736349453978159,-0.0892231746772956,-0.2597307410407746,Moderate
39.07070906000001,0.1651141826923076,-0.0134605331939362,-0.1802305672868394,Moderate
35.741557580000006,0.249861539678772,-0.1016423166777084,-0.2300085649770303,Moderate
41.179627400000015,0.283788180010844,-0.0766992057236403,-0.2682021067666488,High
31.99540766000001,-0.0478471764776333,-0.0301263362487852,0.0803932909196067,Low
30.21120122000002,-0.0224335847818957,0.0144496247065436,0.066958835498513,Low
33.883863710000014,0.0427620841180163,-0.0736020268348801,-0.0140404854345225,Low
35.20321942999999,0.3207208554550213,-0.130223331413579,-0.2968170637688608,Low
40.71135866000003,0.1646300995510443,-0.0246968708137258,-0.1744881889763779,High
34.16585036000004,0.1111445480991072,-0.1021342221780011,-0.0865129965669445,Low
36.99255290000002,0.3107094377366579,-0.1293668626304287,-0.3002586909529041,Moderate
35.529640340000014,0.318418389475206,-0.1209858332565071,-0.2969494417976249,Low
37.28992063999999,0.1889743495381445,-0.0314465408805031,-0.2190318077198807,Moderate
35.905622540000024,0.2270276560257554,-0.0348053647366699,-0.2128206111260207,Moderate
41.18304541999999,0.2021144938297797,-0.0212069328046619,-0.2110428355151839,High
37.76502542000003,0.216321044546851,-0.0238399250052528,-0.2046630153658907,Moderate
32.24150510000004,-0.0316472189246315,-0.0277496081865953,0.0705094355354214,Low
31.797162500000013,-0.0516976221459836,-0.0316602316602316,0.0792028028257997,Low
38.72890705999998,0.1867003569566438,-0.0298642533936651,-0.1898500020106969,Moderate
32.39189798000001,0.087984961620803,-0.0875874308382921,-0.065671031096563,Low
37.63172264000002,0.4199232437844151,-0.2412626174222533,-0.3774928774928774,Moderate
36.826778930000046,0.1594909001041501,0.0124785759389,-0.1860599494402311,Moderate
38.74087013000002,0.1214088727714924,0.0061200923787528,-0.1190759962727804,Moderate
40.60198202000004,0.2112384590894619,-0.0683796686324066,-0.2127345897916085,High
40.656670340000005,0.2174399940273993,-0.0665140614780902,-0.2038240070869629,High
31.296422570000004,-0.0152923185507587,-0.0405867362794455,0.0445154662709736,Low
31.853559829999995,-0.0035977933534099,-0.0607728536571525,0.0297399698967145,Low
36.35851019000006,0.2464682595502682,-0.0700755615360728,-0.2344863272698324,Moderate
38.739161120000006,0.1748105363130657,-0.0013712435361562,-0.1766350241686564,Moderate
37.17199894999999,0.2131230431146807,-0.0848506982487261,-0.1968763790556227,Moderate
33.80695825999999,0.2751421640752376,-0.1155331361975995,-0.2660296904611497,Low
38.872463900000014,0.1385718943593087,0.0092211661228543,-0.1634667444088126,Moderate
35.74668460999999,0.3201217803843927,-0.1821040307743769,-0.2847742310768559,Moderate
36.035507300000006,0.3238423149831715,-0.2193557582668187,-0.2882581033768776,Moderate
30.47780678000004,-0.0166122004357298,0.0194494416347035,0.0927135678391959,Low
31.88603102000002,-0.0367332167199469,-0.0146124523506988,0.1055225719726671,Low
31.932174290000034,-0.0042034468263976,-0.0407182669339117,0.0284264219619101,Low
41.45648702000005,0.1819748276895415,-0.041489256362016,-0.1921115266916015,Extreme
38.41444922000005,0.1918593163406441,-0.0367467601663744,-0.1860940695296523,Moderate
42.228959540000005,0.0960596700067806,0.0842251038650384,-0.1094333867154731,Extreme
36.83190596000003,0.2297483890764038,-0.0857433118862174,-0.2180685358255451,Moderate
34.22737472000006,0.3176934230583336,-0.1216177727143264,-0.3024879644261511,Low
36.56530040000001,0.2582855321861058,-0.0765822569101257,-0.2395714790252325,Moderate
30.43166351000002,-0.028823929299796,0.02217659137577,0.1053356713426853,Low
33.36261566000002,0.3537002709254242,-0.1433474844187517,-0.3280408477302931,Low
44.55663116000005,0.1150277572887146,0.0568416904738449,-0.1227425533578297,Extreme
36.39781742000002,0.2366116349271419,-0.0751559335763467,-0.2273946253860807,Moderate
41.52826544000004,0.1103974936361856,0.0039345183727956,-0.141833118556701,Extreme
37.92567236000002,0.2126253418413856,-0.0425326954789622,-0.2092265737444133,Moderate
29.01489422000003,-0.0142886165097853,0.0268752507019655,0.0833753148614609,Low
37.248904400000015,0.2560888536295121,-0.0824132626901384,-0.241657844175195,Moderate
37.31726480000003,0.187916960179008,-0.0405429929948096,-0.1897410358565737,Moderate
38.82802964000001,0.2416540514700023,-0.0971171107747544,-0.223137901263637,Moderate
34.70247949999998,0.4099563732287192,-0.2212848229194129,-0.3809768296924427,Low
38.937406280000005,0.2374417553034622,-0.0620813013617725,-0.2247518972562755,Moderate
35.96543789000003,0.3889989491636376,-0.1784221449241472,-0.3588028109674919,Moderate
37.80433264999999,0.2234444826400825,-0.0676822052965784,-0.2216480100688418,Moderate
37.03698716000002,0.2742582945910118,-0.0955614415282125,-0.2678667632688699,Moderate
31.39041812000005,-0.0392352121091416,0.0093777808200424,0.0992717993402626,Low
29.82496495999999,-0.0177466512545046,0.019213795912825,0.0868520859671302,Low
39.231356000000005,0.2509096661920582,-0.1102997963912097,-0.2394874005564917,Moderate
38.05043009000002,0.2085366527335334,-0.033867868057087,-0.2171203916623396,Moderate
37.75135334000004,0.2685005170630817,-0.1256882754570149,-0.2337463791438686,Moderate
35.114350909999985,0.2159510025258734,-0.1056054631925531,-0.1883779355543419,Low
36.14488394,0.2905395935529082,-0.2226100151745068,-0.2593243850497235,Moderate
32.29277539999998,-0.0536517387724076,-0.0098006083136194,0.0794824399260628,Low
41.25653284999999,0.2367569713208296,-0.0369421240057243,-0.2258813345923827,High
40.950620060000006,0.2168349897396692,-0.0652342374075378,-0.206061814556331,High
41.51459336000005,0.1495814721669607,-0.0118276727897449,-0.1508342101307681,Extreme
39.03652886000003,0.1856774819848411,-0.0170870365922011,-0.1768673448588952,Moderate
41.04974263999998,0.1476778417329408,-0.0361789907965725,-0.1393178051120998,High
29.70533426000003,-0.0205222608577077,0.0246452576549663,0.0872935196950444,Low
36.355092170000034,0.1599389814597512,-0.0406723750701852,-0.1549696214363608,Moderate
29.633555839999985,-0.0151649098945936,0.0206924533405463,0.0854436375118408,Low
33.51300853999999,0.2772396400527311,-0.0959344262295082,-0.2597896958504503,Low
35.594582720000005,0.3096395380487615,-0.1060028897937738,-0.2751779494169317,Moderate
42.38277044000006,0.1201156511756452,-0.0086530362202312,-0.1339043601773339,Extreme
33.205386739999994,0.004221635883905,-0.0693414250393346,0.022398027329703,Low
39.20059382,0.2619943742323997,-0.1179195620130553,-0.2394070269639313,Moderate
29.643809900000008,-0.0206896551724137,0.0247121405965928,0.0907721280602636,Low
31.56815516000006,0.1404548060386012,-0.1363290175171363,-0.111049055198734,Low
38.93057024000001,0.1773101555352241,-0.0091141975846505,-0.1742066308425428,Moderate
33.888990740000054,0.017194993566499,-0.0472061657032755,0.0085509063960779,Low
34.770839900000055,0.1840355663332323,-0.0496032101463554,-0.1748711676124401,Low
38.83999271000005,0.2292043922172991,-0.0795337269697328,-0.2298440722394618,Moderate
34.12825214000003,0.0467235809875403,-0.0524301125159494,0.0052625808573621,Low
42.48189302000003,0.1326518714291266,0.0087755102040816,-0.1450687622789783,Extreme
32.217578960000026,-0.0412187410175337,-0.0393867630562133,0.0635072154528609,Low
30.441917569999987,-0.0056660142165447,0.012684124386252,0.0666881547139403,Low
29.68824416000001,-0.030518478771212,0.0231803744002162,0.1075023155294844,Low
29.67457208000002,-0.0203833693304535,0.0203833693304535,0.0820895522388059,Low
33.058411879999994,0.0377553125644728,-0.0485720241817802,-0.0183216924789958,Low
41.61713396000005,0.0725482771677395,0.0343628553896502,-0.0882477236928041,Extreme
36.89001230000002,0.3430763609791742,-0.1712974764211063,-0.3086041792745007,Moderate
35.09213378000004,0.3279337652987761,-0.2095081967213114,-0.3051246218888751,Low
40.62590816,0.1723516645510011,-0.0408259715708728,-0.1639630849290564,High
29.94801368000003,-0.0184746565608716,0.0178764897074756,0.083069920343912,Low
33.759105980000015,0.3020155159642899,-0.148447439909219,-0.2743923379249818,Low
39.556067900000016,0.1651979744008931,-0.0016109682947729,-0.179352651545726,Moderate
36.63536981000004,0.1681151294271563,-0.0226956621340794,-0.1740616898974339,Moderate
40.02433664,0.153999521492942,0.0758717588453186,-0.1792029989405916,Moderate
39.66544454000001,0.2215013901760889,-0.0256170822049989,-0.2369547263308056,Moderate
31.31180366000001,-0.0525073746312684,0.0226519710595713,0.1225109276347741,Low
36.00474512000005,0.0931243982603499,0.0804591281034434,-0.1600605996547228,Moderate
40.410572900000034,0.3766987273574968,-0.168129404697367,-0.3439986513823331,High
32.757626120000054,-0.0453333333333333,-0.0100087324511318,0.0754473344401401,Low
34.502525330000026,0.1486693790435536,-0.0744946343898178,-0.1332499835493847,Low
36.34142009000004,0.0992554676593764,-0.0839470484318718,-0.0795877796311953,Moderate
36.411489500000016,0.1930950446791226,-0.0375472431210483,-0.1860615359767423,Moderate
37.86927503000004,0.2729852216748768,-0.1037947000632165,-0.254714599234788,Moderate
37.57703432000005,0.1285201435979258,-0.0227564392227745,-0.1303236116660008,Moderate
31.607462390000023,0.0296936976641692,-0.0624111862672653,0.0033858540616918,Low
36.99255290000002,0.2167261601223865,-0.1361412925847366,-0.1831049404976559,Moderate
41.736764660000006,0.1517669840245279,-0.0446778147755131,-0.1584969972407076,Extreme
36.88659428000005,0.1885211332171999,-0.0278953962288088,-0.2013864432540638,Moderate
37.79407859000003,0.2185904931603467,-0.0158754719316704,-0.2235640538223564,Moderate
36.88659428000005,0.3321405981747538,-0.1336255286428296,-0.309191013231507,Moderate
30.50002390999998,-0.012035010940919,0.0147299509001636,0.0657613967022308,Low
33.413885960000016,-0.0331400165700082,-0.0333965844402277,0.0677318116975748,Low
40.85149748000004,0.1518500211834486,0.0006126512482769183,-0.1697741125851559,High
29.366950280000022,-0.0198774676650782,0.0291956038028453,0.0902887470777784,Low
30.354758059999995,-0.0279772388565235,0.0189053365696899,0.1035236786205173,Low
31.075960280000004,-0.0195981146117588,-0.0198051738597509,0.0709374081692624,Low
32.624323340000046,-0.0319897241421493,-0.0170951156812339,0.0595436177798906,Low
34.887052580000045,0.2847241697047394,-0.1159521158129175,-0.2651595849607449,Low
32.51836472000002,0.2392547017497927,-0.1606996893902239,-0.1988686732238591,Low
31.773236360000052,-0.0095544820182501,-0.0626277750583086,0.0390834526754328,Low
37.864148,0.2626753162033849,-0.1114620218840718,-0.2470605079012831,Moderate
31.25369732000001,-0.0551288404360753,0.0077408443374747,0.1150945585334725,Low
30.447044600000027,-0.0161196348805593,0.0054966627404789,0.0610404052885209,Low
36.57897248,0.2700566714214117,-0.0996728753588357,-0.2598569734980305,Moderate
38.82973865000002,0.2590023257679044,-0.1125600184263213,-0.2357861177257788,Moderate
30.177021019999984,-0.0190820010314595,0.024281805745554,0.0981222735031927,Low
40.51653152000006,0.2698511166253102,-0.1051051051051051,-0.2516528451866855,High
41.788034960000005,0.0609046657960346,0.0441247258918543,-0.0986209864147695,Extreme
40.11149615,0.1857846166111897,-0.0294158361018826,-0.1755685972296322,Moderate
39.183503719999976,0.1867536768286744,0.0126734085310514,-0.1903245344952228,Moderate
35.95689284000002,0.2911277855284491,-0.1251601879538658,-0.2666272101797736,Moderate
41.60346188000005,0.0961664363133774,0.0085205776885876,-0.1297372268246054,Extreme
40.64983430000001,0.1328113879003558,0.0164684072300324,-0.1444184792378213,High
35.045990510000024,0.2218643003302336,-0.0820654514138079,-0.2032160242598356,Low
42.46480292000001,0.1264775833303752,-0.0019575650416771,-0.1633550846836278,Extreme
32.83282256000001,0.4308790443973261,-0.2415594629515196,-0.3883627797408716,Low
37.00622498000001,0.3503812059971546,-0.159493829480674,-0.3186805357651752,Moderate
31.68436784000005,0.0067138450371983,-0.0334037004842915,0.0508667883211678,Low
39.35098670000002,0.1831915132886006,-0.0304256986158265,-0.1804480347058603,Moderate
30.347922020000052,-0.0266882329154872,0.0225380710659898,0.101194921583271,Low
38.937406280000005,0.2179511894205189,-0.0789671425643828,-0.2113659022931206,Moderate
39.64493642000002,0.2408240587260241,-0.0563806195820173,-0.2342480273230479,Moderate
32.911437019999994,-0.0394769613947696,-0.0065905383360522,0.0711705202312138,Low
36.73791041000004,0.2157389092964114,-0.0299530207367066,-0.2141093474426808,Moderate
30.329122910000024,-0.0229192609295594,0.0267189647658319,0.0977125808055693,Low
29.70875228,-0.0081557124254677,0.0164469212994427,0.0912972497802335,Low
30.49318787000004,-0.0180814354727398,0.026279770052012,0.092544167357612,Low
35.43051776000004,0.314523626662355,-0.1486295563718564,-0.2769466368241253,Low
32.52178274000005,0.0395399374569353,-0.0451348182883939,-0.0174300980443014,Low
30.729031250000048,-0.005668971392994,0.0095959266270644,0.0491053241828836,Low
34.75033178000001,0.154281134511777,-0.0883291351805205,-0.1333391623677537,Low
30.55129421000004,-0.0322319894917651,0.0199529315460963,0.1103473899312651,Low
31.706584969999994,-0.0051152243843273,-0.0700774226482516,0.0306486833654463,Low
40.81048124000006,0.1423562145062316,0.0121943181069145,-0.1476489508347373,High
36.06626948000002,0.3383749953432924,-0.1649534680112844,-0.3104504833120554,Moderate
32.88067483999998,-0.0034640127563644,-0.0623058437371783,0.0312683735100753,Low
36.56530040000001,0.3405416609092165,-0.121333834195394,-0.3268369405409101,Moderate
35.31088706000003,0.2023881499395405,-0.0200679617875232,-0.1959708336465458,Low
40.49260537999999,0.1502187992298267,-0.010021518598217,-0.1579615140621696,High
36.36192821000003,0.2974099881674586,-0.0980622804368214,-0.2805976789885432,Moderate
39.417638090000025,0.1417213606906975,0.0202718308607977,-0.1463734070640084,Moderate
38.73403409000002,0.2725019590691232,-0.0899923510404146,-0.2624251957115221,Moderate
32.911437019999994,-0.0247709133904818,-0.0379412319889259,0.0554823933581448,Low
34.347005420000016,0.346354758119464,-0.1353310350923716,-0.3263570961412688,Low
30.383811229999992,-0.015972636269495,-0.0067743281857,0.062092480708261,Low
29.54126930000001,-0.0256168262100579,0.0248937462052216,0.1050154798761609,Low
40.325122400000055,0.1228513422061809,-0.0495951417004048,-0.1186120724526945,Moderate
30.459007670000005,-0.0106864948988414,0.0186620926243567,0.076570469365356,Low
39.33731462000003,0.2160132800586793,-0.0615732003235373,-0.2022977976258635,Moderate
37.07971241000001,0.3284883720930232,-0.1289899826768095,-0.3086781910249694,Moderate
30.804227690000005,0.0060767300541161,-0.0346993346184938,0.0406480627306273,Low
34.84261832000004,0.2785648290729904,-0.0936872262653538,-0.249369898055148,Low
31.21268108000004,-0.0324335079923061,0.0066053796390875,0.0941381023348236,Low
40.769465000000025,0.0625866584501617,0.0881930099975212,-0.093521472878971,High
38.92031617999999,0.2105702153472854,-0.0562704687551688,-0.2055425507815449,Moderate
30.429954500000008,-0.009438478900212,0.0136211945787645,0.0621640872887392,Low
31.450233470000057,-0.0215498284809569,-0.0377511039243734,0.049474493719559,Low
29.78223971,-0.0124086584861436,0.0259060311416332,0.0819314941202858,Low
40.1713115,0.1777934493026171,-0.0176020580867916,-0.1912819496730731,Moderate
31.16311979,-0.0455675742882009,-0.0079768899977021,0.0838132179621065,Low
33.19171466,0.0883575350197547,-0.0872975189665778,-0.0465781812799131,Low
37.594124420000014,0.2570630654756212,-0.096817263881703,-0.2558139534883721,Moderate
33.06524792000005,0.3706527003031227,-0.1760052938551269,-0.3445114977919313,Low
30.645289760000026,-0.025257012311207,0.0097350267552059,0.052670531639324,Low
33.68049152000003,0.2832222049930222,-0.0900648730529851,-0.2748209196641762,Low
40.98309125000003,0.1497408711476836,-0.0185934843944412,-0.1548579376117623,High
31.45877852000001,-0.0526384620414568,0.0132806647142954,0.1021875193654334,Low
38.03846701999999,0.1942192160652018,-0.0441713960365125,-0.180285666832752,Moderate
37.547981150000055,0.2656381048976964,-0.0733272682160284,-0.2554998742333069,Moderate
31.352819899999982,-0.003704280155642,-0.023962632370349,0.0404437115874681,Low
40.46867924000003,0.1270801815431164,0.0105895921434313,-0.1360809021228781,High
38.60585834000005,0.2609255472241157,-0.0674531931264426,-0.2580669538275523,Moderate
39.460363340000015,0.2304705064791726,-0.0771130036498962,-0.2087784113725805,Moderate
39.754313060000015,0.178891084505405,-0.0209724505889064,-0.1811793936100003,Moderate
36.76696358000004,0.2406408691886785,-0.0844774784074877,-0.2328756405742675,Moderate
33.352361599999995,-0.0245896782603543,-0.0328773999247082,0.0483292866227309,Low
39.43301918000003,0.2912116666085197,-0.1609159347553325,-0.2991891038017341,Moderate
40.96429214,0.1556793316093097,-0.0339206264459868,-0.1632228095466923,High
35.76035668999998,0.1837732548894896,-0.063668672869823,-0.1677352312609062,Moderate
40.25334398000001,0.0795647214772341,-0.0301817967876684,-0.123083830414983,Moderate
42.21357845,0.0844649483502156,0.0969735435595938,-0.084878401155791,Extreme
35.187838339999985,0.3395580230001082,-0.1530799069045771,-0.307505542066927,Low
36.22349840000004,0.2253947740398207,-0.0494967313479298,-0.2098568523465848,Moderate
31.61258942000001,-0.0124083163293442,-0.0624740433105903,0.0469398616285258,Low
34.34871443000003,0.3795333145909474,-0.1723108164606104,-0.3501169349291512,Low
32.49785659999998,-0.0239916550764951,-0.0020824656393169,0.0421429790138201,Low
31.13577563000001,-0.0237096534285289,-0.0336703518221046,0.0631726185378664,Low
41.71967456000005,0.0568747671149351,0.12082957619477,-0.0847269060946354,Extreme
30.48635182999999,-0.0246345701727486,0.0228033044309414,0.1043739440585695,Low
32.29619342000001,0.0138425899768348,-0.0591429583284145,0.0210583742498636,Low
37.00964299999998,0.3517129462675802,-0.1505970469963471,-0.3318055037396294,Moderate
36.94811864000002,0.324065196548418,-0.2059380002910784,-0.2945863604405905,Moderate
33.77619607999998,-0.0462519936204146,-0.0250126968004062,0.0752577319587628,Low
32.01249776000003,-0.0506522505582324,-0.0279315390977922,0.0772745445199611,Low
40.393482800000015,0.1089605181986428,0.0209347448684344,-0.1261991464035396,Moderate
30.976837700000036,-0.0215060064459419,-0.0377229507177925,0.0566901110075417,Low
35.31943210999998,0.1956979289442667,-0.0789303756599688,-0.178141849854832,Low
42.04096844000003,0.1495713172252533,0.0038161494039377,-0.1515009563961432,Extreme
36.98913488000005,0.2713245766735243,-0.0948551959114139,-0.2508369015181004,Moderate
31.23660722,-0.0436005625879043,-0.0196813495782567,0.090858447997326,Low
40.591727960000014,0.2028497012409989,0.0206754607540462,-0.2009177820267686,High
30.41970044000004,-0.0185586561907342,0.0148218656513462,0.079824728519718,Low
33.275456150000025,0.3479249030730151,-0.17575717189218,-0.3002210759027266,Low
35.65610708000003,0.0931330324225614,0.0413947304810249,-0.1162479769192878,Moderate
36.06626948000002,0.2739067389147523,-0.0844242325808023,-0.2623459124253195,Moderate
39.03652886000003,0.1883947479881406,-0.0806917536494241,-0.1812402643876563,Moderate
30.39406529000001,-0.0119134144414599,-0.0087427815595057,0.0626536363091312,Low
41.57611772000001,0.1707124842370744,0.0148234123694246,-0.1776271455186903,Extreme
30.38722925000002,-0.0319927182011259,0.0247928270615405,0.1115717821782178,Low
40.70794064000006,0.1559235765563869,-0.0200784366305768,-0.1638811335908517,High
38.30507258,0.1965079887992093,-0.0751128542884629,-0.1960154770725282,Moderate
38.63320250000004,0.1873592498246391,-0.0563620836891545,-0.1994033190378519,Moderate
32.47393046000002,0.0808639965266471,-0.0768898020979777,-0.0435967302452316,Low
38.15809772,0.1648763733856695,0.0277164294803352,-0.1986080308685382,Moderate
28.710690440000008,-0.0169193286410395,0.0257545271629778,0.0934847728407388,Low
31.59891734000001,-0.0162486368593238,-0.0605454972960263,0.0443602849651738,Low
29.42847463999999,-0.0340840336134453,0.0280727863085977,0.1140707855469231,Low
38.402486150000016,0.233247324884268,-0.0485546522131888,-0.2353097681489927,Moderate
30.887969180000027,-0.0119511966798764,-0.015359948693282,0.0599133068107594,Low
35.266452800000025,0.3138974368096195,-0.1175900989499803,-0.3021771705597179,Low
32.50298363000002,0.0209186122011122,-0.049722794693913,0.016079444973473,Low
32.79864236000003,0.3994496751094019,-0.1682995682497509,-0.3620392030329918,Low
38.73232508000001,0.182566620928721,-0.0571336346029696,-0.1856920459070996,Moderate
37.197634100000016,0.2928952321204517,-0.1295947381042102,-0.2596554226993162,Moderate
31.32718475000001,-0.03508021999943,-0.0440627794394252,0.0677312775330396,Low
29.89332536000001,-0.0141036996661443,0.020841791852754,0.0778153081384233,Low
36.91052042000001,0.2152813629323696,-0.0755469642386433,-0.2113846884648879,Moderate
39.49796156000002,0.2151639344262295,-0.0652926574340214,-0.2104061902729583,Moderate
37.50525590000001,0.2437393312581584,-0.0790298975538365,-0.2298099644552115,Moderate
38.36488793000001,0.1842471730694246,-0.0358941042715608,-0.188816402609506,Moderate
37.44373154000005,0.1836007130124777,-0.0523689091215646,-0.1804667700571169,Moderate
31.18533692000005,-0.0360638155248692,0.026602585798416,0.1211880462017967,Low
38.91006212000002,0.2751632767307333,-0.0822590351905229,-0.2637964195886965,Moderate
37.01477003000002,0.1914558876921215,-0.0246847190660398,-0.1897520594573908,Moderate
39.70987880000001,0.1191111111111111,-0.0102491155122734,-0.1187494951126908,Moderate
36.81139784000004,0.2569619287403677,-0.0187045911269129,-0.2524231251662929,Moderate
37.21130618000001,0.248536955422296,-0.098933244304542,-0.2561833281843458,Moderate
34.43758294999998,0.3280757097791798,-0.163948023223666,-0.2969808995686999,Low
34.97933912000002,0.0042901326948019,-0.056465155331654,0.0255566311713455,Low
36.20640830000002,0.2695205670592175,-0.0996019788259181,-0.2477919798123868,Moderate
42.57076154000004,0.1330822103995961,0.0257112328035261,-0.1390092516688136,Extreme
40.19011061000003,0.1668888346506956,0.0291328865770029,-0.1582556839358926,Moderate
39.24844610000002,0.2257800790298405,-0.0917665008061859,-0.2085596391900969,Moderate
39.58683008000003,0.1074681238615664,0.0022694738312209,-0.1145520496119193,Moderate
35.52622231999999,0.2863301563980126,-0.1020421683753747,-0.2683810213690691,Low
31.06741523000005,-0.0124075064006977,-0.0583411221997768,0.0492931043822111,Low
36.01670819000003,0.1701559273223319,-0.0331721842118469,-0.1571551691834976,Moderate
37.621468580000055,0.1630530718753597,-0.0416194109358353,-0.1826589144261911,Moderate
41.69233040000006,0.1493436803434326,-0.0061065943992773,-0.1447130406183193,Extreme
36.035507300000006,0.2778076923076923,-0.117584727945505,-0.2571612366140689,Moderate
37.37195312000006,0.2372200342125154,-0.0527028399282401,-0.2218598986367029,Moderate
36.93786458,0.3475074827123542,-0.1342522877331171,-0.3213237526566137,Moderate
35.99107304000006,0.3109180060960603,-0.100928516916815,-0.2878291920845112,Moderate
29.763440600000024,-0.017930468108404,0.0220132215634157,0.0881362394357247,Low
32.47393046000002,-0.0505594447436127,-0.0311931375097478,0.0778707577870757,Low
33.71808973999998,0.2879682885123582,-0.126512576478586,-0.2654448262695685,Low
34.98959318000004,0.328304386223138,-0.1431014281642864,-0.3001728857513326,Low
35.625344900000016,0.3062761014057996,-0.1203713046110382,-0.2885656815720254,Moderate
30.928985420000004,0.011368909512761,-0.0562791542981765,0.0305254378648874,Low
33.30621832999998,0.2902514168346582,-0.077316395394998,-0.2900060845756008,Low
34.921232780000025,0.2570493549982876,-0.1259223913154621,-0.2352853189738987,Low
34.924650799999995,0.2379006319294661,-0.0302648568639183,-0.2451092334627388,Low
31.240025240000023,-0.0415850981787981,-0.0124710158551106,0.0990408208788757,Low
31.034944040000028,-0.0302580836547018,-0.0278258135513284,0.066213436928702,Low
30.31374182000002,-0.0419225634178905,0.0214100640938224,0.1211267605633802,Low
31.44168841999999,-0.0507677229663508,0.0229336202838119,0.1249774137204119,Low
31.27762346000003,-0.0196870267541645,-0.066755326838012,0.0413862980956587,Low
36.80968883000003,0.3540389435126277,-0.1576206095169026,-0.3217034569713393,Moderate
34.23762878000002,0.3251278714598131,-0.0963603194066453,-0.3056594365494889,Low
42.310992020000015,0.1679702305068394,0.0166226683299004,-0.2042346086894738,Extreme
30.648707779999995,-0.0312796208530805,0.0189248491497531,0.1074235807860262,Low
31.216099100000008,-0.0138746497163556,0.0214324470971242,0.0714377654781825,Low
31.422889310000016,-0.0302996422182468,-0.0465474071616036,0.0588426792544966,Low
33.90095381000003,0.3288230446365257,-0.1944047270409481,-0.2912561691032684,Low
37.04382320000002,0.2607753952783193,-0.0749934594253528,-0.2615723599848291,Moderate
32.074022119999995,0.0838855347764197,-0.1026940650670395,-0.0554944792313942,Low
37.68299294000002,0.2217143773554646,-0.0593797802809066,-0.2070030895983522,Moderate
37.55652620000001,0.1777030422513433,-0.0260849064547092,-0.1794355619217219,Moderate
30.667506890000027,-0.0113359336908824,-0.0178190488141548,0.054579362997931,Low
29.766858619999997,-0.0174889418169445,0.0216831548990378,0.0933182617432805,Low
34.65804523999998,0.2672308630680085,-0.1123678222460179,-0.2416240242034885,Low
34.423910869999986,0.3948005650097531,-0.212607634168092,-0.3512861867292247,Low
40.595145979999984,0.1949422843256379,-0.0570689597259077,-0.1858913969175114,High
30.371848160000013,-0.0290239237660638,0.0270324793221706,0.1063001852995676,Low
33.863355590000026,0.3170514107282257,-0.1461939115525217,-0.2885510619726505,Low
38.40590416999999,0.177916201223091,-0.0202026827588468,-0.1762904140669313,Moderate
31.08963236,-0.0367357823854923,0.0268085679644348,0.1250529885544722,Low
37.52576402,0.1820278395519314,0.0182651525516486,-0.1806178273209658,Moderate
30.433372520000034,-0.0221396089886148,0.0206768167010172,0.0999633386288647,Low
29.39087642000004,-0.0161703274491308,0.0265333333333333,0.0833647206528562,Low
39.05703698000002,0.2640431090790333,-0.0581280114820763,-0.2447839195979899,Moderate
42.28364786000003,0.0530003297065611,0.0380995406972366,-0.0629446270333236,Extreme
35.63559896000004,0.0564820602575321,-0.0741541042784147,-0.0196920700806023,Moderate
33.19513268000003,0.3331857100679067,-0.1611327183311369,-0.2998452736497427,Low
35.72959451000003,0.187958240357029,-0.0489225085759521,-0.17203286551087,Moderate
31.20413603000003,-0.0321186970609971,-0.041504817250344,0.0788541131279249,Low
36.65758693999999,0.309557501816652,-0.1337891756758994,-0.2832274626641932,Moderate
31.39041812000005,-0.035666347075743,0.0101692691247867,0.0990146312332039,Low
33.07037495000003,0.363962696394105,-0.1561243368041221,-0.3311620865095153,Low
31.793744479999987,-0.0472817425181512,-0.0261300781995041,0.0752836026125816,Low
35.387792510000054,0.020081382444644,-0.0505605747251551,0.0105085093295058,Low
37.32068282,0.2177254713582322,-0.0817538494363642,-0.1998106807604323,Moderate
30.52224104000004,-0.0223591850710494,0.0218232895953955,0.0981395495751603,Low
35.95176580999998,0.2768928571428571,-0.0975931724688401,-0.2696152412066547,Moderate
31.68436784000005,-0.0156962897070217,-0.0523377101484844,0.0453634643214961,Low
37.06091330000004,0.2711378227018167,-0.149436239479117,-0.2402094240837696,Moderate
34.59139385000003,0.254814222932481,-0.1121025423128673,-0.246151404538962,Low
31.968063500000028,0.0033081285444234,-0.0258516549891278,0.0275407958774692,Low
39.39883898000005,0.3056805296462928,-0.1608455284552845,-0.2864350583825861,Moderate
34.10090797999999,0.3569490391406162,-0.1403136127944024,-0.3317525171457756,Low
32.84307662000003,0.0362155791278259,-0.0777588944919622,-0.0026177331985589,Low
30.52224104000004,-0.0104945641927983,-0.0139085640695428,0.0674010897891495,Low
32.01933380000003,0.0014583800762844,-0.0598990798456515,0.0336129905277401,Low
41.40179870000003,0.2600929422015684,-0.1139354258938314,-0.2627978897580498,Extreme
33.762523999999985,0.088431970158759,-0.0471334792122538,-0.075201653672456,Low
44.34129589999998,0.0859249878952661,0.119233906292481,-0.1490502088752266,Extreme
33.73176182000003,0.3217568205761615,-0.1136481895258792,-0.2909681196444728,Low
35.38608350000004,0.3164710797159242,-0.1716352328804164,-0.2954630390911129,Low
33.48908240000003,0.0619477525931617,-0.0724019203724358,-0.0413939251236166,Low
36.47643188000001,0.163010752688172,-0.0161940553467714,-0.1647869674185463,Moderate
30.62649065000005,-0.0124495519529379,0.018492079679108,0.0873632973007143,Low
42.33150014,0.1600950897614558,-0.0185691665467108,-0.1620478712485117,Extreme
52.84532966,0.1073390113826315,0.044293688278231,-0.1315682446721978,Extreme
33.83430242000003,0.3369352717449259,-0.1402067481128929,-0.3091086283108837,Low
30.35304904999998,-0.0165111270638908,0.0204623608321133,0.0941720978558609,Low
36.36363721999999,0.3220275949272937,-0.1819390876446336,-0.2963314127343009,Moderate
32.49272957000005,0.1460858646834403,-0.0970530451866404,-0.1113348474560397,Low
30.662379859999987,0.0054277880364836,-0.0590592950607096,0.0312963312397228,Low
37.460821640000006,0.2519998538919531,-0.0635142263179124,-0.2570967505317978,Moderate
30.735867289999987,-0.030422115319466,0.021002941780119,0.105764724261834,Low
36.821651900000006,0.31539931218953,-0.1139732056177593,-0.2977456080826359,Moderate
36.165392060000045,0.1957141755954675,0.00029001385621757486,-0.2054240976026732,Moderate
40.94378402000001,0.2335922944422962,-0.0443736793547811,-0.2400438178027492,High
32.90630999000001,0.3214898041075402,-0.10782874617737,-0.3083646344986998,Low
31.181918900000028,-0.0401705416028245,0.0260916587805867,0.1170486579237651,Low
29.94801368000003,-0.0208389715832205,0.0198442262106332,0.089353133652152,Low
38.49306367999998,0.1680915040386769,-0.004971086537486,-0.166898988907431,Moderate
34.19661254000005,0.2947084671910195,-0.1104882258856319,-0.2762580762580762,Low
36.27135068000001,0.2201371278294355,-0.0320315230862118,-0.2068747677443329,Moderate
31.993698650000056,-0.0159961221522055,-0.0453141091658084,0.0512714776632302,Low
31.504921790000022,-0.038497440104093,-0.0396378761928064,0.0640711473333516,Low
38.45888348000005,0.2765769385295299,-0.1039155056804363,-0.2592240320215591,Moderate
38.18031485000006,0.2890820598073186,-0.0987997882983627,-0.2578665520071923,Moderate
36.54137426,0.2625193155153665,-0.0722965747431867,-0.2624711470593846,Moderate
36.14317492999999,0.233152259486695,-0.0781223113191313,-0.2227079348971546,Moderate
42.30415598000002,0.0671559343434343,-0.0031899109792284,-0.1007285010785071,Extreme
34.35896849000005,0.2664923100944648,-0.1224895777474095,-0.2473568874706855,Low
34.67171732000003,0.2960920264733691,-0.1049538203190596,-0.2806539509536784,Low
29.746350500000005,-0.0166373596645475,0.0259914255091103,0.0899987482788834,Low
35.71421342000002,0.2797381175070147,-0.1694638694638694,-0.2414731719387965,Moderate
37.53943609999999,0.2422103761543659,-0.086985086393798,-0.2249204116384097,Moderate
34.21541165000002,0.2420938579264576,-0.1775556934665839,-0.2013099006658661,Low
41.76069080000002,0.0852449163578082,0.1034425686858656,-0.1585926638862153,Extreme
36.89855735000003,0.3541518275538894,-0.1866233040964488,-0.3319812677458608,Moderate
30.250508449999984,-0.0251814495519133,0.021647686467631,0.1041803663691874,Low
33.089174060000005,0.4028596320401783,-0.2090989399293286,-0.369613075383589,Low
43.54831525999998,0.1170066782545055,-0.0077749715247858,-0.1195056204500027,Extreme
37.34802697999999,0.2857873814303144,-0.1074273704193362,-0.2580583047714406,Moderate
32.52178274000005,0.0418174398041082,-0.0684748032814331,-0.0090916277966637,Low
37.19250707000003,0.348441926345609,-0.1556620023294345,-0.3102460617107147,Moderate
36.411489500000016,0.3196568869320985,-0.0909290577641115,-0.2962866303780478,Moderate
34.36409551999998,0.1955882668497736,-0.085909179497174,-0.1750390147201484,Low
38.67250973,0.1549025487256372,-0.0170762622350538,-0.157958030184595,Moderate
36.683222090000015,0.2398486953836652,-0.0637656682065802,-0.224931835948672,Moderate
35.80649996,0.3145151349733223,-0.1856169496370884,-0.2846325933574256,Moderate
38.81435756000002,0.2715727406735457,-0.0754427466274534,-0.2654980439362022,Moderate
38.73232508000001,0.1868787276341948,-0.0462127604335691,-0.192410119840213,Moderate
36.70202119999999,0.3454506112733961,-0.1422448104831302,-0.3141709817182712,Moderate
36.47130485000002,0.2640233594590441,-0.1171666751557751,-0.237563241738607,Moderate
35.81675402000002,0.2944505696435134,-0.1343456627107454,-0.2728619698968252,Moderate
30.94436651000001,0.0095271804855027,-0.0426491196003168,0.0359144812822174,Low
31.222935140000004,-0.0247263883259019,0.0100123439857358,0.0900151285930408,Low
39.69962473999999,0.2595953585242487,-0.0453409055835056,-0.2572107353650841,Moderate
29.71900634000002,-0.0165289256198347,0.0156620787850023,0.1044352600086361,Low
37.597542439999984,0.3241640468705344,-0.1222599006903233,-0.305646553242453,Moderate
36.165392060000045,0.3475455608799004,-0.186314565686763,-0.3038589317659085,Moderate
33.43952110999999,0.3513410545565376,-0.1982500886779386,-0.3162386819058928,Low
38.00086880000004,0.1102884860862905,-0.029592803030303,-0.1365972645700845,Moderate
38.94253331000005,0.220263041001178,-0.0928462709284627,-0.2079684930983061,Moderate
29.68140812000001,-0.0101708706265256,0.0224989955805544,0.0876820198737578,Low
35.51084122999998,0.2492282515713914,-0.043997202579843,-0.237742523906915,Low
32.35771778000003,-0.0279355783308931,-0.0353043912175648,0.0635825105782792,Low
35.20321942999999,0.2575629840211744,-0.1177680189599888,-0.2296691077796096,Low
30.45217163000001,-0.0221727245114913,0.0188615353357488,0.1017485119047619,Low
34.92806882000002,0.3947267597784821,-0.1971658345540972,-0.3577228880939868,Low
30.747830360000023,0.0092575448990927,-0.0279733467437767,0.0311055812300035,Low
30.879424130000015,-0.0242560492220315,-0.0332341425215348,0.0577043935325372,Low
36.65075090000005,0.2122152166468585,-0.0530755096683874,-0.2023095980180612,Moderate
35.874860360000014,0.2831096196868009,-0.1175954793452844,-0.2597649815133433,Moderate
38.46913754000002,0.2081382339535076,-0.0216195381758295,-0.1987993914723901,Moderate
33.48224635999998,0.0621418338108882,0.0025227043390514,-0.0524121104580237,Low
36.21666235999999,0.3911155406848437,-0.1756460006617934,-0.3599888645300483,Moderate
38.36659694000002,0.3504064135396949,-0.1644370479421366,-0.314545848688489,Moderate
30.682887980000032,-0.0134092796962145,-0.0330516898608349,0.0717356110087645,Low
36.81139784000004,0.2285377089123234,-0.0641384995877988,-0.2181495602280019,Moderate
41.13519314000001,0.1797033180447089,-0.0515266472689772,-0.174800427948317,High
31.024689980000005,-0.0225205590910411,-0.0185308544782898,0.0624599347807909,Low
31.91679320000003,-0.0383937204937148,-0.0348922624877571,0.097094637897885,Low
31.375037030000044,-0.0403139291965445,-0.0417062482762847,0.0640418502202643,Low
30.392356280000055,-0.0173351461590754,0.0198006374177798,0.0775366943203573,Low
29.630137820000016,-0.0297872340425531,0.0263675184708194,0.1024182965693932,Low
31.14432068000002,-0.0440575122015565,0.0231837174821404,0.1204563383700467,Low
31.31863970000001,-0.0308236483072258,-0.0486604702022963,0.0523195168816909,Low
30.238545380000005,-0.0255432191267624,0.022046006084014,0.1026782914131593,Low
33.125063270000055,0.1118940905204798,-0.1021571648690292,-0.0908952264755223,Low
35.676615200000015,0.2291670611402495,-0.0513734128012438,-0.2354362927014939,Moderate
30.611109560000045,0.0055788408729585,-0.0494117647058823,0.0322688327584288,Low
37.905164239999976,0.241811491237658,-0.0221622432148747,-0.2400494797351378,Moderate
36.17564612000001,0.3704512642061229,-0.1895886889460154,-0.3365585962885407,Moderate
33.11651821999999,0.0103552834830367,-0.0537621576466376,0.0216608498144147,Low
32.039841920000015,-0.0474600524683997,-0.0212874768266956,0.0759442420035861,Low
30.76833848000001,-0.0266802185236945,0.0112287041817243,0.0539639417140034,Low
35.60483678000003,0.2737023133679753,-0.0861981959250615,-0.2563246694026447,Moderate
41.95893596000002,0.1197466671879275,0.0579838842295675,-0.1218079273069089,Extreme
31.528847929999984,-0.0113967512045933,-0.0470922592671821,0.0378253910308612,Low
35.27157983000001,0.307577676775203,-0.1483256719396685,-0.2765926491716224,Low
35.905622540000024,0.3398168122502387,-0.1288025504275541,-0.308444137454671,Moderate
40.812190250000015,0.1540213772560014,-0.00011810957193716572,-0.171330329618212,High
40.549002710000025,0.2024494121803301,0.014746795748034,-0.218908541073951,High
31.870649930000013,-0.0021363917467813,-0.0613526281169646,0.037759887235369,Low
30.506859950000035,-0.0180270741187508,0.0214698320478146,0.0943197972680635,Low
35.88682343000005,0.1648089537177193,-0.1236283185840707,-0.1391275092519905,Moderate
38.34608881999998,0.4097371822490306,-0.1836598397150489,-0.3832395694448961,Moderate
34.10261699,0.3715790962449614,-0.191607661234583,-0.3355023066859464,Low
40.68401449999999,0.1686327290000791,-0.0084027872660199,-0.1749582106184828,High
32.043259939999984,-0.0146252285191956,-0.0496592015579357,0.0538672517827756,Low
34.37776760000003,0.1470064782515839,-0.0820200573065902,-0.1319906323185011,Low
32.68584770000001,0.003314420538172,-0.0650605283558948,0.0309541249559154,Low
36.86950418000004,0.1801282309770555,-0.0639086811109495,-0.1841871004289066,Moderate
29.53785128000004,-0.0246545651584936,0.0281433488560437,0.0963288358958268,Low
40.72161272000005,0.1584823057278365,0.0171474557385167,-0.1751600606935346,High
31.175082860000032,-0.0573892743661241,0.022592791823561,0.1270193982343402,Low
37.10022053,0.1649947105387954,-0.0216087394635402,-0.1744630773756987,Moderate
31.59379031000003,-0.0298627478164425,-0.0489267298237198,0.0580697267465338,Low
33.34210754000003,0.0245702952842661,-0.0732298459230192,0.0202296912864819,Low
29.60621168,-0.0165317368528471,0.0252848762726721,0.0903599295242889,Low
31.32376672999999,-0.0407900386431945,-0.0562023521068494,0.0810838603527173,Low
35.91587660000005,0.3601450589301904,-0.192256341789052,-0.3299528385518244,Moderate
39.03994688,0.1667430842121351,-0.0641946051439325,-0.1638969355084616,Moderate
40.27214308999999,0.196355402199698,-0.0202455210041533,-0.2078600718510723,Moderate
32.364553820000026,0.3509533698319804,-0.1839841164791529,-0.3186408196358812,Low
31.944137360000013,-0.0452358036573628,-0.0171750833119712,0.0747886913436316,Low
36.09361364000006,0.2471577408152074,-0.0824290881401104,-0.2483899297423887,Moderate
29.510507120000057,-0.0224178801219099,0.0278825431034482,0.0929428768931062,Low
35.27328884000002,0.3230622617534943,-0.1548592818522113,-0.2932774413910883,Low
34.24788283999999,-0.0429816651638112,-0.0149824673254701,0.0814148058392476,Low
29.677990099999988,-0.0299852090896867,0.0252009999324369,0.1007230117177761,Low
37.67786591000004,0.2090650446384774,-0.0021141649048625,-0.206366608586699,Moderate
33.84797450000002,0.3493710468339137,-0.1426250225672504,-0.3258152363661755,Low
40.444753100000014,0.1606649277844824,0.00020120724346076456,-0.1677111076296412,High
30.925567399999977,-0.0400424456165537,0.0033375457697417,0.1051697553312192,Low
31.53055694,-0.0484008668811978,0.008891928864569,0.1026196816746144,Low
41.43256087999998,0.2440016547159404,0.0048810081901662,-0.2374747093721065,Extreme
38.94766034000003,0.1231954521654574,0.020961695191524,-0.1352965637167807,Moderate
38.985258560000034,0.3319648603983648,-0.1313740266264757,-0.3083179550269975,Moderate
33.31134536000002,0.0763080659852241,-0.0666733532258469,-0.0508633679998023,Low
33.17291555000003,0.3811188811188811,-0.2067635626673119,-0.3415720891130727,Low
30.46584371000006,-0.0098039215686274,0.0142979013820167,0.0831296619584193,Low
31.24686128000002,-0.0276935249901094,0.0144365726507151,0.0886279357231149,Low
33.499336459999995,0.2656536219816819,-0.1663757217671545,-0.2235279913067976,Low
34.54183255999999,0.4194158645867906,-0.1962295288309581,-0.3834408915198861,Low
35.90733154999998,0.2821695380393352,-0.0797823679522365,-0.2659328252893028,Moderate
38.96133242000002,0.2233142336735855,-0.075819261830074,-0.2122283221779348,Moderate
32.20048886000001,-0.0183192788601337,-0.037619867223998,0.0607089199265483,Low
35.66465213000004,0.2504082330156078,-0.1174194862049071,-0.2251906976744186,Moderate
36.95153665999999,0.3003936269915651,-0.1330023517115234,-0.2659391992992956,Moderate
35.464697960000024,0.3540131834044203,-0.14430409914204,-0.3182785366188482,Low
42.26997577999998,0.09132501133921,0.0804253904951811,-0.1069771163386141,Extreme
36.85583210000004,0.2979074476861921,-0.0769853124222056,-0.278584358491263,Moderate
29.52759722000002,-0.0158320309845756,0.0242522231204527,0.0847971692152154,Low
30.445335590000013,-0.0088761532010064,0.02368330464716,0.0667324777887463,Low
30.09498854000003,-0.0579672472056147,0.0248890084757164,0.12664176406796,Low
43.28512771999999,0.1844331641285956,-0.0508308895405669,-0.1796982167352537,Extreme
39.97306634000006,0.0608345091715379,0.00045582314062143887,-0.0867715689918638,Moderate
40.02262762999999,0.2119343336032109,0.0311901843870061,-0.2153678718883341,Moderate
37.44544055000006,0.2552318815696598,-0.0763090311288502,-0.2481836289481172,Moderate
31.60917140000004,-0.0409420289855072,-0.0109484404837683,0.1124895222129086,Low
31.265660389999997,-0.0082434269516674,-0.0459079400909007,0.0458062002560249,Low
36.28844078000003,0.2574082784571966,-0.0483333333333333,-0.2434443863015291,Moderate
38.255511290000015,0.1737862054594707,-0.018825267156013,-0.2047909314511816,Moderate
35.07846170000005,0.3356080355773654,-0.1589487691284098,-0.3064086698916263,Low
30.628199660000007,-0.039718851535044,0.0209572742022715,0.1082512315270936,Low
36.42857960000004,0.2522292522292522,-0.0913194892299754,-0.2365815338521685,Moderate
30.464134700000045,-0.0280196399345335,0.0105298233922026,0.0948606962141071,Low
37.758189379999976,0.2589160967718215,-0.0705687396429353,-0.2567904859785641,Moderate
40.410572900000034,0.168375520666453,0.0159222776953177,-0.1752951130091455,High
33.92146193000002,0.2766739358694774,-0.1519093426614196,-0.2481936273542069,Low
38.45204744,0.1365487222690255,0.0565713369950028,-0.1841421936144534,Moderate
36.06626948000002,0.253360033889167,-0.0461251647327311,-0.2539395106915816,Moderate
42.21528746000001,0.1426892336624353,0.0180459228334792,-0.1486294896030245,Extreme
30.39919232,-0.0175890728690161,0.0037242731133616,0.0518002611777874,Low
31.75272824000001,-0.0025867937372362,-0.0586705202312138,0.0328968212060407,Low
38.24867525000002,0.0787764773981151,0.0602861464767427,-0.0869161092784632,Moderate
31.335729800000024,-0.0451671772143648,0.0194109772423025,0.13241738718465,Low
33.93342500000006,0.3371858723339543,-0.1619809045558161,-0.3057618057618058,Low
42.03755042,0.1996387990066972,-0.0690360435875943,-0.1950076833701885,Extreme
32.067186080000056,-0.0216769165195153,-0.0265797712606223,0.0583995077211592,Low
41.04974263999998,0.1157436916501068,0.0278975565137854,-0.1396292892156862,High
32.28593936000004,-0.025841726618705,-0.0353560068509909,0.0510204081632653,Low
40.52678558000002,0.1926440026663529,-0.0318203405929846,-0.1734115196172987,High
30.380393210000022,-0.0323321733842359,0.0209536831310887,0.1104968944099378,Low
31.21780811000002,-0.0364979910651569,-0.0491983845306572,0.0583001510366607,Low
39.95768525000005,0.2620522066316532,-0.0919881305637982,-0.2488122709379666,Moderate
33.171206540000014,0.0497162788276328,-0.0909484391062057,-0.0156139820691044,Low
38.82802964000001,0.3140433485496567,-0.10547323858482,-0.2949135732502125,Moderate
35.187838339999985,0.264038591995176,-0.1066019994061169,-0.249208536630787,Low
33.824048360000006,0.2399525182296082,-0.1714194168535725,-0.2002626395272488,Low
33.01739564000002,0.3163885856853267,-0.1276673902153949,-0.2822966507177033,Low
35.288669930000026,0.3121274666769545,-0.1344752247369035,-0.2858115005103777,Low
29.66431802,-0.032900896081316,0.0232338241253545,0.1022409833012601,Low
39.29288036000003,0.1713760894204088,-0.0112693164181118,-0.1772654071251816,Moderate
35.611672820000024,0.1665855636658556,-0.0072829131652661,-0.1567815352446821,Moderate
35.34164924000004,0.274903071875932,-0.0889002101509265,-0.2609882005899705,Low
40.090988030000005,0.1324200913242009,-0.0166651813563853,-0.1308261136773656,Moderate
29.698498220000037,-0.0271735447584197,0.0282929470691755,0.1115237034286421,Low
35.707377380000025,0.3350530660377358,-0.1765966775466458,-0.3104483550668282,Moderate
32.44316828000001,-0.0251541903494981,-0.0271406727828746,0.058349395479236,Low
38.00086880000004,0.0994785893172394,0.0291473317865429,-0.1072521293310179,Moderate
43.09371859999999,0.2176721559870808,-0.0836763662171753,-0.2067970756767437,Extreme
42.66304808000001,0.1092288547228132,0.0423179565383149,-0.1184780408824124,Extreme
39.29288036000003,0.1076950338900456,0.0265514287938955,-0.1133176009617525,Moderate
37.21472419999998,0.2973496069834498,-0.1364462052142622,-0.2721251791316472,Moderate
30.28981568000006,-0.0367040193249681,0.0216043072309684,0.1146469318532223,Low
36.71911130000001,0.2412509897070467,-0.0867560916432706,-0.2307269587062333,Moderate
32.330373620000046,-0.0439230904921502,-0.0352072324441331,0.0771326408990294,Low
35.10067882999999,-0.0407668321977133,-0.039061767005473,0.056940107862617,Low
36.12437582000001,0.3355556416915384,-0.1521819093797023,-0.3112108988507496,Moderate
31.012726910000023,-0.0123832415492743,-0.0170766097446341,0.0488469540246725,Low
30.49318787000004,-0.0279779424202442,0.0232526516181669,0.1030779796466254,Low
37.48474778000002,0.1369287053384539,0.0425799331718831,-0.1822689934511867,Moderate
34.64437315999999,0.3205108996928609,-0.113849264647805,-0.3022439745128821,Low
35.31088706000003,0.3069927397783721,-0.1610319076714188,-0.2738445495512271,Low
41.68549436000001,0.1778067988444339,-0.0379799811669514,-0.1791600633914421,Extreme
31.913375180000003,-0.0434575544707703,-0.0215525462521457,0.0720184810857638,Low
31.732220120000022,0.0189970238923038,-0.0705394190871369,0.0165888226767595,Low
33.37970575999998,0.1604696673189823,-0.1221446271682811,-0.1224986479177934,Low
30.29323370000003,-0.0481560095516052,0.0232114900279082,0.1232893450635386,Low
34.20515759,0.3109294239263227,-0.1516222240567984,-0.2832410354534248,Low
42.60835975999999,0.0838439463274645,0.0445128205128205,-0.1026591967174307,Extreme
34.87850752999998,0.3192258731066546,-0.0843442921266529,-0.2912347863772617,Low
38.75966924,0.1700684908167785,0.0158775650578929,-0.1941160105717067,Moderate
34.73324167999999,0.3982612989119893,-0.1828569723730533,-0.3649023151734228,Low
37.12585568000003,0.2862681386847838,-0.1187257137351873,-0.2790424438243501,Moderate
41.30267612,0.1150199600798403,-0.0086518206439963,-0.1207523510971786,High
39.84318158000002,0.2455496775688303,-0.0721622070799401,-0.2380440623320795,Moderate
39.166413620000014,0.2180977054034049,-0.0300924839209426,-0.242351608945928,Moderate
37.99403275999998,0.2883618547184549,-0.1020073491451304,-0.2804968418081089,Moderate
36.25596959000001,0.257215418720272,-0.1363707104505486,-0.2289405032399225,Moderate
41.04632462000001,0.0587701196863392,0.0311201752398217,-0.0732544032129858,High
32.325246590000006,0.030450406635865,-0.0757947589630757,0.0020932544874143,Low
36.95666369000003,0.1993422184828957,-0.0660479978244612,-0.1798498899569233,Moderate
34.05476471000003,0.299385927331334,-0.1673539707849929,-0.2722115691914349,Low
35.50229618000003,0.3066103275661889,-0.124031896255301,-0.28703738422888,Low
31.03152602,-0.0500107715507955,-0.0096160136063321,0.0890364468053711,Low
38.75625122000002,0.1264857881136951,-0.0496283143226893,-0.1665774685576665,Moderate
38.69985388999999,0.2095588235294117,-0.0461580095732625,-0.2165053890331209,Moderate
32.61577828999998,-0.0116325032469365,-0.0586705377124538,0.0424530882433393,Low
37.667611850000014,0.2770998251320911,-0.1358049465710128,-0.2501380452788515,Moderate
40.742120839999984,0.2249886484032087,-0.0316762268961121,-0.213054556354916,High
34.78793000000002,0.3095146230419013,-0.1402271047503863,-0.2919680243623905,Low
37.75135334000004,0.1885360824742268,-0.0246364961427708,-0.1863834691693422,Moderate
31.969772509999984,0.0242152935940731,-0.078241697671214,0.0043770358306188,Low
38.08802831000003,0.1648807324383134,0.0107388166381925,-0.1687434350091652,Moderate
30.30861478999998,-0.0210899274506495,0.0278475922388659,0.0980319000093274,Low
36.89172130999998,0.1872906423240416,-0.0470218352681039,-0.181251218086143,Moderate
40.53703963999999,0.1317543155359293,-0.0373095886378688,-0.1467154769168192,High
30.857207000000017,-0.0382725053112217,0.0082725697282804,0.109355729136078,Low
40.32854042000002,0.123175010374618,0.0358496065287088,-0.1395108508439545,Moderate
34.43074691000004,0.343463405862255,-0.1390803195706531,-0.3122211683703937,Low
38.74599716,0.2420771885786005,-0.0927536231884058,-0.2305420633378667,Moderate
38.69472686000006,0.1834557345902298,-0.0583929680096722,-0.1758939916500272,Moderate
36.29356781000001,0.2897489737623668,-0.1214922525249202,-0.2806882431391701,Moderate
36.38756336000006,0.2414895317244686,-0.0614559491681754,-0.2325267750892503,Moderate
47.14065428000004,0.1696908340471926,0.1307618854712231,-0.1186832011320895,Extreme
38.07264722000002,0.2051092999621385,-0.0207264380232244,-0.2036701630077821,Moderate
37.52918204000002,0.3849507828499702,-0.1711077593430534,-0.3553141970519782,Moderate
37.59583343000003,0.2233746221774432,-0.0729619682924716,-0.2148784650697428,Moderate
30.368430139999987,-0.0335805799055967,0.0191623323295921,0.1119648057500464,Low
38.42470328000002,0.2226444972288202,-0.0422340335779971,-0.2179193942739963,Moderate
35.34164924000004,-0.0048952202849128,-0.0133871058085475,0.0225295802042249,Low
30.159930920000026,-0.0228050557419267,0.0175785242215711,0.1004429471582756,Low
37.21814222,0.2562195834144442,-0.1108203945329982,-0.2340702210663199,Moderate
32.27397629000001,0.2294929907768774,-0.0301937148974234,-0.2392746260231442,Low
34.449546020000014,0.2297059946544482,-0.0907674591885118,-0.2166981488477521,Low
38.89639004000003,0.0940415227660672,0.0479809319838336,-0.1084298584298584,Moderate
32.79864236000003,-0.0279239675561884,-0.0208062418725617,0.0531902062477385,Low
29.657481980000057,-0.0100954979536152,0.0181990393072187,0.0602862138185585,Low
36.78234467000004,0.2391649097930931,-0.0677963376794585,-0.227984543420785,Moderate
34.570885729999986,0.2416135881104034,-0.0933637723372431,-0.2224080267558528,Low
30.462425690000032,-0.0430543202556247,0.0286879764611475,0.1064562763372397,Low
34.17952244000003,0.3522545436170392,-0.1611680816905075,-0.3277652818205874,Low
38.472555560000046,0.2713018204069145,-0.1167024993281376,-0.2529493799706004,Moderate
39.02114777000003,0.2298637518870268,-0.1003214114750735,-0.2136297637231053,Moderate
29.65406396000003,-0.0132676788401039,0.0207682910275553,0.0900031535793125,Low
37.64881274000004,0.2019196727115377,-0.0768119262013427,-0.197257053291536,Moderate
38.17176979999999,0.2522017614091273,-0.0755054325402283,-0.2331953479203627,Moderate
38.04188504000001,0.1636605783866057,-0.0331069896287287,-0.1473324829293914,Moderate
36.035507300000006,0.1908118716706052,-0.0553386341047848,-0.177675229248777,Moderate
40.75408391000002,0.1775616130086022,0.0180838667695706,-0.2038442271656246,High
37.12585568000003,0.2316464718460442,-0.0809244748798314,-0.2193419000222833,Moderate
37.94618048000001,0.2051339957844022,-0.0130996076446019,-0.2194081578245801,Moderate
38.22645812000002,0.1267040898155573,-0.0396625721474026,-0.1717935530504163,Moderate
33.072083959999986,0.3283293932230102,-0.1794360481388189,-0.2904497607655502,Low
29.81129288,-0.019671686338353,0.0275871349751042,0.0944862155388471,Low
31.592081300000014,-0.0507028112449799,0.0089747789059941,0.1176950892336405,Low
35.57407460000002,0.3188169803461203,-0.1357291938429428,-0.2871345677643493,Moderate
37.12585568000003,0.2827997489014438,-0.1153334470407641,-0.2665013944840409,Moderate
34.43245592000005,0.3428616675904664,-0.1937073273738298,-0.3015848651137802,Low
38.42641229000003,0.2084635823694904,-0.0880593864339994,-0.1830614157565556,Moderate
36.652459910000005,0.3069513348647761,-0.1523692810457516,-0.2732059575748458,Moderate
39.83463653000001,0.1706907489644363,-0.018621641366994,-0.1649090233939844,Moderate
36.15171998000005,0.0947672536175935,-0.0660134840180433,-0.0791250337564137,Moderate
32.11845638,-0.0193231057500878,-0.0307730182176267,0.0592596753356175,Low
34.37434958000006,0.1149011706006524,-0.046212718064153,-0.0966448020386012,Low
41.65473218,0.1273420133375674,0.0054629499929962,-0.1248861250841684,Extreme
38.592186260000005,0.219764177428411,-0.0856571714142928,-0.2164856086907828,Moderate
37.09509350000002,0.3153140026227597,-0.1055725658297611,-0.2924795074632208,Moderate
33.26349307999999,0.0244123931623931,-0.0738905221895562,0.0040508958712022,Low
30.077898440000013,-0.0184271347367106,0.0003180863922641389,0.0681925996204933,Low
35.83897115000002,0.2335605493638625,-0.0870557199386831,-0.2090561249776967,Moderate
39.092926190000014,0.1809774893530724,-0.0446872253018316,-0.1726540475231574,Moderate
31.36136495000005,0.0495453909637711,-0.0474063320118376,-0.0141378098559186,Low
36.86950418000004,0.194583714547118,0.0552789997684649,-0.2249784215859196,Moderate
37.37537114000003,0.1575998554129767,-0.0941704035874439,-0.1429846085210796,Moderate
40.398609830000055,0.064390878451623,0.0593276432677233,-0.0855075376884422,High
31.49808575000003,-0.0016590389016018,-0.0567717322190934,0.0372127665443711,Low
29.903579420000028,-0.0264985503337603,0.0185575419753925,0.1057847144803666,Low
30.323995879999984,-0.0087298574928401,0.0271588215374195,0.0824949698189134,Low
29.10718076000001,-0.0130772374335921,0.0225969645868465,0.0928441745445439,Low
33.58307795000002,0.0198303404208438,-0.0547785215781227,0.0140064973105394,Low
34.403402750000055,0.2275682704811443,-0.1564504632929436,-0.1945518129946622,Low
38.89639004000003,0.2907148253408641,-0.0985639486818334,-0.2777975639290548,Moderate
35.34848527999998,0.3486819903258465,-0.1454412279863698,-0.3210901344303239,Low
30.29323370000003,-0.0171062495740475,0.0192451547092825,0.0925850190329379,Low
30.829862840000036,-0.0396909648502005,-0.0313202647496595,0.069276936267505,Low
37.87098404000005,0.2025108413694778,-0.0398274031711242,-0.1927564127744824,Moderate
37.11901964000003,0.2285714285714285,-0.0984470424009771,-0.2062543113359393,Moderate
37.69324700000004,0.1748494284808592,-0.0258389097836174,-0.1860845993110069,Moderate
37.67615690000002,0.2525293931319756,-0.0914965820708915,-0.2481571569155355,Moderate
35.797954910000044,0.3768965869958062,-0.1573713172073828,-0.3478971962616822,Moderate
34.46492711000002,0.1376433251433251,-0.1044850291961734,-0.1049517748831659,Low
41.28558601999998,0.0683503132921987,-0.0324966486386539,-0.0721966205837173,High
33.29596427000001,0.3471935007385524,-0.1914629566126161,-0.3081846705513222,Low
40.10295110000004,0.2130271463424079,-0.0383187483426146,-0.212839276725907,Moderate
30.947784530000035,-0.0212954485040021,-0.0317598704695478,0.053148931306435,Low
30.57009332000001,-0.0216724459855961,0.0159305094409229,0.0947738631455543,Low
42.669884120000006,0.1631760644418872,-0.0460519507399358,-0.1650977830714258,Extreme
31.663859720000005,-0.011700563587356,-0.0287590868511669,0.0471043383243259,Low
37.71546412999999,0.2815834702627155,-0.086304330425038,-0.264483908838492,Moderate
30.347922020000052,-0.0421957671957671,0.0181029222320157,0.118402629816765,Low
40.13371328000005,0.1687186133160537,-0.0048050139275766,-0.1708049334631613,Moderate
41.94184586000006,0.1544129173851701,-0.0101508916323731,-0.1648673231304623,Extreme
34.220538680000004,0.2020725388601036,-0.025613336482975,-0.207901116807758,Low
34.86654446,0.3699819819819819,-0.1804505441617115,-0.3422896990025598,Low
37.81971374,0.256420233463035,-0.1333801333801333,-0.2267304916039814,Moderate
36.63878783000001,0.2192306902429507,-0.0616405286028504,-0.2017813765182186,Moderate
31.98515359999999,-0.0317741050192108,-0.0278389226984332,0.0792785478165052,Low
36.15171998000005,0.2032945483069682,-0.164375474403306,-0.1783382409422609,Moderate
29.68482614000004,-0.0178547274448802,0.0254999328949134,0.0941866267465069,Low
31.199009000000046,-0.0528657419523684,0.0241337467978967,0.1203743088047639,Low
34.16585036000004,0.2198762286130324,-0.1599671152265155,-0.175686343303219,Low
30.83157185000005,-0.0329522116298317,-0.0183344092963202,0.0681710775047259,Low
33.65998339999999,0.3493818377588494,-0.1735001003277372,-0.3125853330091458,Low
35.87827837999998,0.1290502668542462,-0.05212777026324,-0.1194261169906567,Moderate
31.923629240000025,-0.0135306787430275,-0.060688836104513,0.0411208932789349,Low
31.988571620000016,-0.0137259502580947,-0.037837170545028,0.053585500394011,Low
35.73130351999998,0.2777889205343175,-0.1324256105798286,-0.2503532736693358,Moderate
36.88317626000003,0.2313903806201246,-0.036697247706422,-0.2246218618431311,Moderate
34.109453030000054,0.2881133394040787,-0.2145766773162939,-0.2564240271007188,Low
40.83098935999999,0.0903792018546117,0.0395005542913822,-0.1112836264218449,High
29.339606119999985,-0.0164067796610169,0.0279396984924623,0.0839752494001768,Low
29.749768520000032,-0.0139151580653877,0.0184898809924023,0.087396849212303,Low
37.864148,0.2134250636664259,-0.0533540106246081,-0.2028182811499189,Moderate
29.777112680000016,-0.0206651156425345,0.0329729729729729,0.086020818698512,Low
30.75466640000002,-0.0097163718056725,-0.0546716114367747,0.0461971221464892,Low
30.68117897000002,-0.0321039170817068,0.0188975303588484,0.1069920516641828,Low
31.92533824999998,0.0307209358482466,-0.0249186276079184,-0.0052597147716865,Low
30.58376540000006,-0.011375617335331,-0.058082907708754,0.0366084464391932,Low
31.07937830000003,-0.0499007279947054,0.0285559615644877,0.1314133591481123,Low
39.91666901000002,0.1833705400853797,-0.0340343252168854,-0.1791219512195122,Moderate
30.544458169999984,-0.0295785231231641,0.0264528508771929,0.1087829360100376,Low
41.08050481999999,0.1576943577248153,-0.0014490844421024,-0.1673384774847403,High
34.890470600000015,0.1885703648548027,-0.1406878070567217,-0.1564410233189948,Low
37.25232242000004,0.2086342481142673,-0.0328464650620585,-0.2050564045123609,Moderate
33.12677228000001,0.0187059859154929,-0.066098572086596,0.013269384492406,Low
29.766858619999997,-0.0141882673942701,0.0210661789609158,0.0834601725012683,Low
38.00086880000004,0.2624970292323536,-0.1648849661020046,-0.2382913421006624,Moderate
30.580347380000035,-0.0292669768696473,0.0197480422199523,0.1084203028707689,Low
31.233189200000027,-0.0428046218487394,0.0225916739290742,0.1113549094898519,Low
32.05864102999999,0.0475143106900149,-0.0653283624892457,-0.0088534028569876,Low
32.23125104000002,0.0171591992373689,-0.0557592689598975,0.0281550537115915,Low
33.57453290000001,-0.024435166994106,-0.0270165460186142,0.0548979955986439,Low
33.9846953,0.3558744920001464,-0.1883453399008455,-0.3190974015565727,Low
38.769923300000016,0.1689530398823014,-0.0156503713940231,-0.1663558817694901,Moderate
38.89126300999999,0.1682913440972156,0.0177443226124735,-0.1834566859684779,Moderate
31.728802100000053,0.3501227109684727,-0.1970006360258427,-0.3166169593873117,Low
34.774257920000025,0.385217674991844,-0.184085768289282,-0.3540020550614747,Low
30.81960878000001,-0.0029303234208812,-0.0697484862598975,0.0360927499737698,Low
37.31213777000005,0.194615309030166,-0.0434812462449575,-0.1946622644105103,Moderate
37.35828104000001,0.3098733783888759,-0.1392473481521519,-0.2884541911820891,Moderate
36.24913355000001,0.27140183233179,-0.1061969658009771,-0.2474386236226561,Moderate
33.15753446000002,-0.0317309306620404,-0.0304022868713337,0.0635925745521459,Low
30.542749160000028,-0.0070298161166326,0.0164305560319692,0.0751217624100893,Low
35.351903300000004,0.256694822165827,-0.1279279279279279,-0.2308205965276747,Low
31.47928664000005,-0.0307450628366247,-0.0375975975975976,0.059348796689535,Low
40.63616222000002,0.2463872543132781,-0.0829536363952558,-0.2285838298543976,High
34.05476471000003,0.1750045150803684,-0.0659457688211681,-0.1601542473753427,Low
30.939239480000023,-0.02606649014416,-0.0354059802327036,0.0563821902970184,Low
33.94709708000005,-0.0439659851637416,-0.0188315444437303,0.0858658670203563,Low
33.297673280000026,0.1154926982079513,-0.0870970638412498,-0.0906715913697581,Low
31.02810800000003,-0.0318829467765637,0.0204925980994246,0.0608070414677989,Low
35.75352065000004,0.2106075915581568,-0.0715852711870127,-0.1969839773798303,Moderate
35.77915580000001,0.3010863182618908,-0.0858858123009066,-0.2771353434922007,Moderate
32.44316828000001,0.0055012911193443,-0.0357049929168232,0.0304211324022951,Low
34.25471888000004,0.3379886204093696,-0.1264775413711583,-0.3094919544386187,Low
32.22441500000002,-0.0521749465177085,-0.030894519131334,0.0824368636023701,Low
37.42322342,0.2066519047403859,-0.0728434248061392,-0.1909370679273895,Moderate
39.17324966000001,0.170418361524728,-0.0151498220015644,-0.1870671470439993,Moderate
37.864148,0.2233482542524619,-0.0752573101255862,-0.2262024407753051,Moderate
36.51061207999999,0.2879702740362285,-0.105184496330001,-0.2611233229743046,Moderate
35.06137160000003,0.3362091503267974,-0.1677900543469391,-0.3069223744292237,Low
32.34062768000001,-0.0183932464918656,-0.0335530963032729,0.0609690876029521,Low
32.16972668000005,0.3412855189180975,-0.1649729444371123,-0.3107621487173775,Low
37.17028994000003,0.2450639709366608,-0.0931784692727745,-0.2322182272940441,Moderate
42.478475,0.1592158370171055,0.0284002126391417,-0.1709864678587376,Extreme
37.66932086000003,0.2341035919201446,-0.0430811133993223,-0.2404653275661156,Moderate
40.45500716000004,0.164234161988773,-0.0234033554208374,-0.1717041281627053,High
30.57009332000001,-0.0307859964582481,0.0213204951856946,0.106127705015861,Low
34.88363456000002,-0.0141890416939532,-0.0508435136707388,0.0427133015368309,Low
35.47153400000002,0.3149545437815157,-0.1243784226096808,-0.2982774910967367,Low
38.506735760000026,0.187542883281238,-0.0715047291487532,-0.1858703513379772,Moderate
34.596520880000014,0.0143561886813369,-0.0504563457895643,0.0088284677463034,Low
30.682887980000032,-0.0307734020199281,0.0228251213011685,0.1035109717868338,Low
40.121750210000016,0.136546028283143,0.0310216553739869,-0.1648167372035454,Moderate
42.10591082000002,0.171293010049688,0.0067637135480191,-0.1700908768590568,Extreme
31.38529109000001,-0.0057619005407322,-0.0319256601343269,0.0475813071414418,Low
29.85572714,-0.0157976811987253,0.0236750067258541,0.0918418418418418,Low
35.12289596000005,0.2178793256433008,-0.1341513799372004,-0.1844836141615067,Low
37.27624856,0.1730681645665705,-0.0350277945214654,-0.1673527967670053,Moderate
36.14317492999999,0.349899378773296,-0.1408204915850809,-0.3331259505046315,Moderate
30.903350270000036,-0.0313828344035452,-0.0185772254628455,0.0866969869243888,Low
35.15194913000005,0.3159260955871125,-0.1253774709041346,-0.2905786114074989,Low
41.56586365999999,0.1559183017047282,-0.0597515573740277,-0.1531365313653136,Extreme
36.63024278,0.2655890010676756,-0.068439862108226,-0.2645467986749265,Moderate
33.36603367999999,0.0620503597122302,-0.0739414606422279,-0.0227875507442489,Low
35.85093422,0.3987796654770323,-0.1720041891742917,-0.3609306493423369,Moderate
38.34437981000002,0.149574446780815,-0.0211146094597719,-0.1557076706261324,Moderate
35.57065657999999,0.2984144749113971,-0.1066454689984101,-0.2712396814960917,Moderate
42.825404030000016,0.2037051154989708,-0.0358367092552196,-0.2045315837656393,Extreme
35.49546013999998,0.2219472919366875,0.0029802916199327,-0.2366888601808605,Low
38.38710506000001,0.1788558737938428,-0.0139643645226097,-0.1986606708326033,Moderate
30.166766960000015,-0.0020928228487012,-0.0127119967517256,0.0437372813873241,Low
39.64835444000005,0.1033611232996928,0.0410933829586015,-0.1066241836393402,Moderate
33.1472804,0.0431015329926682,-0.0353953026794574,-0.0177758508562757,Low
37.41809639000002,0.1650797533150474,0.0521618010745046,-0.1921770531660052,Moderate
39.57315800000004,0.2056683722417652,-0.0125218208674634,-0.2063434925205983,Moderate
36.43712464999999,0.1422063531149963,-0.0321348439615049,-0.1342693538198194,Moderate
31.858686860000034,-0.050332383665717,-0.0236069349369841,0.0756787983824378,Low
39.340732640000056,0.2603469714015039,-0.0879817357821923,-0.2504748663520473,Moderate
36.165392060000045,0.2941678631019362,-0.1038591381478784,-0.2727827812547703,Moderate
41.68549436000001,0.110339565051507,0.0100687121572896,-0.1467412719678461,Extreme
29.729260400000044,-0.0051450915826301,0.0197377315127754,0.0608121235671264,Low
36.66442298000004,0.2445829034050321,-0.0694652844086754,-0.2411104735144547,Moderate
38.75966924,0.3192629815745393,-0.1085324659076692,-0.2995270047299527,Moderate
40.68572351,0.2039602455200197,-0.0789325794860441,-0.1991066696949049,High
36.58239050000003,0.2316379718843784,-0.0348374253483742,-0.2340745430086254,Moderate
34.488853250000034,0.2674908093487495,-0.0583389000222667,-0.2581919942518955,Low
29.71900634000002,-0.0102585145670906,0.0176486559869671,0.0786273635958489,Low
34.415365820000034,-0.0182553368615091,-0.0157499692383413,0.0495106505469199,Low
30.67263392000001,-0.0269148320800299,0.0210857807900321,0.1023572616842964,Low
38.01112286,0.1210076473234368,0.0476129813051371,-0.1490489913544668,Moderate
31.14773869999999,-0.058631512868801,0.0129015271195365,0.1197464193472646,Low
33.198550700000055,0.2634273053709221,-0.0883543387409918,-0.2602019432272814,Low
40.10636912000001,0.1967302911557746,-0.0498650796584482,-0.1816442003661175,Moderate
41.12664809,0.0928194692470617,0.0167585240541802,-0.0921391217730555,High
32.45684036,-0.0509639244130559,-0.0072253359443581,0.08130081300813,Low
40.23967190000002,0.1743450044066981,-0.0296814078471319,-0.1694725923561796,Moderate
31.54422901999999,-0.0153755522827687,-0.0315373696229093,0.0438215102974828,Low
29.54126930000001,-0.0182260024301336,0.024220060382422,0.0912271932016995,Low
31.069124240000008,-0.0463471074380165,0.0261292282762811,0.1288802995530861,Low
34.514488400000005,0.2780160804421124,-0.101807736631177,-0.2616299680939063,Low
40.53020360000005,0.1031365673095655,-0.0017337154583731,-0.1112332208179606,High
40.02091862000003,0.199038339870935,-0.0174295837657922,-0.1957097791798107,Moderate
29.59595762000004,-0.0056504961411245,0.0193013456571972,0.0956380045124091,Low
34.429037900000026,0.1725573692926425,-0.1084175686555148,-0.1283522287483495,Low
31.933883300000048,-0.0366782824404937,-0.0267548001259049,0.0645790318880477,Low
33.39679586,0.0973425903758678,-0.0883274764934941,-0.0705593833936704,Low
35.30746904,0.1983100470666716,-0.062255658858701,-0.2081605201210626,Low
31.301549600000044,-0.0187931680676768,-0.0579915134370579,0.0623688922998209,Low
36.872922200000005,0.2326537001526239,-0.069614235262157,-0.2214208158833566,Moderate
33.25153001000001,0.320193281002311,-0.1341471418258187,-0.2949419258149119,Low
39.115143320000016,0.121361000327534,-0.007425614041161,-0.1374465008110379,Moderate
36.51744812000004,0.2924198989839895,-0.1299144133392437,-0.2712973087030749,Moderate
29.76002258000005,-0.0177266576454668,0.0238031199569661,0.092625,Low
39.74747702000002,0.1920540201005025,-0.0521136521136521,-0.1896720604944559,Moderate
39.61759226000004,0.17621177678375,0.0103652517275419,-0.1902200126145512,Moderate
35.351903300000004,0.2192662329648631,-0.093147870070339,-0.21538785982918,Low
31.595499320000044,-0.0076344416790178,-0.0501923646049127,0.0343157264538601,Low
34.10774402000004,0.3542728199155627,-0.1313813129009699,-0.3314964574536606,Low
31.24344326000005,-0.0504434589800443,-0.0082401412595644,0.0871302957633892,Low
38.05213909999998,0.3016740946031984,-0.1149392102139672,-0.2821780351938613,Moderate
35.650980050000044,0.3337856940910376,-0.1511769777618714,-0.2986603046430537,Moderate
33.66511043000003,0.1277281861943263,-0.1150389316328181,-0.097516601473665,Low
31.90483013000005,0.0289189996469981,-0.074615013754573,0.0019753996892037,Low
36.49694,0.1329558104641595,-0.0926574242636418,-0.0974214721050164,Moderate
34.839200300000016,0.3849042303982362,-0.1951777857057914,-0.356011670854907,Low
40.82073530000002,0.1293254788748878,0.0442419440042261,-0.1347261965426678,High
40.93352995999999,0.2768247821878025,-0.1305242225803133,-0.2620177587262706,High
37.11901964000003,0.2246241747522079,-0.0583028496590344,-0.2428533545478652,Moderate
30.609400550000032,-0.0013589962390569,-0.0086506847128674,0.0449159714665699,Low
40.18840160000002,0.1225151652635647,0.091079786655056,-0.1941509804973096,Moderate
39.81754642999999,0.2342118881493246,-0.0865105173036743,-0.2353582081554646,Moderate
38.95107836,0.2360762059181191,-0.0703029026710189,-0.2219595271488679,Moderate
41.34027434000001,0.1617844453217528,-0.0327425864186699,-0.169541371910023,High
38.44179338000004,0.2147505422993492,-0.0586011342155009,-0.2045365662886194,Moderate
40.75921094,0.1994097316609063,-0.0254656529101231,-0.2113581990038043,High
37.69153799000003,0.2036402853196602,-0.0390187335652571,-0.1990575817547827,Moderate
31.41605327000002,-0.0356101743355244,-0.0350920245398773,0.0615196351095783,Low
36.221789390000026,0.2367538809124699,-0.0420005526388505,-0.2344596806459826,Moderate
31.81937963000001,0.0058905430009639,-0.0402613944730575,0.0190098182577814,Low
38.23158515,0.2886029780155915,-0.157974355280219,-0.2521420782053279,Moderate
32.15605460000006,-0.0264417324718832,-0.0337949434633464,0.057508542306133,Low
38.95791440000005,0.2764535204025416,-0.1215309151929779,-0.2568349486474757,Moderate
35.42709974000002,0.261723478192964,-0.0853822383447534,-0.2405558968058968,Low
33.58307795000002,0.3629380700912146,-0.2113762431483244,-0.3342371165699618,Low
36.22862543000002,0.2412333624162319,-0.0843983133311709,-0.2356137044018184,Moderate
37.29675668000005,0.1701178048079686,0.0194076571153383,-0.1853763607785302,Moderate
37.89832820000004,0.2550061614294516,-0.103511326312938,-0.2364836665781386,Moderate
37.36682609000002,0.2945990180032733,-0.1355153603215618,-0.2774547803617571,Moderate
40.49602340000001,0.3483950184178214,-0.1514679448771719,-0.3259965846169769,High
38.40761318,0.1642236129194842,-0.0624784391889302,-0.1528927338518487,Moderate
38.54775200000006,0.2105699638118214,-0.0247949708012892,-0.2169464549622949,Moderate
31.02298097000005,-0.0152928011935844,-0.0096889342172361,0.0593265633351149,Low
32.13212845999999,-0.015832004837557,-0.0553525112001886,0.0402851858800825,Low
36.00303611000004,0.2683357768504943,-0.1144914610378885,-0.2520503210004824,Moderate
31.267369400000007,0.00091055955353209,-0.0313559322033898,0.0385147145960892,Low
37.98548771000003,0.1662989619877753,0.0471730169751946,-0.2056756150452404,Moderate
31.086214340000023,-0.0226415094339622,-0.0198495949391601,0.0676580803163081,Low
32.091112220000014,-0.0168840922366554,-0.0481924137726504,0.0390429581294181,Low
39.386875910000015,0.2450341433046049,-0.0551342082701312,-0.2412910233532469,Moderate
34.95883100000003,-0.0165047407233992,-0.0403665180782565,0.0462568817753561,Low
36.33629306,0.256529887945129,-0.0871515318796577,-0.2449132788115839,Moderate
42.49214708,0.1656197103629866,0.0031685780000965,-0.167860104017487,Extreme
31.564737140000037,-0.0472674533588239,0.008098833218943,0.102917442582247,Low
39.69620672000002,0.1468030486955483,0.0231217792243016,-0.1588642213642213,Moderate
31.224644150000017,0.0612077228536218,-0.0803802938634399,-0.0212418300653594,Low
38.23671218000004,0.0523051898541147,-0.0461896098645643,-0.0341692476770906,Moderate
31.328893760000028,-0.0440664608918368,0.0226280803061841,0.1346016646848989,Low
34.65804523999998,0.0392256749872643,-0.0386965376782077,-0.0214754645599198,Low
39.58683008000003,0.215212329526555,-0.1044675848169297,-0.1944202266782912,Moderate
35.77915580000001,0.3745217514524585,-0.1790087817922148,-0.3435368260673846,Moderate
38.9066441,0.2745425556146078,-0.0955069011648774,-0.2630826530228358,Moderate
38.97500450000001,0.1640790261424865,-0.0177262893432898,-0.1684159923083086,Moderate
29.380622360000014,-0.0147544296975005,0.0226558845151373,0.0807718901250864,Low
31.284459500000025,-0.0365263861055444,-0.0546667056655649,0.0739399542851272,Low
34.76742188000003,0.2361733368472572,-0.0529455151845556,-0.2446550416982562,Low
45.47266051999998,0.0858925143953934,0.1269009420313153,-0.0840718562874251,Extreme
37.46765768,0.2526853926130162,-0.0978654853000402,-0.2405476127270658,Moderate
37.99403275999998,0.2734345206315308,-0.1189973526356355,-0.2504493708807669,Moderate
40.10636912000001,0.1967302911557746,-0.0498650796584482,-0.1816442003661175,Moderate
35.962019870000006,0.3083296487821757,-0.1290873799293262,-0.2817914720506252,Moderate
30.88455116,-0.0263217242823544,0.0141892553087386,0.0806157215867607,Low
40.05509882000001,0.1450272964633278,-0.0117096018735363,-0.135593220338983,Moderate
35.12289596000005,0.2313063495108382,-0.0797698751808363,-0.2255231403696349,Low
34.389730670000006,0.3583492978540169,-0.1852044963118587,-0.3284403038949431,Low
37.99403275999998,0.3216539800328959,-0.1706193251118037,-0.2980202111273902,Moderate
30.459007670000005,-0.011767953894468,0.0227955227955227,0.0794946799961426,Low
31.161410779999983,-0.049696008458895,0.0259432364695522,0.1208119344583027,Low
32.75420810000003,0.1059384639311542,-0.0690821619183642,-0.0647334797364743,Low
38.65541962999998,0.2776048091797372,-0.1345946509929398,-0.2531643138384711,Moderate
39.19546679000001,0.1414599378328614,0.0196898592124056,-0.1540956041316358,Moderate
36.93102854000006,0.2260674339111263,-0.0705165562913907,-0.2193345938769763,Moderate
28.84057519999999,-0.015233949945593,0.0250471316994344,0.0947736934233558,Low
36.44225168000003,0.2794612794612794,-0.1471094106497244,-0.2566814074216497,Moderate
31.4724506,-0.0352773488537831,-0.0182410831818466,0.0874157303370786,Low
30.31374182000002,-0.0380939561179162,0.0231699815460323,0.1120775347912524,Low
33.81721232000001,0.1377888198757764,-0.1051158301158301,-0.1019249278152069,Low
35.44931687000002,0.4199480246060725,-0.1869277091869002,-0.3886788810783856,Low
34.553795630000025,0.257236355136546,-0.0942999559187548,-0.2341816930225443,Low
36.637078820000056,0.1638219811772212,0.0060622573394182,-0.1666600039976014,Moderate
31.072542259999977,-0.0408311825822248,0.0254824178040744,0.1251282670368805,Low
31.469032580000032,-0.0290411697324978,0.0109135836364884,0.0968348480100282,Low
30.50515094000002,-0.0286077558804831,0.0278921814833417,0.1053312788906009,Low
31.499794759999983,-0.0198505371321812,-0.0333620583528253,0.06909171564822,Low
30.744412340000054,0.0005200208008320333,-0.0427556304950018,0.047681900676456,Low
31.14090266000005,-0.0377817202181483,0.0214500501169395,0.1268781302170283,Low
35.088715760000014,0.387005076142132,-0.1500645378528537,-0.3386680602279779,Low
37.67615690000002,0.2722740940022155,-0.0941072400653239,-0.2529416348476583,Moderate
37.94788949000002,0.1411502249782584,0.0369365775827682,-0.158230034155889,Moderate
32.930236130000026,0.068052475485612,-0.0654619116157577,-0.0452358539901683,Low
36.85241408000002,0.3498656597197008,-0.1574359453317144,-0.3138030956251325,Moderate
37.836803840000016,0.186155285313377,-0.0629038454821696,-0.1645046492939961,Moderate
30.60769154000002,-0.0398728308385216,0.0246265643924101,0.1031645373836112,Low
37.69324700000004,0.1860214161201959,-0.0108599525982525,-0.1860214161201959,Moderate
39.35098670000002,0.126737284952295,0.0569075017292334,-0.139059770638718,Moderate
30.571802330000025,-0.0180318369294747,0.0211348963642541,0.0781144996639892,Low
38.49477268999999,0.0880192595868032,-0.0658933384674624,-0.0705307937735666,Moderate
37.197634100000016,0.0670483213661944,-0.1232317042030539,-0.0407419675389201,Moderate
37.15319984000001,0.2131642045015082,-0.0405333687143425,-0.2283415235820428,Moderate
34.31453423000005,0.3301215372823826,-0.1430363667727821,-0.306072714892397,Low
36.63366080000003,0.2680430223385219,-0.0492930836836071,-0.2625045497212697,Moderate
29.53443326000001,-0.0130135586291476,0.0196927657846653,0.0806625626705591,Low
37.26257648000001,0.2173050208374677,-0.0274018491223368,-0.2150143607011983,Moderate
35.040863479999985,0.3314012892678667,-0.1544644726880265,-0.2995339897368946,Low
38.23842119000005,0.1686066222171997,-0.025265627840111,-0.182391615054788,Moderate
29.599375640000005,-0.0092802639719529,0.0205246703819491,0.0925576123913864,Low
35.38608350000004,0.3765385581512183,-0.1474036850921273,-0.3450682001472702,Low
38.79384944000003,0.2180289476715168,-0.0753664943648843,-0.2166510076122179,Moderate
39.50479760000002,0.1204025752978613,-0.0033134526176275,-0.1467090812694084,Moderate
32.02958785999999,-0.0509039010466222,-0.0333441243120751,0.0710128055878929,Low
34.04109262999998,0.0938383838383838,-0.0912755397677172,-0.0643536378602845,Low
36.24742454,0.2261180407666565,-0.0650414560829782,-0.2220053440466941,Moderate
38.89297202,0.111339902926901,0.0151840990550667,-0.124195648130928,Moderate
37.58216134999998,0.2498914716445005,-0.1279247836461412,-0.2249705080353516,Moderate
37.00280696000004,0.2475161674916001,-0.0515256714781655,-0.2528118423916987,Moderate
30.571802330000025,-0.0107225788826663,0.0183986717717615,0.0750909903582146,Low
41.295840080000005,0.1644622894032436,-0.0141936368623148,-0.162814465408805,High
30.50002390999998,-0.0222009372968905,0.0222009372968905,0.0945834653151726,Low
39.06387302000002,0.2517889715167672,-0.0818529072940035,-0.2517889715167672,Moderate
36.82506992000003,0.2663377547719184,-0.0753064798598949,-0.2418798334324806,Moderate
39.36465878000001,0.1991569266142939,-0.0738135273326241,-0.2024747338892518,Moderate
30.45558964999998,-0.0219293730052506,0.0229688035653068,0.0989566866898514,Low
36.81823387999998,0.2320142492062263,-0.1049451312682317,-0.2137788967727168,Moderate
30.59060144,-0.0280361096917049,0.0234118291347207,0.103641104583582,Low
32.64654046999999,0.0183232497839239,-0.0463278174121547,0.0097217941893368,Low
34.71273356000006,0.4295129033310496,-0.1981077903256679,-0.3937716703247765,Low
34.91610575000004,0.0328507086694317,-0.0655780741363015,0.0012303149606299,Low
33.59162300000003,0.3079121540312876,-0.1036364790251951,-0.2942358501097756,Low
35.93638471999998,0.4140538360721847,-0.1891815509834953,-0.3841447368421052,Moderate
29.67457208000002,-0.0119613973086856,0.0151740956509958,0.0827181525648305,Low
39.96281227999998,0.180486670799752,-0.0200897341458514,-0.1872954014029618,Moderate
36.269641670000055,0.3265122430610408,-0.1308174130911368,-0.3015283685386778,Moderate
39.231356000000005,0.3003609044707962,-0.1051643192488262,-0.2839533107886985,Moderate
31.103304439999988,-0.0272170560217736,-0.0373684847018986,0.076442721791559,Low
35.68345124000001,0.3069869163181521,-0.1074482265353229,-0.2819026831746509,Moderate
39.97819336999999,0.1228231899160337,-0.0418952340219796,-0.1317134258417661,Moderate
36.22008038000001,0.366002425922717,-0.1401463654508113,-0.341227711991289,Moderate
34.09065392000002,0.0881409385025284,-0.0924773446882847,-0.0613067458633856,Low
32.24150510000004,-0.0359568766747678,-0.0150252608096581,0.0764179104477612,Low
31.962936470000045,-0.0500264607913333,-0.0157102915723605,0.074908297207991,Low
36.22008038000001,0.1224306017775341,0.0249477067496556,-0.1454828784912294,Moderate
30.47438876000001,-0.0198393629436397,0.0245268839243014,0.0946674275569082,Low
36.001327100000026,0.2509956818848782,-0.1293832674147947,-0.2205497382198953,Moderate
31.920211220000056,-0.0034129692832764,-0.0494474228039174,0.0465046667936542,Low
30.14284082000006,-0.0493543947040702,0.0266425072142809,0.123413513840203,Low
30.535913120000032,-0.0091999860076258,0.0235797021511307,0.078024803880082,Low
34.630701079999994,0.3426221371339431,-0.1754663686873389,-0.3124696749150897,Low
35.91074957000001,0.337978715702599,-0.153597678011329,-0.3250524278109372,Moderate
32.88580187000002,0.1096877502001601,-0.1007890961262553,-0.076060006511558,Low
40.12004120000006,0.2967941318836802,-0.1095606741215075,-0.2726741211722575,Moderate
30.563257280000016,-0.0176874523132413,0.0239161899510648,0.079373334200091,Low
39.10147124000002,0.1221745586536875,0.0090332920521599,-0.1361870954270202,Moderate
33.49420943000001,0.1395858708891595,-0.0815434767530575,-0.1091353107143704,Low
28.874755400000023,-0.015347005296754,0.0229768883498416,0.0929563367946953,Low
40.45158914000001,0.1540938175001019,-0.0141460444794613,-0.1547997716336351,High
34.94857694000001,0.2078716851325946,-0.0333287708732548,-0.2017669531996179,Low
31.231480190000013,-0.0185471406491499,-0.0267732205603408,0.048634320617725,Low
32.477348480000046,-0.0192167355874483,-0.032390218922033,0.0550184566707681,Low
31.077669290000017,-0.0432202896864638,-0.0332307305735284,0.0769403445760143,Low
32.37138986000002,-0.0171298922291548,-0.0241134751773049,0.04212271973466,Low
32.13212845999999,-0.0454658077304261,-0.0144832126398946,0.073584225081159,Low
38.04188504000001,0.2334185712002557,-0.0469375296751,-0.2354671522622216,Moderate
30.75808442000005,-0.0290021633315305,0.0197577205255075,0.1060558909566191,Low
30.351340040000025,-0.0249282171756721,0.0140872950414041,0.0723288011423604,Low
36.332875039999976,0.0783648566198901,-0.0463673392062138,-0.055339272492775,Moderate
34.02571154000003,-0.0506850087387946,-0.0547481834126785,0.063150280977021,Low
44.65575374000002,0.1236746366802202,0.052293051111658,-0.1324209865892871,Extreme
37.06433132000001,0.2388024516737388,-0.0719020907700153,-0.2335198153436876,Moderate
35.72788550000001,0.252257774508602,-0.1288587637220953,-0.2189339697692919,Moderate
30.37526618000004,-0.0217448952532484,0.0236866481407966,0.0954176245210728,Low
31.51004882000001,-0.044590780809031,0.0054837446141793,0.1223137638992913,Low
34.92294178999998,0.3520868480891953,-0.1518645232850604,-0.3222387604684109,Low
32.02958785999999,-0.0611451123948979,-0.030577007597162,0.0766721044045677,Low
40.80535421000002,0.1955138869859662,-0.0309034751641377,-0.2011090791103769,High
36.69176714000002,0.3756254336948979,-0.2147579578804786,-0.3385216773276475,Moderate
31.89286706000001,-0.0126085405019626,-0.0302842248976045,0.0510973936899862,Low
30.395774300000028,-0.0265007026701465,0.0274119141539078,0.1029230389738529,Low
33.58820498,0.3941667094829506,-0.2503302307007035,-0.3601791204384441,Low
34.073563820000004,0.2444212134614611,-0.1195109599942125,-0.2390903995516054,Low
31.97831756000005,-0.0508021390374331,-0.0053944706675657,0.0738555189763339,Low
30.20607418999998,-0.0206887606200142,0.0091213334208281,0.0596880156926238,Low
38.05897514000003,0.1623244898770932,0.0156965777418485,-0.1651979744008931,Moderate
35.35019428999999,0.3112152213404723,-0.1620458242950108,-0.2782655705311038,Low
33.54035270000003,0.2182319851132547,-0.1124653306769795,-0.1851266152021473,Low
38.899808060000055,0.1750580945003872,-0.0420387415853826,-0.171881035148706,Moderate
37.197634100000016,0.324213601225464,-0.143296527542829,-0.2991751712568153,Moderate
35.43393578000001,0.2974693370594628,-0.1771044245294646,-0.2678930400151716,Low
40.64983430000001,0.1453912198282844,0.019688041594454,-0.155074535429855,High
36.26793266000004,0.1759582209988499,-0.05368605986891,-0.1700463336397231,Moderate
37.44885857000003,0.2552059925093633,-0.0199802176063303,-0.2657300400332351,Moderate
33.91291688000001,0.0803766157774349,-0.0861543398042676,-0.0380782008688985,Low
40.62590816,0.1697276757441418,0.0033873917083845,-0.2024304676480162,High
43.28170970000002,0.1464063886424134,-0.0244070601213458,-0.1529895627206766,Extreme
30.62478164000004,-0.0132649880511204,0.0232111633009908,0.0824181133047763,Low
41.36249147000001,0.1511541024657202,-0.0041042081344348,-0.1570657248406609,Extreme
35.447607860000005,0.3378523539652554,-0.1768846022255168,-0.3074862438459311,Low
34.890470600000015,0.2734123130704991,-0.0842166184373708,-0.2636447733580018,Low
36.052597400000025,0.3590998222368831,-0.150797591707529,-0.3291395594745237,Moderate
42.23237756000003,0.1097099621689785,0.0519965527147371,-0.112000336969799,Extreme
35.351903300000004,0.2519585737761302,-0.0767814882987115,-0.2399697199091597,Low
30.53420411000002,-0.0228001911393269,0.0210627094303494,0.097670900438085,Low
37.573616300000026,0.2934716290420988,-0.1308928452357138,-0.2737992414285178,Moderate
40.613945090000016,0.1096708860759493,0.032628270772273,-0.1274126507263673,High
40.39006477999999,0.2299827239713711,-0.0649612308443739,-0.2384975859130928,Moderate
42.14692706000005,0.2009164480248327,-0.0744916515126467,-0.2048344640937233,Extreme
32.183398760000046,-0.0355572308078904,-0.0127317105349957,0.0739534322596211,Low
40.77630104000002,0.1376427558408599,-0.0467000892795824,-0.1447348655550548,High
30.371848160000013,-0.0230367911105088,0.019515843873249,0.0933442324016725,Low
35.17758428000002,0.2300128760388622,-0.098856664807585,-0.2117158671586715,Low
40.25334398000001,0.107655958233299,0.0395849854612741,-0.1646898541432922,Moderate
33.77790508999999,0.1282622919039426,-0.0932400385075958,-0.0998251996031558,Low
45.03515396,0.08418196830889,0.0343885698277069,-0.0979533328024209,Extreme
41.95551794000005,0.1229673222858912,0.0277554304102976,-0.139288239453217,Extreme
36.18590018000003,0.2018897637795275,-0.1261382799325463,-0.1649875703257883,Moderate
37.17712598000003,0.2359608260279499,-0.0536255901941777,-0.2337885833546922,Moderate
30.968292650000024,0.0130156366344005,-0.0367615680058525,0.0422662123729338,Low
30.549585200000024,-0.0205310703531344,0.0293658867412682,0.0995910663730733,Low
39.13565144000006,0.2471311960250798,-0.0813786500718047,-0.2261466289303299,Moderate
35.25619874000006,0.2682982442806111,-0.0681047174038276,-0.2558419567262465,Low
37.412969360000034,0.2341599908007206,-0.0965127366843754,-0.228743703251412,Moderate
32.45342234000003,-0.0182167911292147,-0.0450439600144526,0.057871878393051,Low
36.47301386000004,0.2247736356962232,-0.0700947901076188,-0.2033018773416681,Moderate
31.680949820000023,-0.050545738045738,0.0126676350369894,0.1061500351692712,Low
41.80683407000004,0.1730729508966294,-0.015887470526059,-0.1748819889793692,Extreme
31.906539140000007,-0.0522871929094045,-0.0321326768592899,0.0715617715617715,Low
36.900266360000046,0.269289920852245,-0.0935944670674164,-0.252007252007252,Moderate
40.34050349000006,0.1286741183997591,0.0044152308866978,-0.1302266860125497,Moderate
43.27145564,0.1200133394472466,0.1296968126457631,-0.1238549378843016,Extreme
31.19559098000002,-0.0350736278447121,0.0262749071259709,0.1154200159538565,Low
31.896285079999984,-0.0440222157263957,-0.0209790209790209,0.1012915636163781,Low
38.04872108000001,0.1701339848074207,-0.0406708310700706,-0.1576283987915407,Moderate
35.20834646000003,0.2237786424556852,-0.151539807168138,-0.2109000684462696,Low
38.32216268000002,0.1935644131921886,0.011708119739257,-0.2074538003556792,Moderate
39.20401184000002,0.1770280205865534,-0.0292898985569367,-0.1819524200164068,Moderate
35.741557580000006,0.2010986855012752,-0.0014275942063468,-0.2217787292717442,Moderate
30.917022350000025,-0.0202696773816139,-0.021936113738292,0.0598141858702669,Low
32.62090532000002,0.3640602390267431,-0.1752682048361526,-0.3262697144445216,Low
38.325580700000046,0.090205250211702,-0.0378901301393527,-0.0963059081140262,Moderate
31.03836206000005,-0.0278424976700838,-0.0383227572477292,0.0627281406188577,Low
38.04530306000004,0.2963536746646514,-0.122864436734961,-0.2805315019408779,Moderate
39.59024810000005,0.2678855325914149,-0.079393398751115,-0.2488877816136954,Moderate
36.28502276000006,0.1062694530902623,-0.0637024369388627,-0.0862520617056369,Moderate
33.56427884000004,0.0924156217201568,-0.0747826086956521,-0.0714634014195156,Low
37.14465479,0.2318659708040239,-0.0451621183680672,-0.2318426775077999,Moderate
37.19421608000005,0.1804258215784895,-0.0318677685950413,-0.1786874103164413,Moderate
39.74405899999999,0.1568587077379236,-0.0242835265806169,-0.1741202039622168,Moderate
33.79670420000002,0.2732893496701225,-0.1031847133757961,-0.2773827534039334,Low
38.821193600000015,0.0921978599650675,0.060875143986119,-0.1464170018867253,Moderate
29.896743380000032,-0.0163125428375599,0.0242708545788292,0.0931378743839251,Low
35.73472154000001,0.2317571958258476,-0.0422407658968885,-0.2249211236553008,Moderate
31.33743880999998,-0.007544155498358,-0.0354023272323219,0.0521318979401542,Low
36.12095780000004,0.326127038068038,-0.1364748892400161,-0.3021192005963579,Moderate
33.89924480000002,0.1495440729483282,-0.130811780535207,-0.1107738998482549,Low
38.01454088000003,0.2804183862245624,-0.1088858762632487,-0.2724508556074105,Moderate
36.264514640000016,0.242033414024366,-0.0560091774073824,-0.2231992808848243,Moderate
35.16562121000004,0.2952566111849545,-0.1650190928232397,-0.2672994429239698,Low
30.51711401,-0.0305335802053526,0.019141689373297,0.1079515534491837,Low
31.058870179999985,-0.0348720016125781,0.0273564463705308,0.1173108830578258,Low
31.414344260000007,-0.0397227406025059,0.0268809941915439,0.1188845401174168,Low
35.95005680000003,0.3424981728326314,-0.1100112226986273,-0.3222047028175773,Moderate
35.72617649000006,0.249957169778996,-0.057510508430902,-0.251672671127123,Moderate
29.483162960000016,-0.0109755266207648,0.0247378327507394,0.0775686673448626,Low
30.34621301000004,-0.0280740966507501,0.020511245349988,0.106809411178887,Low
37.86072998000003,0.2691301200794343,-0.0298338880438547,-0.2526928995383601,Moderate
31.16482880000001,-0.017548727197059,0.0229702697109746,0.0790637191157347,Low
29.55835940000003,-0.0254225828262339,0.0246312085532548,0.100698777140005,Low
36.01499918000002,0.2490260176436344,-0.170359180933199,-0.2090160381447767,Moderate
30.53933114000006,-0.0346648838375397,0.0186229864745463,0.1105704077861278,Low
31.00076383999999,-0.0472627018511224,0.031689905931016,0.1272399278412507,Low
31.867231909999987,-0.0041230220637396,-0.0560709010339734,0.0363641264792301,Low
35.57407460000002,0.2444124585182519,-0.0643230858667031,-0.2305380935436682,Moderate
39.344150660000025,0.2148729165095406,0.0200754349677576,-0.2284461391801716,Moderate
33.909498859999985,0.1720757716253808,-0.1071071071071071,-0.1462624692317657,Low
33.875318660000005,0.2854419340445382,-0.1555993144440798,-0.2572403396016821,Low
40.68914153000003,0.2092704385747748,-0.0452674897119341,-0.2260344061938872,High
32.20048886000001,0.0776709070224428,-0.0785074781348651,-0.0564201348405738,Low
32.579889080000044,-0.0322362869198312,-0.050696310774493,0.0515520758670121,Low
31.376746040000057,-0.0440409376031693,0.0305992634750585,0.1043058648849294,Low
37.20447014000001,0.2240665536411308,-0.0731420670584168,-0.1990113157996369,Moderate
32.50811066000006,-0.0448765893792071,-0.0100850306505833,0.0918572952471257,Low
35.707377380000025,0.1190729027194237,-0.0398558496718005,-0.1015269950918014,Moderate
30.66921590000004,-0.0108869386893452,-0.0269271713945769,0.0513406415410869,Low
36.36534623,0.306952973034822,-0.0768336371064043,-0.2865644183296101,Moderate
32.05693201999998,-0.0134565405717585,-0.0462424205304097,0.0458049379957546,Low
37.49500183999999,0.1397899399828522,0.0156271693688968,-0.1743163163900033,Moderate
29.503671080000004,-0.019719842241262,0.0290948275862068,0.0918483054050648,Low
37.47278471000004,0.1647843094044405,0.0033156811289029,-0.1801064265247646,Moderate
30.935821460000057,-0.0173495303081301,-0.0061407356350648,0.0634041063929071,Low
39.15615955999999,0.1683365933495668,-0.0187260703097807,-0.1637838482643445,Moderate
31.98173558000002,-0.0399358276514066,-0.0315193302142329,0.0996238581407845,Low
33.41046793999999,-0.0193642674461088,-0.0317124735729386,0.048114434330299,Low
35.297214980000035,0.3196302419960919,-0.1396582777588473,-0.3033699524940617,Low
41.45990504000002,0.1615556338855598,0.0180120521819747,-0.1875075075075075,Extreme
31.28104148,-0.0213377556661138,-0.0494990811547809,0.0426130218472853,Low
30.95803859,-0.0059708919019778,-0.0229134664618535,0.0493412247568628,Low
41.210389580000026,0.1408672900073108,-0.0087778987479586,-0.153741390715592,High
32.23125104000002,-0.0468115173997526,-0.0249461820944662,0.0744954548053284,Low
30.462425690000032,-0.0205791910249045,0.028653775260565,0.0973809597957086,Low
52.13267249,0.1206916813565013,0.0683971809364315,-0.1599708069785222,Extreme
36.37047326000004,0.3063905416892049,-0.1636438723887531,-0.278336483931947,Moderate
43.127898800000025,0.0837875522879959,-0.0037567504108945,-0.0978898257929204,Extreme
30.41970044000004,-0.0179458582581364,0.0266630937227842,0.0919942503593525,Low
39.94230416000005,0.1527279592222012,0.0069607077803799,-0.1660682911924222,Moderate
30.83328086000006,0.0132234345351043,-0.0411601620814672,0.0370808678500986,Low
37.39929728000004,0.2767566432097468,-0.0702274394717534,-0.2598196704321691,Moderate
30.30861478999998,-0.0138507953922106,0.0389254569146981,0.074993568304605,Low
35.80308194000003,0.217539066404558,-0.0560966446056472,-0.2318635382955771,Moderate
29.68140812000001,0.02002180024095,-0.0563840532351018,0.0254864346396272,Low
39.239901050000014,0.1668277920221932,-0.0272540566543934,-0.1566666666666666,Moderate
35.10409685000002,0.2118856318499669,-0.0993892685764141,-0.1881507091501984,Low
36.94811864000002,0.1390128372348459,0.0781454010056393,-0.194528437724982,Moderate
40.3763927,0.1787869410490484,0.0036943799653447,-0.1750144592249855,Moderate
34.33846037000001,0.3114760209502152,-0.0944129907297953,-0.2774277881665184,Low
32.05009598000004,-0.0107844747358624,-0.0436640868661199,0.0281288657021459,Low
36.70202119999999,0.2431522136103558,-0.0896318691090165,-0.2222222222222222,Moderate
36.172228099999984,0.2477490789447761,-0.0824872662632892,-0.2329556515983335,Moderate
36.881467250000014,0.2256127517877613,-0.0792155354739473,-0.2380024629183744,Moderate
37.83509483,0.1724623508703305,-0.0230557878389678,-0.1787097662164022,Moderate
30.60256450999998,-0.0018556154457895,-0.038999264164827,0.0413578500707213,Low
34.52986949000001,0.2476250323439175,-0.121459305899357,-0.2365861254098811,Low
36.85925012000001,0.4013029315960912,-0.1722709684451469,-0.3671030888521673,Moderate
35.03915447000003,0.3213283529389901,-0.1156755060411109,-0.294835372960373,Low
35.41171865000001,0.2983087573681988,-0.1037874293564804,-0.287715144340224,Low
45.43164428,0.0490056491985486,0.0598888660218151,-0.0547704812043964,Extreme
39.71329681999998,0.1669481765834932,-0.0006583495177589783,-0.1737292225718643,Moderate
30.677760949999996,0.0050525655107484,-0.018833110644525,0.048261515601783,Low
34.78793000000002,0.2419858372039899,-0.0708377100840336,-0.226437084100906,Low
31.137484640000025,-0.034505728750333,0.0248923573735199,0.1231169459737431,Low
30.956329579999988,-0.0529775207046141,0.0253669755800581,0.1227471992206527,Low
34.88534357000003,0.0637100405222872,-0.0739856801909307,-0.0235580828594638,Low
34.87679852000002,0.0177496038034865,-0.0055192390495948,-0.026944910849924,Low
40.63274420000005,0.2005822304789994,-0.0461790083279093,-0.2012954658694569,High
34.415365820000034,0.2846864614148497,-0.1104236378559252,-0.2685635976775217,Low
39.13565144000006,0.2935209938669602,-0.1150196556865934,-0.260709632922063,Moderate
30.682887980000032,-0.0309216250585636,0.0290370171673819,0.1058758143699632,Low
39.72184187000005,0.2408366690212699,-0.0518454450192112,-0.2291873189884735,Moderate
38.69130884000003,0.1507914900237252,0.0117238384715588,-0.18522672648614,Moderate
34.58968484000002,0.3057158242941765,-0.0982561713416804,-0.2891049253788023,Low
36.15513800000002,0.0449602993981692,-0.0924183144760494,-0.0108610567514677,Moderate
29.404548500000036,-0.0048202726897121,0.0294157152451309,0.0881443624203419,Low
36.10044968,0.3165546687805142,-0.1231365075461838,-0.2959619784000425,Moderate
35.71079540000005,0.2670498084291188,-0.0933677180453613,-0.2539339475979221,Moderate
37.15319984000001,0.2308174621835567,-0.0682993197278911,-0.2302389345867606,Moderate
31.81937963000001,0.1111219156436125,-0.0669000933706816,-0.0854211688712626,Low
37.55652620000001,0.1621537016747535,-0.019147621988882,-0.1688771695068676,Moderate
32.743954040000006,-0.031503695625833,-0.0291637159595699,0.0662928567256585,Low
40.43962607000003,0.1200040439441935,0.0212910065374874,-0.1540932372601788,High
33.29938229000004,0.2357799658230938,-0.0989579564367899,-0.2176719385811935,Low
40.86175154,0.1745675476955226,-0.0285327007793968,-0.1758416301863402,High
36.79259873000001,0.1822018855271981,-0.0468954676447471,-0.1751789040290167,Moderate
37.27283054000003,0.2706740657379021,-0.0994560472768786,-0.2611793706428378,Moderate
37.39075223000003,0.3201868188894655,-0.1414835825200711,-0.2990243457645664,Moderate
29.582285540000044,-0.0191643529491433,0.0272012895426153,0.0942971485742871,Low
29.565195440000025,-0.0212564950401511,0.0213885702719114,0.0887730099893196,Low
31.36307396000001,-0.0132309804655807,-0.0181595724129048,0.0572416671635561,Low
31.499794759999983,-0.0266497853812185,-0.0173320853371203,0.0640774392778668,Low
32.50469264000003,-0.0041696781008506,-0.0563812219863175,0.0254624591947769,Low
38.98696757000005,0.2152665358904527,-0.0291603496661398,-0.207722153875272,Moderate
31.23660722,-0.0459739569492426,0.0286139484543056,0.12353515625,Low
38.40077714000006,0.2056144602645662,-0.0295608982097892,-0.2051520167965438,Moderate
34.50081632000001,0.2723357575265104,-0.0844616823077189,-0.2428463705996745,Low
42.36568034000004,0.1694754781291422,-0.0092162886463167,-0.1920478672071028,Extreme
36.96008171000005,0.2499097291875626,-0.070051005512717,-0.235951044373475,Moderate
31.154574740000044,-0.0350096326313691,0.0273853364579846,0.1140522078555745,Low
32.79693335000002,0.2450705370573647,-0.152810976642638,-0.2212385851577142,Low
40.4789333,0.2090775214288411,-0.0245088628655532,-0.2034879350522438,High
35.10922388000006,0.4072267637562685,-0.2276391094597429,-0.3661675947847544,Low
37.40613331999998,0.2706494089480772,-0.1177951460304401,-0.2493609195402298,Moderate
33.19171466,0.3794841755862044,-0.2021966122669966,-0.3418744388424615,Low
39.63126434000003,0.2452844036697247,-0.0755966908618339,-0.2428670842032011,Moderate
31.780072399999995,-0.0311478443224572,-0.0023610490715334,0.079950799507995,Low
36.567009410000026,0.2296648804286971,-0.0483626259354596,-0.2244987356390498,Moderate
31.90312112000004,-0.0398592489231329,-0.0248672451754954,0.0729850046860356,Low
34.09748996000002,0.2880397346191495,-0.1339929779763804,-0.2720372359470104,Low
36.66784100000001,0.3223165554881746,-0.1660038100330871,-0.290284404009024,Moderate
37.35486302000004,0.2193626023834478,-0.0503577877349026,-0.2061590446569135,Moderate
38.09486435000002,0.2861364656591351,-0.0970850551238891,-0.2630322177730428,Moderate
36.83190596000003,0.3320489985823852,-0.1611901517792072,-0.2978926863821498,Moderate
39.38516690000006,0.165312387143373,-0.0681065872227739,-0.1446942485920801,Moderate
31.79545349,-0.0068982432473863,-0.0285786866505779,0.0454974068835455,Low
38.86220983999999,0.1387175098515304,-0.0077852538133652,-0.1464753737025608,Moderate
29.647227919999978,-0.0340992831781335,0.0254815816154106,0.1011221945137157,Low
38.45546546000003,0.0755853346382594,0.0608998586781477,-0.0797717567925027,Moderate
39.491125520000026,0.2177009926498446,-0.0378790325184874,-0.2136087301287618,Moderate
36.29869484000005,0.2542005014407065,-0.0940427615472498,-0.2418392678498647,Moderate
39.62784632,0.1987333562244859,-0.0073418614343881,-0.2000611106867313,Moderate
36.57042743,0.1992798998121477,-0.0748320794093404,-0.1921416066913052,Moderate
37.34631797000003,0.1550025920165889,0.0097100656455142,-0.1590699907959502,Moderate
36.41832554000001,0.3416248454433049,-0.1652926497994251,-0.3158326497128794,Moderate
34.00520342000004,0.372212441314554,-0.1650473343298455,-0.3400193416669651,Low
35.97740096000001,0.2180064787578657,-0.0965406275140788,-0.2175078159892809,Moderate
32.38847996000004,0.0044566712517193,-0.0646139491485887,0.0266062383364436,Low
30.92385839000002,0.0113458874841599,-0.0423082763857251,0.0344381295368859,Low
29.86598120000002,-0.0154325165831866,0.0266978922716627,0.0792505380427902,Low
39.4364372,0.2113988782580006,-0.0395668176670441,-0.2098521355904279,Moderate
30.617945599999985,-0.0368089857229853,0.0203702429289106,0.1103681019936254,Low
41.98628012000006,0.0633606540454611,-0.0056230231559217,-0.0856167270887783,Extreme
35.02548238999998,0.3153499371812874,-0.1148311122942733,-0.2906921933355089,Low
34.01545748000001,0.0720735160549233,-0.0644528141743143,-0.0496416801799445,Low
30.76662947,0.0328285091256683,-0.049666059502125,0.0102478960325184,Low
32.631159379999986,0.1176946819814805,-0.1197627556839784,-0.0777224824355971,Low
36.28502276000006,0.256180749970427,-0.0866732612477402,-0.2515911055236898,Moderate
36.28844078000003,0.1981326376493203,-0.046067954514317,-0.1741119483315392,Moderate
41.42743385000006,0.2447552447552447,-0.051419469378951,-0.238478677246609,Extreme
40.34050349000006,0.163676828917327,-0.0038896337123657,-0.1678219346888478,Moderate
39.72696890000003,0.1744909018310421,-0.017175226834851,-0.1764369786310136,Moderate
31.175082860000032,-0.014854183701281,0.0179323461486211,0.0695668961966664,Low
35.42880875000003,0.3377095968605066,-0.1131859812667923,-0.3076198779424586,Low
33.59504102000005,0.2635769780835684,-0.0782017876579042,-0.263088752366601,Low
42.62032283000002,0.1691280179208495,0.0195171166156415,-0.1604867101768545,Extreme
31.376746040000057,-0.0317770785497633,-0.0378608325736858,0.0585446527012127,Low
29.51734316,-0.0166396103896103,0.0189621431945475,0.0873250047083935,Low
35.33652221,0.2988990483299123,-0.0958955870082025,-0.2818208603417796,Low
31.041780080000024,-0.0127159892917984,-0.0292401370036788,0.0638899304854481,Low
30.429954500000008,-0.01555457656986,0.0261155251600791,0.0909375391162849,Low
31.621134470000012,-0.0120691058013072,-0.0545422963348966,0.0396266708850747,Low
31.103304439999988,-0.0380354997998131,0.0257484625261877,0.1234342697312416,Low
37.87098404000005,0.2335497949773859,-0.0259360088990369,-0.2308205587455442,Moderate
31.561319120000007,-0.0052542633277001,-0.0273220575635452,0.0424726412304052,Low
37.559944220000034,0.1680654548521783,-0.0777911818500214,-0.1604307202413374,Moderate
31.014435919999983,-0.0298511809418411,-0.027007029226785,0.0867169294037011,Low
30.68630600000006,-0.0294589520395972,0.021004063081055,0.1066704370503032,Low
40.319995370000015,0.1582831546482596,0.0869967875437733,-0.1715097387526226,Moderate
40.16789348000003,0.1528410556176394,-0.0634366822615177,-0.1538329174911812,Moderate
32.942199200000005,0.0126612517916865,-0.0323601936131997,0.0120896087627814,Low
30.300069740000023,-0.0267291446673706,0.0237007613373055,0.0929946491174119,Low
34.30598917999998,0.2985058188626601,-0.0674191211974891,-0.2898402742323682,Low
37.365117080000005,0.2659576631352054,-0.1039472284285562,-0.2427835668942388,Moderate
30.52565906000001,0.0039813445569332,-0.0485921349649518,0.0380905672715383,Low
29.749768520000032,-0.0170847457627118,0.0198756084369929,0.0922865013774104,Low
37.447149560000014,0.2547537316311181,-0.0728666831560722,-0.2422009240520829,Moderate
32.03300588000002,-0.0422784362285512,-0.0358418367346938,0.0748462064251538,Low
38.99209460000003,0.1176331547431452,0.0023560853817209,-0.148908597578261,Moderate
29.756604560000028,-0.0425221883693204,0.0230452118672703,0.102334823646299,Low
31.352819899999982,-0.0061184532550171,-0.0215067287133693,0.0482217144196402,Low
40.06364387000002,0.1532892434095389,0.0353626404104839,-0.1915492957746478,Moderate
29.633555839999985,-0.0150055066079295,0.0248722316865417,0.0880703543206729,Low
35.04769952000004,0.3170621977280395,-0.150332361897901,-0.2964056387925308,Low
34.12141610000003,0.0238773501838711,-0.0332427346853439,-0.0011648518612306,Low
35.05453555999998,0.278969649135395,-0.0510798260485,-0.2694964746100705,Low
33.89924480000002,0.0409951936669493,-0.0526014865637507,-0.0235738908039586,Low
29.70875228,-0.0058519793459552,0.017553408627024,0.0929078459702242,Low
37.891492159999984,0.2002564308037503,-0.0316492750628508,-0.1944654890545875,Moderate
34.37434958000006,0.2589911784664103,-0.0183570165274135,-0.2725679228746713,Low
30.73415828000003,-0.024990624254202,0.0222237417943107,0.0997009286951046,Low
32.45342234000003,-0.043211334120425,-0.0254982600442897,0.0667894979272224,Low
39.93546812,0.1313871798228389,-0.0308729101644037,-0.137517274661636,Moderate
34.88021653999999,0.2842327563449862,-0.1106255299719522,-0.2769132700888672,Low
34.66488128000003,0.3932522879388062,-0.1822660098522167,-0.3630441318945645,Low
29.01489422000003,-0.0202374527792768,0.0244492208490059,0.090829420970266,Low
35.92954868000004,0.276618955367051,-0.1158164691183481,-0.2621380887740112,Moderate
41.57611772000001,0.1883057638145107,-0.0432904955943301,-0.1865172099655404,Extreme
35.79111886999999,0.3240851032637578,-0.1344459970796502,-0.3138524202640288,Moderate
39.23477402000003,0.2629852795362672,-0.0672209332302139,-0.2469595993825068,Moderate
31.216099100000008,-0.0502193413212859,0.0086112629852378,0.1079817980568195,Low
33.01055960000002,0.0315510732999042,-0.0502194051682106,-0.0009840905363293422,Low
38.24013020000001,0.317210501322841,-0.1051538176954381,-0.3013638953118193,Moderate
35.53989439999998,0.2788915316947937,-0.0901776519052523,-0.2678344187439179,Low
35.187838339999985,0.3417538794658968,-0.1835110615947795,-0.3103083700440529,Low
34.38631265000004,0.2505074775259953,-0.1993086871014521,-0.21766841468334,Low
39.897869900000046,0.1695014234615665,0.0113240149341232,-0.1780147058823529,Moderate
42.51607322000001,0.1369779338779873,-0.0205781059918098,-0.1519300688481472,Extreme
36.95837270000004,0.3164165931156222,-0.1430943637234552,-0.2934884729348847,Moderate
41.88715754000003,0.0654470903642958,0.0689084895259096,-0.0840386698222953,Extreme
31.62284348000003,-0.0122142571454942,-0.0220609301881386,0.049274503997631,Low
37.87440206000002,0.2277609065995111,-0.0323866467364225,-0.2213380489242558,Moderate
35.36557538,0.3282426328242633,-0.0933718939975211,-0.3029258686172457,Low
31.797162500000013,0.0586536146995105,-0.0584271465625584,-0.0306470511652128,Low
35.81675402000002,0.2066443034393565,0.0147835269271383,-0.1892451702848038,Moderate
37.99574177,0.1507844104588061,-0.0249037768677832,-0.1501489063763485,Moderate
35.65610708000003,0.3423294383716547,-0.1962780073230541,-0.3202342996960035,Moderate
39.21426589999999,0.2365398557637272,-0.1455740950226244,-0.2052664856622159,Moderate
38.91348014000005,0.2426687297376952,-0.1076776566399579,-0.2328131281751398,Moderate
36.68493110000003,0.172663284967166,-0.0240016481818493,-0.194265347803452,Moderate
29.842055060000007,-0.0084611680539313,0.0195891715412869,0.0930027686886483,Low
35.845807190000016,0.2681482062648334,-0.1199376407413823,-0.2456218090742703,Moderate
38.57509616000005,0.2199483409497317,-0.059351276742581,-0.2129113824029078,Moderate
39.15615955999999,0.2411554950118193,-0.0557202740006134,-0.2195582851068855,Moderate
31.974899540000024,-0.0473013225306803,-0.0209397344228804,0.0740011580775912,Low
31.371619010000018,-0.0080642879375229,-0.0566993217784476,0.0420811017597551,Low
36.40978049,0.2751261010313935,-0.0938887543392266,-0.2565377054045031,Moderate
30.38722925000002,-0.010972597230999,-0.0379525517740331,0.054767068383342,Low
30.52565906000001,-0.0170436938332816,0.0251664674748164,0.0795421570207964,Low
36.64562387000001,0.3393095138115495,-0.1626779091514248,-0.3169961041992065,Moderate
38.24013020000001,0.2874695614997118,-0.0750461762925481,-0.2838659449840587,Moderate
32.71490087000001,-0.0033478854755336,-0.0588436148417937,0.0238707308116048,Low
35.987655020000034,0.1489776951672862,-0.0852828863626388,-0.1058634107070978,Moderate
42.82711304000003,0.1225966342886837,-0.0017120844628334,-0.1361760660247593,Extreme
33.663401420000014,0.0196525515743756,-0.0617898128780598,0.0097015712327322,Low
31.03152602,-0.0146894756415024,-0.0113882173304491,0.0595438814446712,Low
32.144091530000026,0.0014920109594986,-0.0652086098447688,0.025190114068441,Low
40.35588458000001,0.1106047887436543,0.0100830156411444,-0.1167202572347266,Moderate
36.84728704999998,0.2452603551480451,-0.081642234858365,-0.2506685432793807,Moderate
38.95107836,0.1789263635652242,-0.0280986095709289,-0.1696135706383557,Moderate
36.75158249000003,0.2664327572692322,-0.099805510534846,-0.2660783252793999,Moderate
36.307239890000005,0.1251005169442849,-0.0628323385784047,-0.1030521455118819,Moderate
35.81333600000005,0.2919557954253405,-0.0955649994551596,-0.2843872616114609,Moderate
38.94424232000006,0.1653870405400393,-0.0224536283761796,-0.177926070330659,Moderate
32.72515493000003,0.0412025769506084,-0.056939398343264,0.0026877296911853,Low
31.063997210000025,-0.0244744834157089,-0.012860145913194,0.0690723114078704,Low
33.59845904000002,-0.0014827367083245,-0.0415377817057004,0.0323309042389407,Low
32.911437019999994,0.0332356356799203,-0.0662557781201849,-0.0008034709946970914,Low
33.003723560000026,0.2527319228086491,-0.1487783036970704,-0.2091561938958707,Low
36.900266360000046,0.3211859838274932,-0.0780329022609307,-0.3053760386336198,Moderate
35.86118828000002,0.274477290487354,-0.1182313789758854,-0.248375774774102,Moderate
41.07366878000005,0.1710681907765076,-0.030488016371267,-0.1762609866181012,High
34.75033178000001,0.2128944364667329,-0.0704861562459378,-0.1994028655173041,Low
38.69814488000003,0.1818036328718892,-0.0338816940847042,-0.1751273074474856,Moderate
37.27283054000003,0.1439730508226334,-0.0982891961565502,-0.1228675483994632,Moderate
41.30609414000003,0.1413464643203099,0.0284143617935062,-0.1415768438900327,High
39.77653019000002,0.0873522157012843,0.0071643529754392,-0.1019027301915659,Moderate
33.297673280000026,0.3211790895831734,-0.1424493859940259,-0.2988943813441002,Low
30.62478164000004,-0.0040562383726249,-0.0204043370933974,0.0468184471687098,Low
37.97694266000002,0.2193883622228392,-0.0307805793991416,-0.2149547484488005,Moderate
35.05795358,0.222429906542056,-0.0788914143265635,-0.1991199119911991,Low
31.175082860000032,-0.0203750084613822,0.0084275436793422,0.0861905663951506,Low
36.52428415999998,0.3841061862353704,-0.2080888703576853,-0.3425564307936718,Moderate
42.15376309999999,0.0859734154306991,0.0169472376002711,-0.0942589448531723,Extreme
35.874860360000014,0.2328637758715668,-0.0530702786273653,-0.2214728470624926,Moderate
35.78940985999998,0.2066541900603036,-0.011786860092063,-0.201159180293935,Moderate
37.49158382000002,0.377459091744806,-0.1790255570942968,-0.3510784101565318,Moderate
29.913833479999997,-0.0169054246724149,0.0202314094323025,0.0914794829966118,Low
38.863918850000005,0.1886235060145585,-0.0042905851836142,-0.200187163690244,Moderate
34.71444257000002,0.3457382723604444,-0.1538335410244638,-0.307992565055762,Low
33.266911100000016,-0.0200702757429575,-0.0342573386133635,0.0427599045901448,Low
31.197299990000037,-0.0242913807579837,-0.0427948138750502,0.0586066260684954,Low
40.56438380000003,0.1241049668436266,0.0283017327258177,-0.1333765095813174,High
36.12437582000001,0.2812459151089616,-0.0875774723794125,-0.2645275438176155,Moderate
32.450004320000005,0.1020095889013567,-0.0971411161326359,-0.0807322929171668,Low
37.39929728000004,0.3384398006990406,-0.1460044571792423,-0.3082794213854765,Moderate
41.188172450000025,0.084989882156886,0.0203664893331183,-0.1011778918755662,High
36.21666235999999,0.3168511949550324,-0.1661378347506028,-0.2902682207555118,Moderate
30.848661950000007,-0.0341005451241671,-0.0203794350065585,0.0676722499926919,Low
36.93102854000006,0.3062722251645608,-0.1286895695093649,-0.2847894031849978,Moderate
31.11697651999998,-0.0633793726603846,0.0228925397252895,0.1263094521372667,Low
31.14432068000002,0.0029547334830398,-0.0401421829993258,0.0495603964831718,Low
35.133150020000016,0.2705233743674949,-0.1346575388662192,-0.2423291363586013,Low
34.225665710000044,0.2925942147658675,-0.099274470428192,-0.278955401051382,Low
29.763440600000024,-0.005292459962884,0.0210376784143949,0.0652370494768117,Low
33.48566438,0.3351473922902494,-0.1409010172775714,-0.3078631719235895,Low
31.069124240000008,-0.0426659599840996,0.0264115348335803,0.1258318209316394,Low
35.181002300000046,0.2907942105649842,-0.0931093482656711,-0.2753339140534262,Low
37.37537114000003,0.180417737925759,-0.0818905918323628,-0.1719758659972153,Moderate
36.48668594000003,0.233335866838945,-0.1127340053486936,-0.21614329611032,Moderate
40.46184320000003,0.1798376922932083,-0.0095216613768547,-0.1901912739567307,High
42.19990637000001,0.0791782885762567,0.0297805355737374,-0.088709511779325,Extreme
39.52872374000003,0.1631020041878552,-0.0548340059005052,-0.1793744075829383,Moderate
35.80649996,0.2779991146525011,-0.1237471212170359,-0.2618466581679111,Moderate
34.44441899000003,0.2990479358084231,-0.1893723116744699,-0.2628983691368753,Low
31.561319120000007,-0.0452823487628743,-0.0222785612422753,0.0669597662916148,Low
33.9846953,0.255626059196784,-0.1014537848536707,-0.2319798917246713,Low
36.07994156000001,0.2168007000291678,-0.0630119034618324,-0.2098438082611758,Moderate
39.59024810000005,0.1614851922793576,-0.0042677877571819,-0.1684144217586245,Moderate
39.54239582000002,0.2293826396410336,-0.0773924539814909,-0.2110658080249971,Moderate
37.53089105000004,0.1895816389280117,-0.0535488404778636,-0.1758431372549019,Moderate
35.32114111999999,0.3388151747336946,-0.1925689172992409,-0.3001814882032668,Low
29.698498220000037,-0.0130030112236517,0.0198450455348647,0.0989628889166562,Low
40.81731728,0.0665985848712524,0.0468678704126197,-0.0805498078628436,High
30.88113314000003,-0.0180247728158833,-0.0262019682818278,0.0529330093717459,Low
37.85731196000006,0.2444270323212536,-0.0865430662926729,-0.2228681424446583,Moderate
34.26155491999998,0.2535459603479351,-0.0831682833104802,-0.2334888383390523,Low
42.980923940000025,0.1568881050362532,0.0217729908864954,-0.1657517475613127,Extreme
31.304967620000014,-0.02979693710905,-0.0175155118924508,0.0752738700108666,Low
30.30177875000004,-0.027027027027027,0.0168970814132104,0.1025521174160979,Low
33.14215337000002,0.131672046481601,-0.0851016416173521,-0.1038790931989924,Low
30.506859950000035,-0.0378901685862126,0.0189604112060455,0.0983324468917185,Low
36.71227526000001,0.2238218865549524,-0.0821941632752443,-0.2062187415190167,Moderate
33.345525560000056,0.4070027821130488,-0.1994909322303531,-0.3555388487562514,Low
32.627741360000016,0.040189979608167,-0.0790157174605724,-0.0150885412730799,Low
34.69906148000001,0.092527367920038,-0.0355032255154057,-0.0709153681067462,Low
40.13371328000005,0.1516503459488071,-0.0105165378363135,-0.1793859139660045,Moderate
42.047804480000025,0.1724855972791004,-0.0510858067326239,-0.1926430613901931,Extreme
33.51984458000004,0.3629000180799132,-0.1737356751370204,-0.3343127710416851,Low
35.87827837999998,0.4199543635702238,-0.2102029312288613,-0.3935931972347538,Moderate
34.083817880000026,0.3819739547635367,-0.182095327431553,-0.344782739186981,Low
31.728802100000053,-0.0497895369813589,-0.0270375666190042,0.0692661090823418,Low
37.836803840000016,0.188370510938451,-0.0277450919675481,-0.2079193507297012,Moderate
34.80160208000001,0.2700796706438455,-0.1105259649356709,-0.2558139534883721,Low
36.36534623,0.2142203291673672,-0.0578087364103899,-0.202093621113762,Moderate
39.07754510000001,0.2396852658066062,-0.0907749077490775,-0.2206709403390097,Moderate
35.51767727000004,0.3786840638625709,-0.185571515160058,-0.348165483193614,Low
33.19513268000003,0.0514795508182266,-0.092094276094276,-0.0197439573429915,Low
32.450004320000005,0.2199698568198945,-0.05510476749112,-0.2314304187426311,Low
31.10672246000001,-0.0194479716634364,0.0136470588235294,0.0851727148023444,Low
34.35384146000001,0.134269370774831,-0.1078829744006501,-0.117475280495927,Low
35.04940853000005,0.1640750270350897,-0.0595322947425584,-0.160246046347401,Low
32.81231444000002,0.0535390199637023,-0.0739434584031913,-0.0333778371161548,Low
35.227145570000005,0.3212863705972434,-0.1351050163289944,-0.3083221835697083,Low
39.010893710000005,0.193082804247936,-0.0485254691689008,-0.1960244648318042,Moderate
38.739161120000006,0.1945885698912333,-0.0475548515385393,-0.1907899777794805,Moderate
29.698498220000037,-0.0082068116536725,0.0208628721895888,0.0909546793706512,Low
32.984924449999994,0.3557896290283901,-0.1648651218816369,-0.3325839029608543,Low
39.12881540000001,0.2257372654155496,-0.0835590465872156,-0.2136979028404566,Moderate
34.12825214000003,0.1503875234054656,-0.1474231678486997,-0.1191403998247596,Low
29.667736040000023,-0.023069615958746,0.0284750337381916,0.0894257525929673,Low
34.972503080000024,0.2837969266679634,-0.0954720488646926,-0.2552301255230125,Low
30.76150244000001,0.0019000155738981,-0.0211428571428571,0.0480897280340919,Low
31.22635316000003,-0.0362645495525802,0.0288813559322033,0.1174368453481207,Low
39.72696890000003,0.144092439546985,-0.0203371323278509,-0.1553202998222703,Moderate
35.382665480000014,0.1372168598729204,-0.1521375921375921,-0.1148834997622444,Low
39.86539871000002,0.2015734890928597,-0.0144246897014424,-0.1965811965811965,Moderate
38.27772842000002,0.2513669618790912,-0.0773055758138301,-0.2340700235437077,Moderate
30.667506890000027,-0.0003946210120511186,-0.0251540999937737,0.0369655495116102,Low
34.89730664000001,0.2012446089919061,-0.0616841299126257,-0.1908787411413287,Low
38.95107836,0.1912193322265264,-0.0469859593372028,-0.1806347813368436,Moderate
39.50479760000002,0.1708881935014072,-0.0377463806035234,-0.1725728251015018,Moderate
30.322286870000028,-0.0462874217736934,-0.0309919244248057,0.0822731588227315,Low
33.569405870000026,0.1466940177463982,-0.1055052200708274,-0.1277034951911799,Low
31.49808575000003,-0.047549886334933,-0.0014939743036419,0.0885303359922649,Low
33.83942945000001,0.3248906461902852,-0.144851945994124,-0.2938981849385341,Low
32.60039720000003,0.2215663969436157,-0.1493366182677356,-0.1889780228962981,Low
37.166871920000006,0.2392246473879127,-0.0918115866569474,-0.2155665481527284,Moderate
32.05351400000001,0.0340298811372139,-0.064009219003719,-0.0061668771825544,Low
30.82644482000001,-0.0437409693944568,0.0075659464249199,0.098284511054685,Low
29.288335820000043,-0.0115793725595799,0.0302509907529722,0.0808238903149064,Low
38.998930640000026,0.2299983966650633,-0.0883876001986238,-0.2245989304812834,Moderate
38.37343298000002,0.3132267710140647,-0.1067073170731707,-0.2879797248370745,Moderate
31.205845039999986,-0.0377494058475653,-0.0436398513367701,0.0841903158780673,Low
39.76114910000001,0.1676341665679422,-0.0083552160420148,-0.1940636042402826,Moderate
30.141131810000047,-0.0215105491031544,0.0238250317095745,0.0991743380468824,Low
36.67809506000003,0.2495928022958194,-0.1418952441703877,-0.2258236323518222,Moderate
40.53020360000005,0.1745216985534297,-0.0323683221109478,-0.1703801294222497,High
34.39143968000002,0.2473183952360957,-0.1074733096085409,-0.2287444064227428,Low
37.82996780000002,0.2504739516190187,-0.0591220013487909,-0.2529919076022947,Moderate
41.17279136000002,0.1215405005067435,0.0536148937569896,-0.1321318958054615,High
31.197299990000037,-0.0399305084285675,-0.0508363787622188,0.0808254067259213,Low
29.589121579999983,-0.013825512497446,0.0228760375194007,0.080342966020959,Low
37.14636380000002,0.213715284675593,-0.043092262514512,-0.2097738703417686,Moderate
30.33937696999999,-0.0318844438527591,0.0246781115879828,0.1061946902654867,Low
34.28548106000005,0.1830353090678043,-0.1091396476895583,-0.1612687664275849,Low
30.45558964999998,-0.0202439742289956,0.0171582297168728,0.0878143840204616,Low
35.43222677000006,0.2975662023572631,-0.1083400068642031,-0.2848562929842178,Low
36.53453822000006,0.213442891078313,-0.0654084179573973,-0.1997997766739825,Moderate
35.314305080000054,0.2493554327808471,-0.1176276771004942,-0.2267631103074141,Low
36.66784100000001,0.1988232986860168,-0.0399455597141885,-0.1938362986543757,Moderate
35.74668460999999,0.2369747899159663,-0.0685672804065201,-0.2230992937266306,Moderate
31.328893760000028,0.0224635366762482,-0.0591673559415494,0.0097437748105377,Low
39.45352730000002,0.1833721833721833,-0.0277346649571496,-0.2037622510275055,Moderate
30.286397660000038,0.0043100971208551,-0.049924902373085,0.0395163506457818,Low
33.65314736000005,0.0545474785706334,-0.0686445936037001,-0.0131550802139037,Low
34.84945435999998,0.3372415921012033,-0.1994949058137724,-0.3022836538461538,Low
34.692225440000016,0.3786467139105723,-0.1964784665095297,-0.3377897235409103,Low
40.362720620000005,0.1554623422343732,-0.0219616416575573,-0.1649737567496129,Moderate
36.84216002000005,0.3382463420741959,-0.1333353531069167,-0.3157006190208216,Moderate
42.44087678000005,0.1571346868744638,0.0075722738281369,-0.151618641053006,Extreme
30.074480419999983,-0.0075919663192766,0.0259449939032651,0.0795378164708894,Low
30.34450400000003,-0.0257493188010899,0.02098093575658,0.1019434240683181,Low
36.67125901999998,0.2906339587037776,-0.0786073876387456,-0.2809191097025139,Moderate
38.01112286,0.269245953414923,-0.0731332821522747,-0.2434251237623762,Moderate
30.24196340000003,-0.0491024287222808,0.023385074222192,0.1193154034229828,Low
36.784053680000056,0.237410071942446,-0.0126070409134157,-0.2417866909753874,Moderate
33.81721232000001,0.3755254720342002,-0.1818668788931572,-0.3443707456346512,Low
36.44737871000001,0.1963846824704669,-0.0455750142909109,-0.191990204984399,Moderate
35.888532440000006,0.3182864355185982,-0.137876894485565,-0.2875063447175694,Moderate
34.30598917999998,0.354267759867626,-0.1995389048991354,-0.3142207628188936,Low
32.005661720000035,-0.0056792571892184,-0.0364268487487079,0.0450492049291506,Low
36.94811864000002,0.4058792490084937,-0.1973094820463012,-0.3773931025281836,Moderate
39.14761451000004,0.2569119682741591,-0.0591591922949605,-0.2468361477082946,Moderate
40.738702820000015,0.079055949826704,0.0208177325146023,-0.1007197272612483,High
34.81527416000006,0.2629891089315091,-0.1741588260347698,-0.2273104397272193,Low
30.32741390000001,-0.0328195210738865,-0.0422949613828613,0.0565912117177097,Low
41.29925810000003,0.1311092143837904,0.0544439274080967,-0.1573951015758496,High
32.45342234000003,-0.0127043688019297,-0.0564414362739474,0.0429224693410933,Low
40.28752417999999,0.2277461771441235,-0.0641567422205147,-0.2222385644947786,Moderate
36.47643188000001,0.3182041495030422,-0.1342861323837861,-0.297318406664931,Moderate
39.95597624000004,0.1705666760642796,-0.0133891213389121,-0.1613986013986014,Moderate
32.13896450000004,-0.0224618149146451,-0.0453371764847174,0.0755668843927566,Low
35.24423567000002,0.3078959310240508,-0.0814038927538497,-0.2874239237655642,Low
38.66738270000002,0.2259724062670512,-0.0554642150119115,-0.2204547218126794,Moderate
40.09611505999999,0.2707594427584189,-0.047027987828759,-0.2556089454098775,Moderate
29.70875228,-0.0146407899216887,0.0276844510146485,0.0805693226585334,Low
32.484184519999985,0.3418272218769422,-0.1910902696365768,-0.3060113421550094,Low
33.09259208000003,-0.0097228093483906,-0.0326196473551637,0.0446839498980483,Low
33.84455648000005,-0.0334686816751159,-0.0796854451273517,0.0545710928319623,Low
40.60198202000004,0.2377075608576495,-0.0720145215903934,-0.2276634019588247,High
32.23296005000003,0.0023682326375502,-0.0471505422743879,0.0313481292245462,Low
35.54331242000001,0.2770639436301292,-0.1206189657452717,-0.2585688291433027,Low
37.559944220000034,0.2258808646798377,-0.0564319610106451,-0.2351177088019193,Moderate
30.24709043000001,-0.0178706267304304,0.0041472596184521,0.0667025443238556,Low
36.19273622000003,0.3582213853785712,-0.1717480944645757,-0.3299531981279251,Moderate
33.65827439000003,-0.0004578055852281398,-0.0318535555625571,0.0189617469969745,Low
40.26530705000005,0.1521089541620083,0.0386552911443933,-0.1601506529659802,Moderate
37.45740362000004,0.1966777912621359,-0.0719527109661638,-0.1928325709749366,Moderate
35.67490619,0.2094004218137993,-0.0481786133960047,-0.2004037232252999,Moderate
30.62990867000002,-0.035669943961612,0.0281366249577274,0.1053762101920742,Low
32.190234799999985,-0.0238088669407123,-0.0490986717267552,0.0587108616424144,Low
35.11264190000003,0.2077774734947772,-0.0439605031786825,-0.2090072449579009,Low
40.87200560000002,0.1836085626911315,-0.048358553938387,-0.1686931314920686,High
37.72742720000002,0.1889233152594887,-0.0517876415466054,-0.1848392450499826,Moderate
33.73176182000003,0.1066955311581877,-0.0912001626305491,-0.0823167658030043,Low
39.13052441000002,0.1992826174017516,0.0404569517971579,-0.2312917873359791,Moderate
35.888532440000006,0.4163543441226576,-0.1948148999770062,-0.3847896332322862,Moderate
31.308385639999983,-0.045335713830262,0.0154534096139935,0.1150777232696967,Low
30.84695294000005,-0.0352339044409075,-0.0114513807093312,0.0708704015388314,Low
37.32410084000003,0.2068563432835821,-0.0471822198239519,-0.1946442999499827,Moderate
38.28798247999998,0.1378263269973972,0.057491915199425,-0.1741510163387389,Moderate
35.91587660000005,0.2575210589651023,-0.1001085633450669,-0.2390233057912482,Moderate
41.14032017,0.1602105489311419,-0.0608179782343928,-0.1451291403367403,High
37.7616074,0.2456878577656469,-0.0800328677074774,-0.2304811832990076,Moderate
36.17564612000001,0.08885473351888,0.0061424129824827,-0.082424843078956,Moderate
35.29379696000001,0.1852163798981269,-0.0505901592718998,-0.1724028485846343,Low
29.65406396000003,-0.0066279467031089,0.0157075152335815,0.0782399188435201,Low
39.05361896,0.2778998496588412,-0.1178930329803736,-0.2474599232332354,Moderate
36.90710239999999,0.1990170010474579,-0.0752167630057803,-0.1870612635609445,Moderate
29.68140812000001,-0.0203833693304535,0.023415421881308,0.089117610141835,Low
30.303487760000053,-0.0159494018974288,0.0250979056700153,0.0912899949212798,Low
29.657481980000057,-0.0119335034834793,0.0227195196834277,0.0935324642450322,Low
37.24206836000002,0.1363083164300202,-0.0214426372985194,-0.1485156634410366,Moderate
39.63126434000003,0.2778843023045476,-0.1041230346034822,-0.2635758746512127,Moderate
37.02331508000003,0.2837554681468955,-0.1640278657378087,-0.2574082742231663,Moderate
32.36968085000001,-0.0070353548846736,-0.0372414648516233,0.0526494661417768,Low
30.82815383000002,-0.0365469242533004,-0.0102100922835264,0.0722486025124722,Low
39.24673709000001,0.1703504894221661,-0.0235592606016672,-0.1676314235085646,Moderate
30.72390422000001,-0.0363611786969451,0.0224538068629803,0.1105149879908918,Low
34.76229484999999,0.3135704874835309,-0.1104569755600814,-0.2926946728902719,Low
37.87611106999998,0.1693872497666711,-0.0239159439626417,-0.1757698789643021,Moderate
32.291066390000026,0.1316105916709612,-0.0715248408235348,-0.0959216655575625,Low
45.22314505999998,0.1026374189143052,0.007223823246878,-0.1013683447717294,Extreme
35.775737779999986,0.3629153932453867,-0.2060731586244672,-0.3246352835012784,Moderate
40.02091862000003,0.2724904185625011,-0.101541177047412,-0.255869419393307,Moderate
34.70589752000001,0.358291093410572,-0.1971790535150142,-0.3205209433298134,Low
30.764920459999985,-0.035708637758168,-0.0012150668286755,0.0966518518518518,Low
38.47939159999999,0.2244402779309584,-0.0603629417382999,-0.222417969610218,Moderate
38.86904588000005,0.3158926121889084,-0.0874787443655699,-0.2993421052631579,Moderate
30.662379859999987,-0.0375658904383799,0.0198423484642565,0.1078949809815381,Low
34.86312644000003,0.3301304585579251,-0.1583781209606095,-0.2963075751808146,Low
37.53943609999999,0.2460681208755681,-0.057318057124415,-0.240430123812048,Moderate
33.86848262000001,0.0345818014705882,-0.0486477044455442,0.0173773085631666,Low
37.71375512000003,0.2753033328213792,-0.0926017303200763,-0.256250236393207,Moderate
41.91450170000002,0.1189458135738163,0.0126226246827193,-0.1386867088607594,Extreme
28.632075980000025,-0.0189800742992232,0.0237279021308059,0.0929869481046649,Low
34.67513534,0.2511043153244988,-0.0876686250697476,-0.2551321869555337,Low
42.09565676,0.089594811081155,0.0763778484366719,-0.1103324706350786,Extreme
32.65508552000006,-0.0336065573770491,-0.0398790398790398,0.0556668001601922,Low
32.47393046000002,-0.034119759737445,-0.01941049604601,0.065260382333553,Low
36.20299028,0.3296461853170694,-0.1354813664596273,-0.3014460511679644,Moderate
38.80923053000004,0.2665354399289285,-0.0875964817806498,-0.2555127695947229,Moderate
35.909040559999994,0.2684817787854962,-0.124325375601692,-0.247787610619469,Moderate
36.90539339000003,0.2650308978553253,-0.0499939657253198,-0.2500808218686016,Moderate
41.78290793000002,0.0591443121215766,0.0341700641717096,-0.0754667046680645,Extreme
40.31828636,0.0669826518792688,0.0605254211457979,-0.0886072510425581,Moderate
40.64641628000004,0.2707631463307455,-0.0943896054747863,-0.2644658213088471,High
39.21426589999999,0.2363454568178977,-0.1036483320316858,-0.2193278001479168,Moderate
37.671029869999984,0.3115289369898193,-0.1121169699797791,-0.2941751439018209,Moderate
40.72161272000005,0.1592356687898089,0.0011641443538998,-0.1626016260162601,High
42.07173062000004,0.1272204702407089,0.0116551748276224,-0.137757363310367,Extreme
37.39929728000004,0.2249078564500485,-0.0586105150214592,-0.2216375174121653,Moderate
39.909832970000025,0.1223288475006151,0.0026742914809519,-0.123030303030303,Moderate
39.06045500000005,0.2615802756746263,-0.0930498553454887,-0.2575763440027867,Moderate
40.16789348000003,0.1276958002270147,0.0263894722105557,-0.1272388362103898,Moderate
32.73369997999998,-0.0369539551357733,-0.0326623623243448,0.0760604859262615,Low
31.31522168000004,-0.0472290111632208,0.0244166384849509,0.1173122819900862,Low
32.85503969000001,-0.0199491381746256,-0.0425320869277706,0.0493106378313187,Low
32.37822590000002,0.0518945225207329,-0.1189646064447966,-0.0258620689655172,Low
34.282063040000025,0.3190782498056125,-0.1329953553322607,-0.292581561266191,Low
33.612131120000015,0.3564157655595082,-0.1504107542942494,-0.3310521222176137,Low
38.70668993000004,0.1999257678389162,-0.06848002115213,-0.1893532484732543,Moderate
31.103304439999988,-0.0395264228895603,-0.0137984899765686,0.0822531227904784,Low
31.559610109999998,-0.030897224011877,-0.0506240699687205,0.0634288962884755,Low
35.22885458000002,0.3330705275229357,-0.1468475412363188,-0.3071651966124328,Low
31.84843280000001,-0.0394284202169886,-0.020076810191401,0.0867924528301886,Low
35.66977916000002,0.2712150339362077,-0.1020338752465818,-0.2666679697425773,Moderate
36.43541564000003,0.3177744727910613,-0.1617805271651425,-0.2825118764845605,Moderate
42.29902894999998,0.205893536121673,-0.0526053767009625,-0.2026012437433641,Extreme
40.99163629999998,0.2234557358383148,-0.0386346473342395,-0.2299327514665903,High
40.87371460999998,0.167283318901047,-0.0498999876090843,-0.173217288102067,High
41.10784898000003,0.1216419684602583,-0.0090539673486846,-0.131008030684406,High
34.09407194000005,0.2531036841787561,-0.1606903235425674,-0.2216642473223743,Low
38.35463387000004,0.1040133957995617,0.0247372065210549,-0.1431522641335423,Moderate
31.602335359999984,-0.0157913003239241,-0.0382913806254767,0.0481385136080109,Low
31.896285079999984,-0.0461978965915973,-0.0453832226916113,0.0959762016596211,Low
37.36169905999998,0.2285042118843439,-0.0614733943149404,-0.2094587022301916,Moderate
31.74589220000001,-0.0525559679157189,-0.027525318099195,0.0739527264217177,Low
40.738702820000015,0.1608222490931076,-0.0114135206321334,-0.1625560085577039,High
41.14202918000001,0.1467235331632653,-0.0115859983473689,-0.154060613354193,High
37.39929728000004,0.2172649605765318,-0.0466576716139456,-0.1997632322615138,Moderate
35.58261965000003,0.2875857532186824,-0.1181184612120321,-0.2662612521025489,Moderate
32.268849260000025,-0.0521948286229705,-0.0248374512353706,0.0732051508202504,Low
29.99586596000006,-0.0157025355176398,0.0184381778741865,0.0891363150279927,Low
34.45638206000001,0.3774054951799834,-0.1841941892227464,-0.3437356908879574,Low
39.231356000000005,0.2442772530814791,-0.0609431515730567,-0.2214976035200754,Moderate
38.45546546000003,0.2780112319836625,-0.1061182868796736,-0.258002164836864,Moderate
37.81971374,0.1366598313966735,-0.0786128167430597,-0.1146661900080436,Moderate
33.73176182000003,0.2951489897004481,-0.1058673469387755,-0.26171875,Low
40.08586100000002,0.2247280445741576,-0.0907004219409282,-0.2093719589789655,Moderate
41.31634819999999,0.2090986592265364,-0.0647329807200136,-0.2008158866995074,High
35.464697960000024,0.2748153558964369,-0.0833160907648803,-0.2495127481007119,Low
36.36363721999999,0.2210112138500885,-0.0755952999896017,-0.2076117834766704,Moderate
41.00189036,0.1821649976156414,-0.047907566577427,-0.1816484607745779,High
36.43883366,0.1625704445835942,-0.0336836244693437,-0.1727595736281089,Moderate
37.19079806000002,0.1738364025053445,-0.0259621058152494,-0.1885015569226095,Moderate
30.433372520000034,-0.0177333876885446,0.0186335403726708,0.09343450178717,Low
30.447044600000027,-0.0205778003041054,0.0201805090761586,0.100512024825446,Low
38.05555712,0.2414542350521863,-0.0556600349731103,-0.2316101466569152,Moderate
35.86118828000002,0.2385487528344671,-0.0450921614898909,-0.2327715919349985,Moderate
38.40419516000003,0.1980141302272293,-0.0199304223428812,-0.2114775623696609,Moderate
33.810376280000014,0.3323311500053688,-0.1369925776596719,-0.3047775947281713,Low
29.41480256,-0.0212997618237495,0.0286370390382277,0.0914718888186986,Low
31.270787420000037,-0.0226015705018777,0.0142552165828799,0.0889185920692508,Low
36.43712464999999,0.3598375547718286,-0.1692166322076728,-0.3215621105110096,Moderate
29.70875228,-0.0114325068870523,0.0230722112570611,0.0835727510693992,Low
38.48622764000004,0.2493242471542239,-0.1034668280708833,-0.2312310058905189,Moderate
32.34575471000005,0.3618892748909749,-0.2144881682156746,-0.3322246524827823,Low
29.27295473000004,-0.01470233791275,0.0258382978723404,0.0925062632797386,Low
33.249821,0.0119247467438494,-0.0176980846480759,0.0346522351381947,Low
37.53601808000002,0.2484134179510426,-0.142006257775097,-0.2229623349884946,Moderate
32.04496895,-0.0497532765502718,-0.0131018999430352,0.0749036166697264,Low
37.62659560999998,0.2443139586740003,-0.01517517396116,-0.2511724369873507,Moderate
38.66738270000002,0.2705044125981702,-0.1105842386496337,-0.251006497389086,Moderate
40.89934976000001,0.1131563686701461,0.0811019487939714,-0.1324553724355802,High
37.33777292000002,0.182078666319354,-0.0798334324806662,-0.1686840072109194,Moderate
29.650645940000004,-0.0261375947995666,0.0262035344302254,0.1015742128935532,Low
31.069124240000008,-0.0201951748441312,0.0103360941885139,0.0866131783435466,Low
38.53407992000001,0.2032821807566373,-0.0556151583318913,-0.1976598083869954,Moderate
34.881925550000005,0.2594905044926057,-0.0790542973237094,-0.2428760441556902,Low
31.058870179999985,-0.0073232175288534,-0.0308764031271864,0.050064472725234,Low
34.887052580000045,0.0747321214610934,0.0687865215198884,-0.0999614589537857,Low
34.986175160000016,0.2960919365272651,-0.0955291090382759,-0.2822829606204352,Low
30.15651290000005,-0.0068318266510247,0.0298945097907047,0.0810586470006065,Low
39.79874732000002,0.1771970780932299,-0.0376024692177491,-0.1762227238525207,Moderate
33.54889775000004,0.3270594996497907,-0.1061179887130817,-0.3129119951671079,Low
32.825986520000015,0.0030779952378186,-0.0511197663096397,0.0392702191567471,Low
40.71135866000003,0.2289550496205487,-0.0723308883455582,-0.2269972023624495,High
41.210389580000026,0.1936507936507936,-0.0621115948290186,-0.1953919808497905,High
38.04872108000001,0.192621510833496,-0.0010813999213527,-0.1916213211631853,Moderate
31.308385639999983,-0.0372276753650945,-0.0129085070209684,0.0882502975684407,Low
30.65725283000006,-0.0276404037666824,0.0210415032568291,0.1000407561839671,Low
36.85583210000004,0.2969924812030075,-0.1324238383423941,-0.2897196261682243,Moderate
30.939239480000023,-0.0297238703788224,-0.0482618343195266,0.0542734805093699,Low
40.46526122,0.1293530335359716,0.0185431390385557,-0.1223044608921784,High
35.34164924000004,0.3223137394697837,-0.1201029862843883,-0.3029765206137918,Low
36.64562387000001,0.3151520372125075,-0.1134805566090026,-0.2995250497931668,Moderate
31.491249710000037,-0.0316308599285754,-0.0400292228547076,0.0636886818306385,Low
40.81048124000006,0.1835403484102804,-0.032736320103611,-0.1777669808570595,High
36.87634022000003,0.1341974715954552,0.0571238526007715,-0.1916739525186629,Moderate
34.7195696,0.2537472014571396,-0.1072386058981233,-0.2311361180459813,Low
39.14248748,0.2433307632999229,-0.0565073541455105,-0.2407955988150656,Moderate
39.26040917,0.0476606244661668,0.0527706749498035,-0.0631585029951653,Moderate
37.23865034000005,0.2013171340978767,-0.0425699645250295,-0.1930088329261417,Moderate
41.47870415,0.098273917946049,0.0297132128967987,-0.1002780674313521,Extreme
36.73620140000003,0.3357383190537306,-0.1299295774647887,-0.3152986986371554,Moderate
39.42960116000006,0.2764502636843062,-0.076366312948537,-0.2634913777585772,Moderate
40.63787123000003,0.1488229510093122,-0.0026755515169872,-0.1666601401887457,High
36.16710107000006,0.1860207518593033,-0.0946608525110058,-0.1655484960234593,Moderate
29.83180100000004,-0.0154618201546182,0.0177266576454668,0.08328597587927,Low
33.48908240000003,0.2515010832559579,-0.1352474358014524,-0.2278386202149841,Low
39.92692307000004,0.1863551217588484,-0.0378100527822817,-0.1840204663977172,Moderate
35.01181030999999,0.2887113280327482,-0.1403246029534689,-0.2606996399761268,Low
33.63605726000003,0.3552251426960749,-0.1502048383720582,-0.3273059801925532,Low
32.03300588000002,-0.054528156032586,-0.028660153975545,0.0746129670585496,Low
34.83749129,0.2756225716183842,-0.1054816985938099,-0.2546829828521643,Low
41.68207633999998,0.2101094805497321,-0.0406303208359763,-0.2133125729855975,Extreme
32.183398760000046,0.0340003440169715,-0.0484274170106389,0.0021027003098716,Low
38.558006060000025,0.2212183271091836,-0.0537768537768537,-0.2037205620423511,Moderate
34.81527416000006,0.2694520493592032,-0.1242532855436081,-0.2417620803415486,Low
31.66727774000003,-0.0142102652388316,-0.041301935642954,0.0435964216962971,Low
37.01647904000004,0.3315196268946754,-0.1236470974089865,-0.3071800208116545,Moderate
31.744183190000054,-0.0143768609102509,-0.0447877840567512,0.0486122516012481,Low
31.37332802000003,-0.0527086383601757,-0.0017418231081865,0.1137997945440018,Low
32.59356116000004,0.086632534090333,-0.0886744540375825,-0.0500636817870089,Low
32.31328352000003,0.3209459459459459,-0.159142972645196,-0.2942636825277412,Low
40.62078113000001,0.0819702126102389,-0.0123778055503244,-0.1011302906727743,High
35.474952020000046,0.0605902596725414,-0.0140592282381094,-0.0293522267206477,Low
36.95837270000004,0.3120106860598864,-0.1240026701420897,-0.2751072806606325,Moderate
38.75625122000002,0.2070390664447478,0.0020255121762659,-0.216250847968644,Moderate
31.270787420000037,-0.0434094207679113,0.0232401481980464,0.1129328276030833,Low
29.961685760000023,-0.0114285714285714,0.0149800040669694,0.0854625550660792,Low
32.08085816000005,-0.0029982363315696,-0.0448202569078643,0.0372956403269754,Low
33.35919764000005,0.2118399711659758,-0.1741237068401065,-0.1790645684478148,Low
29.021730260000027,0.2611918902314151,-0.0917600340377251,-0.2477004740872807,Low
38.90493508999998,0.1574381590170777,0.0519117559612297,-0.1990900031962697,Moderate
42.11616488000004,0.166964795432921,-0.0393193681784285,-0.1768182690462483,Extreme
31.11014048000004,-0.0117647058823529,-0.0557816614795307,0.0481329592056982,Low
43.05612038000004,0.1115368421052631,0.0362514602803738,-0.1145637626395896,Extreme
37.02331508000003,0.1932826586529963,-0.0024354024354024,-0.210226254078669,Moderate
40.55071171999998,0.1648576075034983,0.0041386445938954,-0.1756622642949843,High
34.40852977999998,0.1560511937729211,-0.1044427495471446,-0.1134659746251441,Low
31.058870179999985,-0.0362261146496815,0.0186461289014997,0.0957983193277311,Low
30.817899770000054,-0.040689777357822,-0.0172208654267643,0.1008773143663687,Low
38.05555712,0.2201565557729941,-0.0573770491803278,-0.2094564558496666,Moderate
32.930236130000026,0.0358960100097316,-0.0544847301236874,-0.0017477346669893,Low
40.33195844,0.0760937695875642,0.0222120970497778,-0.0838383838383838,Moderate
38.54433398000003,0.2660892937136031,-0.0691970618832949,-0.2567532515655686,Moderate
34.429037900000026,0.0933143380482344,-0.063499133877753,-0.0589394835403114,Low
30.43679054000006,-0.0396169487078578,0.0160607486056044,0.1180580652933381,Low
31.229771180000057,-0.0374010220699724,-0.0425764856152302,0.0618979859894921,Low
35.23910864000004,0.0893357466960898,-0.0529166466951061,-0.0626708269840118,Low
37.97352464000005,0.3030887271296478,-0.1577291477312452,-0.2692779395983443,Moderate
31.28104148,-0.0418610851886415,0.0274037485621489,0.1267314702308627,Low
32.14238252000001,0.050584074590076,-0.0758635827365764,-0.0179646936656282,Low
35.41684568000005,0.2532374642373136,-0.1060316616555092,-0.2292439767377457,Low
41.12323006999998,0.1423466124967084,0.0221227539125394,-0.157764306683442,High
32.06035004,0.0155687916494662,-0.0487500380621783,0.012132511114298,Low
38.88955400000003,0.1603119421215822,0.0002914319020788809,-0.1689004997728305,Moderate
39.14077846999999,0.1229056824838898,0.0617106680155337,-0.1353880782672221,Moderate
31.80058052000004,-0.0477828958321771,-0.0420259929551803,0.0981340341655716,Low
34.38631265000004,0.3314759251321617,-0.1010811130147102,-0.3119808531606363,Low
30.74612135000001,-0.0044155680312874,-0.0118604949352481,0.0550799257618391,Low
39.11856134000004,0.2508172478206725,-0.1345417321166981,-0.2316446965052115,Moderate
30.732449270000014,-0.0319091400757166,0.0201176953606131,0.1055590256089943,Low
29.70533426000003,-0.009567387687188,0.0241803278688524,0.0898318042813455,Low
42.11958290000001,0.2139104698483167,-0.0351115177134925,-0.225608845062005,Extreme
40.12687724,0.1790966173789751,-0.0327502395060852,-0.1793832813323068,Moderate
30.90505928000005,-0.029827404816742,-0.0324376664245945,0.0794053368588619,Low
34.51790642000003,0.2499238501370697,-0.0669873565833523,-0.2412280701754386,Low
37.61121452000003,0.3165321837809955,-0.1536499531850321,-0.2878716885925392,Moderate
38.92715222000004,0.1748462698688943,-0.0530731098554442,-0.1756646929060722,Moderate
31.06057919,-0.0419974180789408,-0.0450337078651685,0.0858625570058185,Low
42.62544986,0.1028569260537997,0.0500653594771241,-0.1046171385141554,Extreme
37.21301519000002,0.225606927477965,-0.1244603879126892,-0.1935463052597612,Moderate
36.3943994,0.2872989674893486,-0.1005086136177194,-0.2763738773024813,Moderate
30.877715120000005,-0.0191717558411569,-0.0258023514458214,0.0571019657096124,Low
38.27089238000002,0.3127203290246768,-0.1671672978973488,-0.2831299353912419,Moderate
37.49500183999999,0.2250069952432346,-0.0585472004421263,-0.2163524508831117,Moderate
40.37981072000002,0.1399381738671492,0.0528425998433829,-0.1723335788779901,Moderate
30.848661950000007,-0.0227785758259798,-0.0348959950325985,0.053549119818285,Low
30.860625020000043,-0.0228435455086258,-0.0311038573804965,0.0552440111580824,Low
30.300069740000023,-0.0221636597067369,0.0273558273961553,0.0986327820860195,Low
35.741557580000006,0.22862222562083,-0.106771371495488,-0.217150865497519,Moderate
39.10147124000002,0.3121982391366089,-0.0738212137939048,-0.2990089266886905,Moderate
35.44077182000001,0.4536397530713281,-0.2566642889223534,-0.4115377767226542,Low
36.81823387999998,0.2137888390786829,-0.0577220987404863,-0.2035561005518087,Moderate
39.65177246000002,0.2334461092315128,-0.1033657044033524,-0.2119972235414459,Moderate
33.971023220000006,0.2753474009264025,-0.1010362283193424,-0.2625143293847917,Low
37.891492159999984,0.2392062537582681,-0.0753870238302313,-0.2331750907567718,Moderate
32.82256849999999,-0.0324439578170921,-0.0208548671490241,0.0698060941828254,Low
36.10728572000005,0.3303666514529134,-0.1531905774524833,-0.3161994355597366,Moderate
39.658608500000014,0.1636470390874014,-0.0375439383740931,-0.1672205628707248,Moderate
36.66784100000001,0.2711137626309706,-0.1301176860600033,-0.2513306170392394,Moderate
40.08415199000001,0.0919304014248527,0.0206610844875103,-0.094221943278547,Moderate
29.59253960000001,-0.0297735062840244,0.0236710401731367,0.1044665012406947,Low
29.82154694000002,-0.0120416354854071,0.0185185185185185,0.0599430346970481,Low
35.53989439999998,0.158020788427456,-0.1251978032207018,-0.1173452881637935,Low
34.31966126000003,0.3068117610128701,-0.2306085448525934,-0.269356641935156,Low
36.81652487000002,0.2331465444048225,0.0443619136741139,-0.238028489165025,Moderate
39.983320400000025,0.2561587420441782,-0.1074729337206231,-0.2441412043903886,Moderate
39.80900138000004,0.1711936573190427,-0.0410780123331919,-0.1862592014276154,Moderate
36.47643188000001,0.2581743605618543,-0.1033815769380864,-0.2393512606963846,Moderate
36.67125901999998,0.3307281881716389,-0.1742705570291777,-0.3015324684870089,Moderate
31.36307396000001,-0.0388502133393218,-0.041837821390537,0.0620462950280783,Low
36.71227526000001,0.2454032941523269,-0.0933764658309745,-0.23093451817321,Moderate
34.86312644000003,0.2798774650583955,-0.1140219311402193,-0.2529614634877792,Low
35.95176580999998,0.1190123988058416,-0.051267150112439,-0.0876816898462825,Moderate
34.45296403999998,0.1524010398783538,-0.0981583621576142,-0.1162105663245914,Low
33.150698420000026,0.0872761359711875,-0.0616118310130545,-0.0587557050204179,Low
38.45546546000003,0.1933744074010095,-0.0477394132416628,-0.1866554698831972,Moderate
37.534309070000006,0.1116781390932827,0.0090452261306532,-0.1401850198815223,Moderate
37.92567236000002,0.2528210313447927,-0.0915882580963456,-0.2320420014318669,Moderate
29.82496495999999,-0.0069353841928174,0.0207867831268196,0.065097937811106,Low
41.08734086000004,0.1473530317020621,-0.0176767676767676,-0.1555331680099194,High
38.23842119000005,0.1410615528262587,0.0993764172335601,-0.1967833669183977,Moderate
33.046448810000015,0.1010856453558504,-0.0798107255520504,-0.0696875,Low
42.04096844000003,0.0720506730007917,0.057693646043566,-0.0855012626768749,Extreme
31.28787752000005,-0.0482813431353069,0.0285946055566822,0.1222283305845702,Low
32.373098870000035,0.0427176675137087,-0.0772972226060522,-0.0115473441108545,Low
37.83338581999999,0.1940322387104515,-0.0724241988791493,-0.1843681809164848,Moderate
33.32330843,0.0493394692858941,-0.0194630424627977,-0.0367823372392887,Low
38.98354955000002,0.2127505608220566,0.0008942410873971623,-0.231102622493205,Moderate
38.73574310000004,0.3302722204001312,-0.0901923306653924,-0.3121023687142806,Moderate
30.922149380000008,-0.0306701523943123,0.0095126400833984,0.0629353387166368,Low
32.93536316000001,0.0429986613119143,-0.0871239604844561,-0.0147962905074502,Low
32.35429976,-0.0489180255007083,-0.0501809704926078,0.0825093121097623,Low
36.76696358000004,0.3394079089533962,-0.1596869250678225,-0.3188878643875452,Moderate
41.08734086000004,0.0950789361399516,0.1185460789925586,-0.1161526474105751,High
36.55162832000002,0.2042400598967569,-0.0089804543053354,-0.2030548775686954,Moderate
32.49956560999999,0.0123393021120293,-0.0607372662216609,0.0206540447504302,Low
41.11810304000005,0.1244722439405785,0.0185949708280732,-0.1373665480427046,High
31.24686128000002,-0.0551914241960183,0.0009068532193289286,0.1087999075518576,Low
39.07070906000001,0.1685850281263522,-0.0021708878374617,-0.1657350052878078,Moderate
41.15911928000003,0.1396594935614899,-0.0187731767614338,-0.1455998610025193,High
38.46401050999998,0.1520166657022163,0.0046663555762949,-0.1727374477192844,Moderate
32.268849260000025,0.1101107682970006,-0.0700599678221442,-0.0756187209017397,Low
31.27762346000003,-0.0564357732093754,0.0250963945072042,0.1237307715692831,Low
39.20742986000005,0.3209499514964251,-0.0934126394052044,-0.3041519606973733,Moderate
30.21120122000002,-0.0301334771470945,0.0202928157984337,0.1078935945929187,Low
37.35486302000004,0.2191329458368812,0.009504902845455,-0.2296949101908211,Moderate
38.97500450000001,0.1228157144627587,-0.0040635389730328,-0.1265854265108182,Moderate
41.935009820000005,0.1284894465518918,-0.0071879991666087,-0.1298081604830071,Extreme
31.01785394000001,-0.0225438672065707,-0.0430252512870801,0.052080432239737,Low
33.85481054000002,0.3487025520051469,-0.1562078686113494,-0.3210797185169625,Low
29.76002258000005,-0.0250186453318869,0.0226994698926192,0.1072204631526665,Low
40.588309940000045,0.1482892631258096,-0.0033625195592103,-0.1713630533639084,High
39.932050100000026,0.1654411764705882,0.0048345576693664,-0.1796007219007572,Moderate
30.411155389999976,-0.0226847600584974,0.0215200217924271,0.0953850028332179,Low
39.49454354,0.1793359049996218,-0.0356692128860843,-0.1796928198532193,Moderate
32.09623925000005,0.0310691353047885,-0.0563143455559161,0.0111565226996575,Low
30.78542858000003,-0.0286181520850367,0.0003883495145631068,0.0578905630452022,Low
30.515404999999987,-0.0090014944566086,0.0206086418904994,0.0734687246141348,Low
38.81093954000005,0.1692730237747833,0.0218137430889638,-0.2049744378991314,Moderate
36.77038160000001,0.2511455904815499,-0.0887785084650902,-0.2368274656282285,Moderate
38.60244032000003,0.2691458715253096,-0.1068946389532417,-0.2484542911820992,Moderate
36.33971108000003,0.240735657425199,-0.0730516177168826,-0.2124463519313304,Moderate
36.018417200000044,0.1834214455789176,-0.0562449347140927,-0.1815379656304772,Moderate
30.628199660000007,-0.0198872068863164,-0.029751138277303,0.0795562245637509,Low
30.51027797000006,-0.0327030482470897,0.0200422660031358,0.1101550651521248,Low
39.21084788000002,0.210980096217338,-0.1040627472565275,-0.1974479516453996,Moderate
36.77379961999998,0.3590782565801064,-0.1703380059469628,-0.3331489994124356,Moderate
39.72013286000004,0.1426348144113298,0.0946420864418274,-0.1269810813922253,Moderate
35.37241142000005,0.3220871832227888,-0.1481271849508906,-0.2929398972666941,Low
36.61657070000001,0.2691888895488111,-0.1403465082357963,-0.2386822529224229,Moderate
37.31726480000003,0.243477252522129,-0.0950743779146951,-0.219253363653591,Moderate
36.462759800000015,0.1506174576927136,0.0906209159413842,-0.2010723860589812,Moderate
33.425849029999995,0.2345703552048341,-0.0661562757484207,-0.2179386618558318,Low
31.39383614000002,-0.0515678988200013,0.0051289065171305,0.1066625729198649,Low
36.985716860000025,0.1671020803096274,-0.0973435225618631,-0.1433175355450237,Moderate
39.25186412000005,0.1325477448191792,0.0135202095278544,-0.1510220937435474,Moderate
37.590706400000045,0.2597448203207304,-0.1148673146981128,-0.2329959900706511,Moderate
35.89878650000003,0.2330040674026728,-0.1007102386082515,-0.2165821389195149,Moderate
37.31042876000004,0.3013614531797335,-0.1171875,-0.2851182197496523,Moderate
34.820401189999984,0.3643365684007356,-0.193748307231507,-0.3323375653472741,Low
42.047804480000025,0.2082649482576922,-0.0085369019121506,-0.2305662103670338,Extreme
35.28012488000002,0.310235086855216,-0.1106186874769176,-0.2882233521446797,Low
33.786450140000056,0.0352766431489045,-0.0853075297519742,-0.0135549207997922,Low
30.518823020000013,-0.0363660320179194,0.0275570920453412,0.0713310688549569,Low
39.21426589999999,0.0231523128639742,-0.021894358537854,-0.0199410029498525,Moderate
36.74303744000002,0.229174723489829,-0.0676161365086829,-0.2256671294153941,Moderate
33.027649699999984,0.3370907139023081,-0.1706612957368244,-0.3106091923785185,Low
40.49602340000001,0.1569997205700371,-0.0131431767337807,-0.1660296898258036,High
31.57157318000003,-0.0493069181593771,0.0102793885081707,0.1214833011639468,Low
40.94378402000001,0.1514106394497804,0.0424400086714359,-0.1395062708366407,High
36.355092170000034,0.2628276768033253,-0.1251681428296909,-0.240834569518562,Moderate
32.28252134000002,-0.0156958920907418,-0.030159137577002,0.0489899887447426,Low
37.30188371000003,0.2067928084674496,-0.055279089670037,-0.20428279466821,Moderate
36.36705524000001,0.3301924988037837,-0.1359421656451359,-0.2990654205607476,Moderate
38.04530306000004,0.2584446752874592,-0.0601726115034099,-0.2538187009279086,Moderate
36.69347615000004,0.2905327783950733,-0.1259612224778179,-0.2653679253993167,Moderate
32.726863940000044,-0.0416812609457092,-0.0381331815594763,0.0673787069651176,Low
38.328998720000016,0.3096957590657652,-0.1219191154694132,-0.2774551313275132,Moderate
40.04313575000003,0.1343272097720496,0.0253223140495867,-0.1510443099746242,Moderate
37.56336224000006,0.2187281621243885,-0.0326715430163706,-0.2203334019345544,Moderate
44.12937866000004,0.1460342766042248,-0.0142325532177563,-0.1517263478330529,Extreme
39.52017869000002,0.1657611116059499,-0.0223242880129977,-0.1889966931937934,Moderate
33.47541032000004,0.3712820147472661,-0.2173033139387806,-0.3412305762664622,Low
38.81435756000002,0.1121178799208269,0.0193538378001008,-0.1113357654608588,Moderate
30.623072630000024,-0.0120850842046972,0.0052805930007543,0.0625618199802176,Low
36.30211286000002,0.2865102214121497,-0.1633578064129457,-0.2627106584537822,Moderate
38.68618181,0.2208829261831324,-0.0605388168384371,-0.2127363632946129,Moderate
40.50285944000001,0.1536964207682834,-0.0058183833206344,-0.1593612774451097,High
40.21574576,0.1768424421861246,-0.018631389389112,-0.1742115768463074,Moderate
38.56142408000005,0.1898456475750215,-0.0185452228444951,-0.2019946176982745,Moderate
43.13131682000005,0.1588729215757857,0.0774149228492919,-0.2199280299060196,Extreme
37.90858226,0.1902453688047195,0.0161816318290523,-0.2131750287246265,Moderate
31.83476072000002,0.0004664995043442766,-0.0484920707672563,0.0315260647455618,Low
40.444753100000014,0.16268797172982,-0.0124084417539048,-0.1749864140982843,High
38.44179338000004,0.2460518841128574,-0.095893148586084,-0.2410697446343027,Moderate
35.06649863000001,0.2271520981920716,-0.107000579796884,-0.1982346748724593,Low
34.08039986000006,0.2322079937912301,-0.0685825817741284,-0.2196658344536201,Low
39.54581384000005,0.2208149990434283,-0.0532118571334257,-0.2227331953705832,Moderate
35.41000964,0.2303304945698882,-0.0519389425164501,-0.2204611509397403,Low
30.30519677000001,-0.023671251485821,0.0213113637911077,0.0966282248688055,Low
35.78428283000005,0.2086276440623402,-0.0355827424510392,-0.2153711391248048,Moderate
38.32728971000006,0.2319099221754089,-0.0727526154733486,-0.2286322433850783,Moderate
34.683680390000006,-0.0098057257025684,-0.0430327868852459,0.0303264339408917,Low
38.16835178000002,0.1775421830670449,0.0604354689780478,-0.2160838891244843,Moderate
37.56336224000006,0.197572853057123,-0.0806682244620374,-0.1741568776051534,Moderate
30.359885090000034,-0.0287103965412416,0.0216718266253869,0.108175164371666,Low
39.48087146,0.1681332309691135,0.0082727500626723,-0.1873224218656208,Moderate
35.63901698000001,0.219819286031699,-0.0455815134586084,-0.2243987659368843,Moderate
30.33595895000002,-0.0301021084736772,0.0239540935477413,0.1051842789417342,Low
31.034944040000028,-0.0024958402662229,-0.0346400394477317,0.0532163907611607,Low
37.11560162000001,0.2546772014574037,-0.1181728629282352,-0.2285737192335444,Moderate
33.04815782000003,-0.0356814902269447,0.0012228260869565,0.0720777581418833,Low
31.621134470000012,-0.0069664687864248,-0.0710443223014852,0.0375430207813362,Low
37.08483944,0.2032335192986451,-0.1808085096873673,-0.1748488082532906,Moderate
37.40613331999998,0.2287082800603019,-0.0940478820111124,-0.2160840085368387,Moderate
35.43906281,0.2674999047365011,-0.0975895464519641,-0.2461552870656551,Low
37.52747303000001,0.1754705100398796,-0.0152581804997431,-0.1972493408394498,Moderate
35.594582720000005,0.2818997972777295,-0.143142453772253,-0.2517391550251682,Moderate
34.825528220000024,0.2868485418626528,-0.1144132694626389,-0.2684247616928155,Low
44.889888110000015,0.0646434127753601,0.0120517219734694,-0.0584622281999551,Extreme
39.12197936000001,0.2088490480694107,-0.0157205541927236,-0.208898758121556,Moderate
35.64756203000002,0.2322109150917449,-0.0901727674070984,-0.2085862381255178,Moderate
42.24263162,0.1415255553829423,0.0017321604456067,-0.1478111453899324,Extreme
37.12243766000006,0.0834320163634406,-0.065932320076259,-0.0545397390894326,Moderate
32.14921856000001,-0.0197721899849559,-0.0582366589327146,0.0493955814922884,Low
37.621468580000055,0.1471620041378069,-0.1180957390846922,-0.1164317604832355,Moderate
35.93296670000001,0.2641607621792562,-0.0727630953189754,-0.258267591043111,Moderate
32.49443858000001,-0.0478639471684881,-0.0338875491813681,0.064860521180117,Low
32.25005014999999,0.3554700758004299,-0.1906583850931677,-0.3178968210317897,Low
34.43587394000002,0.2932604735883424,-0.1301429115194297,-0.2747853239656518,Low
39.86027167999998,0.2554953806944887,-0.0938107132944768,-0.2395517987025752,Moderate
41.62738802000001,0.1401944894651539,-0.0154079312957817,-0.1462321792260692,Extreme
35.38608350000004,0.2712417676815882,-0.1390209694523312,-0.2441662774404484,Low
36.59948059999999,0.2148862965451251,-0.0628172475822394,-0.2042702615434291,Moderate
42.26997577999998,0.0930901007933162,0.039307487621678,-0.1137490725916669,Extreme
33.31989041000003,0.0137547556335967,-0.037125748502994,0.014050249695966,Low
30.667506890000027,-0.0202816562349542,-0.0185515407476927,0.0768925432378792,Low
34.51107037999998,0.1200707164956047,-0.0812553332701242,-0.0938564097645196,Low
31.058870179999985,-0.0417413232463998,0.0239945927678269,0.1197268958790538,Low
35.48520608000001,0.2752932201773624,-0.0901177007596752,-0.2635099387801375,Low
38.8041035,0.1373231357552581,-0.0119772704072952,-0.1423029651252112,Moderate
40.755792919999976,0.2490052673462427,-0.10485384821668,-0.23113700881518,High
43.35007010000004,0.1512335789810958,-0.0067598332807957,-0.1519717858287912,Extreme
40.55071171999998,0.1901038627611156,-0.0420654654450083,-0.1886704483642862,High
29.21313938000003,-0.0219046977151715,0.0231556273559504,0.0888428454825139,Low
39.79874732000002,0.1953511789880003,-0.0686020779415625,-0.1787339677285891,Moderate
37.387334210000006,0.1401812548051161,-0.0711549825997504,-0.1232499426210695,Moderate
41.85639536000002,0.0953184785055143,0.0797667822250236,-0.1383847638355523,Extreme
40.08586100000002,0.103461450294185,-0.0130480533146264,-0.1270584562553656,Moderate
38.393941100000006,0.3155959825658518,-0.1658102434928631,-0.2975478468899521,Moderate
31.482704660000024,-0.0561981393009806,-0.0034754711936906,0.0976078855631686,Low
37.447149560000014,0.2487786960514233,-0.1008289081725165,-0.2356169362166091,Moderate
30.322286870000028,-0.0228686124181501,0.0183140495867768,0.0887163592843772,Low
34.80160208000001,0.1979738286196707,0.0053210132228771,-0.2156542056074766,Low
38.97842251999998,0.2153208292201382,0.0022368463707978,-0.2309230523116301,Moderate
35.27157983000001,0.3007281601555525,-0.1503825366743875,-0.2783074973189041,Low
30.63332668999999,-0.0223870440936309,0.021521487434448,0.1009668032915115,Low
31.60917140000004,0.0023720162137817,-0.039417149262096,0.0366758043572356,Low
29.66431802,-0.011295590636908,0.0166486193827828,0.0809032829400974,Low
31.36478297000002,0.0661922089041096,-0.074993256002158,-0.0338297099569345,Low
33.54377072,0.2242869296556665,-0.1730736227904582,-0.1972675920655077,Low
38.37856001,0.2136933871996598,-0.0513026588975956,-0.2266875061053042,Moderate
29.57544949999999,-0.0204136995591726,0.0274710476703474,0.0897403579531131,Low
37.19421608000005,0.1975372775372775,-0.0440310649646912,-0.1934500412248576,Moderate
32.99346950000006,0.2917081260364842,-0.1451464696585437,-0.2588791466321871,Low
33.75226994000002,0.301714372026282,-0.1240380853006391,-0.290844411158959,Low
35.17416625999999,0.3235239197819023,-0.1039466716506245,-0.3025580711555425,Low
35.835553129999994,0.2395625297194484,-0.0062378408424173,-0.234116689075312,Moderate
39.25015511000004,0.1513171253991988,-0.0101226049916589,-0.1954534128155488,Moderate
35.40317360000006,0.1995254103223254,-0.0126540015358418,-0.2076929202835072,Low
45.05566208000005,0.1810810264291347,0.0081679091171526,-0.1740301507537688,Extreme
31.62284348000003,-0.0216447897133672,-0.0603298107072349,0.0464478734236704,Low
36.756709520000015,0.2306896414501174,-0.0919041062034389,-0.2154057771664374,Moderate
35.94663878000006,0.3246375731375545,-0.162974838857442,-0.3077743846351963,Moderate
30.54616718,-0.0397120722259501,-0.0118267129451086,0.1014840182648401,Low
37.11560162000001,0.1578802747791952,-0.0341841385597082,-0.1619854244632657,Moderate
39.15615955999999,0.201360544217687,-0.0372443338861249,-0.1990574327022925,Moderate
31.99540766000001,-0.0504642202993747,-0.0087901764745353,0.0728337958680234,Low
30.361594100000048,-0.0506912442396313,0.0216432593798765,0.1229243963262575,Low
36.76354556000001,0.2598812360528008,-0.0879576705751706,-0.2474253829157772,Moderate
40.246507940000015,0.1222180591982015,0.0216240935519696,-0.1418985894014487,Moderate
31.045198099999997,-0.0115745496883775,0.0108293351610692,0.0733273404391935,Low
31.46219654000004,-0.0178316247281764,-0.0197393884660043,0.0580945003872966,Low
36.021835220000014,0.295271400334499,-0.0819151638303276,-0.2788411018539368,Moderate
35.25107171000002,0.1484101275864348,-0.0364536722152616,-0.1353753649078471,Low
39.66373553000005,0.1715694545999962,0.0084417645192002,-0.1897717103634736,Moderate
31.24344326000005,-0.0346841913106973,-0.010703363914373,0.0877515813686026,Low
32.916564050000034,0.1371053691116216,-0.1066752719896736,-0.1092320487940116,Low
40.73186678000002,0.1157044059367472,0.0284534966336231,-0.1443828956282628,High
34.05476471000003,0.2837589545614071,-0.0881411097695417,-0.2638767504725514,Low
29.448982760000035,-0.0206164523372116,0.0288104716280952,0.0913452433558487,Low
38.359760900000026,0.1767899061032863,-0.0374777687954729,-0.1860998151571164,Moderate
35.62705391000003,0.1975527541258305,-0.056429295794015,-0.1937150403977625,Moderate
32.10136627999998,-0.0196550780180673,-0.0260142104056841,0.0349250835399374,Low
36.196154240000055,0.351880276285495,-0.1569095739917007,-0.3282947729220223,Moderate
29.585703560000013,-0.0188730667030047,0.0249847653869591,0.0892416671937259,Low
39.491125520000026,0.274247747059722,-0.0307654290480014,-0.2609106366899679,Moderate
38.52382585999999,0.358964545422915,-0.1423474013629317,-0.3228789161727349,Moderate
42.17427122000004,0.1048558183389644,0.0079195696269512,-0.1155051366467018,Extreme
35.762065699999994,0.2619175147295126,-0.0894797687861271,-0.2475981541720251,Moderate
38.88955400000003,0.1883403005310134,-0.0272487547612071,-0.1891464104013566,Moderate
30.464134700000045,-0.0226678579701512,0.0153692282047007,0.0925180519280995,Low
37.40613331999998,0.2473452669902912,-0.0525810477805869,-0.2356764473832513,Moderate
35.10580586000003,0.3281532061847578,-0.1520381244149434,-0.3021931512120046,Low
37.04211419000001,0.2273623316568102,-0.0663636072606204,-0.2333154377325656,Moderate
36.42857960000004,0.3138598208236091,-0.100274248967626,-0.2869257429393113,Moderate
33.92317093999998,0.2925107779176681,-0.0718172614527967,-0.2733218071111779,Low
42.51607322000001,0.1547637490317583,-0.00033550291887539423,-0.1596592897981408,Extreme
40.571219840000026,0.1201176551063684,0.0307783367860313,-0.1992822616083199,High
42.22554151999998,0.1489247311827957,0.0219999346212938,-0.1583104262650509,Extreme
31.02298097000005,-0.0153158522050059,-0.0344331058661491,0.0531503395318185,Low
34.04621966000002,0.0293019096217581,-0.0567647853092087,-0.0542025862068965,Low
36.84899605999999,0.2895970695970696,-0.0547982143392156,-0.2871924244086139,Moderate
29.81129288,-0.0165972269653712,0.0232684349772742,0.0905760485093481,Low
38.24183921000002,0.1600675909213103,0.0147749510763209,-0.1559611962573905,Moderate
32.121874400000024,-0.0150033715441672,-0.0476019722097714,0.0409782251887515,Low
37.29333866000002,0.3159480519480519,-0.125,-0.3032651941281383,Moderate
39.07070906000001,0.2071800033551417,-0.0245604043568021,-0.2000833854492391,Moderate
34.06501877000005,0.2872447948251465,-0.0934065934065934,-0.2762220562246069,Low
33.48566438,0.3227817745803357,-0.118986314623223,-0.2957481794691097,Low
35.01351932,0.2633403678022309,-0.0234460862132128,-0.2584556477345245,Low
32.34746372000001,-0.0019919185020772,-0.0410210745028198,0.0320158975491278,Low
30.18043904000001,-0.0204613095238095,-0.0033024260129556,0.068788682581786,Low
35.73130351999998,0.2450885792581728,-0.0443354537949788,-0.242068381333744,Moderate
29.548105340000006,-0.0155107618722241,0.0268152651131374,0.0900593659214348,Low
40.26701606000006,0.1641415135177679,-0.0227846350655187,-0.1564503518373729,Moderate
34.64437315999999,0.4194452994083649,-0.2121017434220132,-0.3872789865971456,Low
30.623072630000024,-0.0163663870169165,0.0227171796536057,0.0927887359675271,Low
40.08927902000005,0.1907492207642282,-0.0121679968598717,-0.1957185362649252,Moderate
38.64858359000005,0.1511034992799034,-0.0261989034631133,-0.1587939107776101,Moderate
30.294942709999987,-0.0168834763354553,0.0280476125324941,0.0964131264309336,Low
40.64128925,0.1598291098495932,-0.0119313056354569,-0.1537521103801595,High
40.35246656000004,0.103598615916955,0.1656900701056817,-0.1164630517730248,Moderate
40.540457660000015,0.2554222610630015,-0.094131902371473,-0.2390324224722625,High
35.56552955000001,0.2406822255483489,-0.071990803570003,-0.2261811275270741,Moderate
36.11070374000002,0.2505480182475265,-0.1179689982698351,-0.2387808599710474,Moderate
31.046907110000006,-0.0198671551544395,-0.0134902057410373,0.0566481279743134,Low
30.19411112,-0.0250050823338076,0.0197574601444338,0.1058911260253542,Low
39.42960116000006,0.1799140899570449,0.0157978116995602,-0.2053964857562514,Moderate
31.54422901999999,-0.0419821059876118,0.0027354435326299,0.1211112386637584,Low
36.35338316000002,0.2347041903133017,-0.0881808838643371,-0.221551359458524,Moderate
37.05407725999999,0.2145297875501411,-0.0699561547019174,-0.2099012099012099,Moderate
41.98628012000006,0.1445558682468588,0.0038636677245756,-0.144964314036479,Extreme
36.07310552000001,0.3926086172705967,-0.233717698917175,-0.3519549161678743,Moderate
39.36978581000005,0.1209436088764525,0.0031106349151487,-0.1381950199281796,Moderate
41.206971560000056,0.1296169630642955,0.0171690421638349,-0.1489894597697151,High
34.502525330000026,0.3064719118263987,-0.2096398305084745,-0.2682845560059976,Low
39.89445188000002,0.0868875820404231,0.0178289652670717,-0.0987075699474506,Moderate
35.611672820000024,0.2181825438001357,-0.0552808988764044,-0.19697266773852,Moderate
32.17656271999999,-0.0258027522935779,-0.0378107629344572,0.0481259454311165,Low
67.93246994000003,0.3033982252184082,-0.1328171708716967,-0.2763556753115527,Extreme
32.415824120000025,0.0252128003447904,-0.0613496932515337,0.0055392976588628,Low
34.441000970000005,0.3424606639297059,-0.15671868747499,-0.3116616752881386,Low
35.19809240000001,0.2614182457511232,-0.0858276720252909,-0.2501839303000968,Low
38.29481852000004,0.1943883191643475,-0.0388619935008952,-0.1977673280574989,Moderate
41.17791839000006,0.1707861407130502,0.0035298773248911,-0.1844883060191544,High
31.11697651999998,-0.0226822157434402,-0.0413469603305271,0.0578150032322437,Low
33.948806090000005,0.3360383910108852,-0.1709151835325092,-0.3058267236119585,Low
30.337667960000037,-0.0232778134396432,0.0290512174643157,0.0994611095536242,Low
37.04211419000001,0.2352861849076232,-0.0305202423619035,-0.2428524355023163,Moderate
36.98913488000005,0.2123069379749938,-0.0656179291024674,-0.2074719192576916,Moderate
39.15615955999999,0.2534786864479972,-0.0734890448560956,-0.2445215137772018,Moderate
31.229771180000057,-0.0383215302137798,0.0247667628699912,0.0975715794050059,Low
38.04701207000005,0.1707307402561357,-0.0084357923497267,-0.17263701350278,Moderate
39.267245210000056,0.213166329118902,-0.0676056825457251,-0.2026900584795321,Moderate
34.92806882000002,0.0141756892510324,-0.0331457160725453,0.0102935569958063,Low
38.696435870000016,0.2355620403415028,-0.0303359147634785,-0.2342478974217565,Moderate
30.667506890000027,-0.0131910575758567,0.0108274821182492,0.0555433727013564,Low
32.743954040000006,0.0153575163758463,-0.0641206841847183,0.0168425540987101,Low
30.50515094000002,-0.0286077558804831,0.0278921814833417,0.1053312788906009,Low
32.84307662000003,-0.025922421948912,0.0023900264840772,0.0518754988028731,Low
37.51380095000002,0.1429567515000275,-0.0128455284552845,-0.1708646616541353,Moderate
41.57611772000001,0.179918704984668,0.0255594817432273,-0.2008999854841051,Extreme
29.99928398000003,-0.019941850521635,0.0217153783119366,0.0930041152263374,Low
40.43791706000002,0.1995578088666946,-0.0390279336987386,-0.2003356728715288,High
39.084381140000005,0.2145534395941392,-0.0846265679413057,-0.1990282190244814,Moderate
29.61304772000005,-0.0074186014562439,0.0186090736212985,0.0917090954805456,Low
32.02446083000001,0.0971022388253301,-0.0894991755976916,-0.0677135932134922,Low
42.45113084000002,0.1976672805402087,0.0251093066833229,-0.2036244457297089,Extreme
39.94230416000005,0.1318941352069605,0.0085459183673469,-0.1540774284547715,Moderate
31.944137360000013,-0.0442135514535205,-0.0452704744635841,0.0942230136699313,Low
29.883071299999983,-0.0272030391425276,0.031081081081081,0.0934378556075357,Low
33.762523999999985,0.0556209220237458,-0.0852806950019244,-0.0219000776598498,Low
31.55790109999998,-0.0018697756269247,-0.0663298278597027,0.0390724269377382,Low
32.93536316000001,0.1469775156653151,-0.0841862288227864,-0.1350538026627758,Low
35.69370530000003,0.1685273354129043,-0.0614618869190761,-0.1554383116883116,Moderate
42.61690481000005,0.1286934654783477,-0.0047900446083192,-0.1382699013556604,Extreme
37.047241220000046,0.3100199600798403,-0.1468111130525947,-0.2735669654985058,Moderate
34.06672778000001,0.2625565724630393,-0.086872954580873,-0.2462127980622233,Low
35.83726214000001,0.3250772847596305,-0.1254323627444814,-0.3083896910985195,Moderate
36.76696358000004,0.2455469263166029,-0.0753936482519348,-0.2247255043501386,Moderate
42.38277044000006,0.1732745689894631,0.0072391099968661,-0.1861018027968624,Extreme
30.894805220000023,-0.0015519917227108,-0.0524721279689772,0.0451322082348414,Low
42.69039224000005,0.1850013785497656,-0.0245181502417762,-0.18584210318868,Extreme
31.70487595999998,-0.0165353890844086,-0.0586926453785555,0.0466520455960793,Low
40.88738669000003,0.1397761874284827,0.0176846187276435,-0.1677694982613015,High
36.72252932000004,0.304316193455683,-0.1123002947107181,-0.2854249197841791,Moderate
31.45877852000001,-0.041317957166392,0.0242790073775989,0.1224514416696827,Low
38.66738270000002,0.1552264312161777,0.0026346295710823,-0.1566854069909557,Moderate
29.77027664000002,-0.0102525287277231,0.0247474405044409,0.0772980948104432,Low
41.57611772000001,0.1145529889631969,0.0525930317720503,-0.1365157727386829,Extreme
34.29231709999999,0.3376363567734873,-0.146378546242681,-0.3074822904368359,Low
43.16891504,0.121075570658196,0.054219120029914,-0.1478274023371024,Extreme
41.36420048000002,0.1434280005708577,0.0274928688474843,-0.1763324034649831,Extreme
33.936843020000026,0.2121284469380446,-0.0662979557546905,-0.2023208083359646,Low
35.285251910000056,0.1521922862855847,0.0018572091860423,-0.1374903333469005,Low
37.884656120000045,0.2547646196448933,-0.1095027186633538,-0.2398696229527986,Moderate
30.713650160000043,-0.0018415094339622,-0.0272470251965079,0.0487096124521679,Low
35.12289596000005,0.2692217258405831,-0.1134105675684966,-0.2536481517321463,Low
35.58432865999998,0.2640038770647389,-0.1430554033819071,-0.2385437277404036,Moderate
29.54126930000001,-0.0204577678752278,0.0197297297297297,0.0840330828966475,Low
38.58535022000001,0.1691193923569902,-0.0217996369608436,-0.1703926654917724,Moderate
35.668070150000005,0.2122586193417246,-0.0660708147129597,-0.207632398753894,Moderate
34.203448579999986,0.0536708860759493,-0.0944567161039234,-0.0306061806656101,Low
37.48816580000005,0.3262128892107169,-0.1775106082036775,-0.2906067225706433,Moderate
36.985716860000025,0.1994646301617919,-0.0654218678974789,-0.1858338198093014,Moderate
30.730740260000005,-0.0261646458200382,0.0124255759772197,0.0548157324248993,Low
37.77527948,0.2038098379581907,-0.0575578657586843,-0.1953326509723643,Moderate
29.790784760000008,-0.0174699204676772,0.0266666666666666,0.1056799901002351,Low
31.595499320000044,0.0457943674803719,-0.0760408050730631,-0.0253527047263746,Low
40.458425180000006,0.1548641919844256,-0.0255498113270276,-0.1529864693129999,High
37.97010662000002,0.1745194696014368,-0.0048713505737731,-0.1922651719389437,Moderate
33.73176182000003,0.3630485822647643,-0.1647273063983456,-0.3211959946782438,Low
41.22064364000005,0.1951497643302417,-0.0260409868163425,-0.2045358771022487,High
30.90164126000002,-0.0236472470811355,-0.0317529905429949,0.0596226845905756,Low
31.10672246000001,-0.0197509272381871,-0.0139421727332272,0.0675501247741158,Low
38.52040784000002,0.2365281476887153,-0.067229272286425,-0.2558174003260708,Moderate
41.206971560000056,0.111944557684468,-0.0162822757926897,-0.1195665558428765,High
41.029234520000045,0.0704287314029755,0.0549749311489301,-0.078907588430918,High
36.799434770000005,0.3762164001361007,-0.1656363924552227,-0.3634586212708579,Moderate
33.66511043000003,0.1566276173784706,-0.1386410588208586,-0.1247505213822797,Low
33.24640298000003,0.2883447374490659,-0.131365301196685,-0.2604125533555217,Low
34.26839096000003,0.144094847241222,-0.065257079777523,-0.1219424942986182,Low
31.516884860000005,-0.0225764381973627,-0.0416010377096266,0.0528798899154708,Low
35.55014846000006,0.253111565826278,-0.0699836501779245,-0.2457682473918966,Moderate
39.99699248000002,0.2198448682879304,-0.059252269547392,-0.2204851347804896,Moderate
36.22520741000005,0.2195863036110786,-0.0705602762912684,-0.2208941837112718,Moderate
36.45592376000002,-0.0022546703886622,-0.0171847635726795,0.0161452543539251,Moderate
32.34062768000001,0.0037037037037037,-0.0390606278456745,0.0423499530671967,Low
32.01591578,-0.0245698685797727,0.0092855300490069,0.0520145616091812,Low
35.70054134000003,0.2942587434230888,-0.1316555036871659,-0.2739527798933739,Moderate
41.08050481999999,0.1517811797141406,0.0405536081228091,-0.170032429245283,High
38.33925278000004,0.2088985757769343,-0.0275657201264892,-0.2114023196264497,Moderate
34.09748996000002,0.2837363569748158,-0.1009823702576654,-0.2601173575619913,Low
36.95153665999999,0.3294867901609474,-0.1468238375900458,-0.2988689041349898,Moderate
30.376975190000053,-0.0358242935583232,0.0198427555222763,0.1125697205016794,Low
31.776654380000025,-0.0375802016498625,-0.0081935731660478,0.1104207850889579,Low
37.20788816000004,0.3590851154227446,-0.1592075859153228,-0.3280055353745026,Moderate
32.511528680000026,-0.0371888373214393,-0.0161577608142493,0.0758461093433612,Low
30.224873300000013,-0.0469833452141792,0.0194692625683424,0.1178693539679683,Low
37.11731063000002,0.3424840650114927,-0.1613103380198271,-0.3268883732920856,Moderate
38.61098536999998,0.1919045495093666,-0.0154050759171007,-0.1891861823441063,Moderate
32.08769419999999,-0.0492991783470275,-0.0252801667969768,0.0727711979258735,Low
36.64904189000004,0.2709759381103168,-0.0809023914340541,-0.2721096181583542,Moderate
32.25517718000003,-0.0264852387316243,-0.0266495836002562,0.0609949024433116,Low
34.38802166000005,-0.0220836580930111,-0.04098678024227,0.0419954186815983,Low
30.594019460000027,-0.0135730228630029,-0.0194513715710723,0.0464750131202985,Low
36.97546280000006,0.22676460625078,-0.091203197107379,-0.2145517448325772,Moderate
31.937301320000017,-0.0425595415746433,-0.0257722069450661,0.0636857159535345,Low
31.267369400000007,-0.0387016229712858,0.0219280652493648,0.1288555436465404,Low
42.553671440000016,0.1529118889559444,0.001437438745508,-0.1546975935929885,Extreme
30.908477300000012,-0.030586127463527,0.0214442578478232,0.0594151611100763,Low
31.38870911000004,-0.0198912774894983,-0.0213395989571598,0.0591235248769495,Low
39.64493642000002,0.2056496339569622,0.0043054749763351,-0.1885114448170287,Moderate
37.23523232000002,0.2337047299023364,-0.0843552454316211,-0.2239160948222083,Moderate
41.14202918000001,0.1414463403962747,0.0271162964146822,-0.1289332151909167,High
40.246507940000015,0.197052681350723,-0.030529172320217,-0.1837593516209476,Moderate
36.753291500000046,0.181153201749009,-0.0404982180784045,-0.1753415744957709,Moderate
40.61223608,0.2118058193420952,-0.075626285444553,-0.2025784077201447,High
35.538185390000024,0.3458103089047921,-0.1295752801812624,-0.317594054312929,Low
44.34129589999998,0.10792741165234,0.0751813760663318,-0.1197992084178009,Extreme
38.45888348000005,0.199759826335966,-0.0924843335996971,-0.1582984036386337,Moderate
35.31772310000002,0.3148666011639331,-0.1303359105971022,-0.2878081279147235,Low
30.75466640000002,-0.015832450289846,-0.0136748844375963,0.0622438676723881,Low
38.81948459,0.1632125861901524,0.0163428214772596,-0.1757268783006459,Moderate
39.634682360000056,0.1615567792826313,0.0402729955730447,-0.185148627614745,Moderate
32.562798980000025,-0.0162302776678165,-0.048141230342833,0.0387888164438059,Low
37.39758827000003,0.281658085217521,-0.084705622306077,-0.2635315321942876,Moderate
29.551523360000036,-0.0203062807798691,0.0259574753504594,0.0919777402613643,Low
30.597437480000053,-0.0312635547696106,0.0166299745977984,0.108675630871247,Low
37.197634100000016,0.3622641509433962,-0.1740571643004565,-0.3347079526467347,Moderate
40.69085054000004,0.089101620029455,-0.0161892901618929,-0.0781356781630142,High
31.082796320000057,-0.0282478165938864,0.0159607545083949,0.0933282403870639,Low
37.50183788000004,0.2426906719050979,-0.0635609819796291,-0.2473056528647179,Moderate
30.648707779999995,-0.0296775698210016,-0.0328306336498479,0.0824787738449663,Low
34.630701079999994,0.128996282527881,-0.1115381096166163,-0.0960436685162629,Low
38.75112419000004,0.3056371320106009,-0.1221546748749519,-0.2837975842518576,Moderate
36.558464360000016,0.3842658540543464,-0.1685465089730124,-0.3498496650431663,Moderate
30.566675300000043,-0.0273953932124846,0.0259350259350259,0.1032359409362237,Low
38.45546546000003,0.3235539740750154,-0.1276371960650869,-0.2859209087381381,Moderate
36.95324567,0.1353753898540025,0.0798573800918237,-0.2007776148894129,Moderate
39.11685233000003,0.1312463206011704,0.0398695019618792,-0.1655962320702205,Moderate
35.48862410000004,0.2961566297185083,-0.1251901329277164,-0.2789596331654514,Low
31.974899540000024,-0.0399612496972632,-0.0076258261311642,0.0802250710598062,Low
42.28706588,0.150877677001069,0.0299683167165654,-0.217689557031307,Extreme
35.184420320000015,0.3207112703083024,-0.1018310997270883,-0.3094638424323688,Low
31.22635316000003,-0.0435087309466799,-0.0191027316283989,0.0917258207630878,Low
35.560402520000025,0.2221534947899319,-0.1101218774310657,-0.18091122247253,Moderate
34.31282522000004,-0.0182580065848548,-0.0692746536267318,0.0434064064550624,Low
38.15809772,0.1291937098388711,0.0485389345377373,-0.1883240451270898,Moderate
31.40750822000001,-0.029659022126572,0.0097460535346602,0.0959899749373433,Low
34.22737472000006,0.3124807869658776,-0.1644223229809429,-0.27997002061083,Low
34.42561988,0.3734826451174698,-0.1632716277011579,-0.3463074874526273,Low
31.20926306000001,-0.0441937624419376,0.0103064449635838,0.1040617030540523,Low
31.988571620000016,-0.0491245748834865,-0.0080117505674989,0.0780973316236185,Low
35.86802432000002,0.3116946911014547,-0.110848,-0.2857989480702274,Moderate
38.178605840000046,0.2282935593485138,-0.0461395163168224,-0.2145836551830681,Moderate
30.49660589000001,-0.0049312045242939,0.0139083484263404,0.0734056900648641,Low
31.128939590000016,0.0024302310054746,-0.0660305018318139,0.0285714285714285,Low
42.328082119999976,0.1786172369564317,0.0176902651815579,-0.1691360558177713,Extreme
35.86118828000002,0.2607668267398429,-0.0559244126659857,-0.2365892863818175,Moderate
36.76183655,0.2510787218388976,-0.1066591620642347,-0.2269500780031201,Moderate
36.22691642000001,0.336730518876697,-0.1162949617941231,-0.3107925739504686,Moderate
40.11662318000003,0.2086496434322521,0.0174848059841047,-0.224803792058435,Moderate
34.15559630000001,0.2170542635658914,-0.1083115859039107,-0.1930959214196208,Low
40.07560694000006,0.2115989286130196,-0.1034043907095132,-0.1741338449384945,Moderate
31.09646840000005,-0.037945981993998,0.0262571717853526,0.1301254220935842,Low
33.21222278000005,0.0025365643046035,-0.0738813735691987,0.0419309917994739,Low
30.566675300000043,-0.03318235195437,0.0212953843018714,0.1093803121619533,Low
37.98548771000003,0.2197236621225257,-0.0231492943797969,-0.2356799790689416,Moderate
35.464697960000024,0.338956739671199,-0.1498739138116577,-0.3126867997873003,Low
36.493521980000025,0.2236611563952159,-0.0967874091017718,-0.2057498874042936,Moderate
40.03971773000001,0.1529201784828953,0.0232855078794395,-0.1644200532777855,Moderate
39.53214176000006,0.2649063032367972,-0.0906359539308963,-0.2505263157894737,Moderate
37.03698716000002,0.2740377123266324,-0.0899213438208239,-0.2675685104073801,Moderate
40.50285944000001,0.2534003548196333,-0.1068968893821196,-0.2339713266865584,High
31.24344326000005,-0.0434897206114918,0.022294066141308,0.1323371189479976,Low
31.115267510000024,-0.0133613074204947,-0.0460079606649496,0.0474159759055411,Low
41.676949310000055,0.1956496982120487,0.0378923253150057,-0.2047275717646159,Extreme
41.60175287000004,0.256798679269244,-0.0599305374929237,-0.2498376271920329,Extreme
31.077669290000017,-0.0386815814191785,-0.0438249474595129,0.0638097350038807,Low
36.59948059999999,0.2486508601375441,-0.0833305162097292,-0.2346278317152103,Moderate
35.22885458000002,0.2458454430285416,-0.0962622950819672,-0.2272343549275096,Low
37.81287770000006,0.2849557522123894,-0.1150886584141853,-0.2767891345986418,Moderate
43.35348812000001,0.2319235773227111,0.0163789791242724,-0.2311336717428088,Extreme
30.91360433,-0.0219160926737633,-0.0473636086558975,0.0542712461470717,Low
39.44840026999998,0.1387158740322486,0.0502500364130698,-0.1545316834215341,Moderate
31.590372290000005,0.0357752200406228,-0.0913708480767035,-0.0019123464228643,Low
30.214619240000047,-0.0084917104731095,-0.042960442364951,0.0449056813755495,Low
37.818004729999984,0.2733587273134663,-0.0914328697405694,-0.259879177520368,Moderate
35.594582720000005,0.2895044584125127,-0.1129825889477668,-0.2808915347756643,Moderate
39.08267212999999,0.2134379480643619,-0.0369097251765506,-0.210809736711376,Moderate
30.775174520000007,-0.0363287475200832,0.0104862409831685,0.1040759554910498,Low
38.62978448000001,0.1531349066572737,-0.0647639956092206,-0.1544564929912721,Moderate
41.63251505000005,0.1922341370124991,0.0767705082773576,-0.2147815647998329,Extreme
32.25346817000002,0.0477532407644617,-0.0700400303498077,-0.0199765568496396,Low
39.92179604,0.1666848200994808,-0.0056960440660991,-0.1807025279247501,Moderate
35.625344900000016,0.3255818607536673,-0.1537510233230565,-0.293559348513846,Moderate
38.937406280000005,0.1382532606901106,0.1150815042998331,-0.2128206030327551,Moderate
39.10147124000002,0.1732814823287201,-0.0334128076832667,-0.1670522204103303,Moderate
39.92521406000003,0.206341181568684,-0.0412043386111457,-0.2178192555867449,Moderate
31.491249710000037,-0.0253246954527138,-0.0150757013267908,0.0612890706630444,Low
38.33583476000001,0.3003473210727096,-0.1077803647652308,-0.2761273258954348,Moderate
31.345983860000047,-0.0303263448098993,0.008067160752935,0.1163823323206356,Low
33.461738240000045,-0.0309904549398785,-0.0183689421573736,0.059043033403551,Low
30.696560060000024,0.0291118226016838,-0.0336469747498809,0.0196277782484679,Low
39.02969282000004,0.1055995713246832,0.0186512655002548,-0.1222658222930183,Moderate
30.329122910000024,-0.0071603602456799,-0.0065494434586223,0.0583725703247615,Low
38.66396468000005,0.0547284870777272,-0.0266063689466742,-0.0748500631313131,Moderate
30.47951579000005,-0.0247689220749317,0.0101495726495726,0.0923340680871907,Low
39.019438760000014,0.1410611212145172,-0.0049442896935933,-0.1445453463933061,Moderate
29.650645940000004,-0.0198220064724919,0.0207463289775023,0.0901239203905369,Low
31.63651556000002,-0.0369481765834932,-0.0171037628278221,0.1062621764542165,Low
31.68436784000005,-0.0395264228895603,-0.0038022813688212,0.1115167417717186,Low
40.67205143000001,0.1767150251512721,-0.00144250903507,-0.1869255092286197,High
31.961227460000032,-0.0346213982577618,0.0089104370045207,0.0784928878194389,Low
35.66294312000002,0.2605408775621541,-0.0880226026706131,-0.2534097954122752,Moderate
53.6895806,0.2003030665550105,-0.0842158345940494,-0.1773218860618387,Extreme
36.17564612000001,0.203339205024125,-0.0553465878559914,-0.1910700072016071,Moderate
41.72138357000006,0.1381131437745574,0.0052620889569985,-0.1530444087747458,Extreme
40.06193486000001,0.2731411229135053,-0.1343677568890033,-0.2810091609713538,Moderate
37.132691720000025,0.2796162904639928,-0.1312329974619675,-0.2579685651512591,Moderate
36.02696225,0.1532492725509214,-0.0458302028549962,-0.1569430366916683,Moderate
35.939802740000005,0.2671574720336552,-0.0559982151963284,-0.2661163972639382,Moderate
39.14932352000005,0.29828701941378,-0.0700592978382957,-0.2829521516701775,Moderate
30.722195209999995,-0.0374103508431866,0.0159191492172534,0.1139263092158087,Low
38.00770484000003,0.1530647448920918,-0.0213921901528013,-0.157279162819329,Moderate
38.11708148000002,0.2506297717319691,-0.0904974317383076,-0.2364458408368136,Moderate
36.242297510000014,0.2738855776437418,-0.1259266269202864,-0.2699649534788564,Moderate
30.04030022000001,-0.0171956772921905,0.0177297737925412,0.0945522855353788,Low
34.97079407000001,0.1281987762281071,-0.0985623311462755,-0.0977150019282684,Low
32.81231444000002,-0.0354794690485051,-0.0176035599764413,0.0635914729615801,Low
30.843534920000025,-0.0300772253082238,0.0213260423786739,0.1071617871730115,Low
30.568384310000056,-0.0115165631469979,0.0020901371652514,0.0543744003961254,Low
39.93888614000002,0.1955956106942192,-0.0182413770955103,-0.2080777290912554,Moderate
38.53578893000002,0.1917599186164801,-0.0506726457399103,-0.1888990807783133,Moderate
33.51300853999999,0.0035901684617508,-0.0623246024321796,0.0370448884413588,Low
36.99938894000002,0.3400885247100998,-0.1525199773485182,-0.3052339045854562,Moderate
33.22589486000004,0.1735475083368559,-0.1065054691997697,-0.1424782807498857,Low
34.26497294000001,0.2807316204125262,-0.1351673801670292,-0.2494206704773675,Low
30.306905780000022,-0.013994629600379,0.0051000892515619,0.0628715546748333,Low
35.37582944000002,0.2494385387033987,-0.0759585475526617,-0.2437356782234476,Low
42.87496532,0.1797552375025928,-0.0422194531994429,-0.176387854719947,Extreme
32.32011956000002,-0.0245327746843817,-0.0476021314387211,0.0639581018885891,Low
30.30861478999998,-0.0255463426096881,0.0280261175288799,0.1018286456882948,Low
31.21268108000004,-0.0479773063640848,0.0021975180972078,0.1054583381620118,Low
37.05749528000001,0.3066399733066399,-0.1293620021149101,-0.2860426929392446,Moderate
35.80649996,0.2476451797854042,-0.0760835011126417,-0.2321038582868236,Moderate
35.48520608000001,0.2486312713102776,-0.0836503829959924,-0.2342269470764964,Low
34.406820770000024,0.3210301837270341,-0.1794299104772714,-0.2880163141269143,Low
34.06330976000004,0.4108410590495281,-0.2222865412445731,-0.3734226616365292,Low
31.57157318000003,-0.0184531059683313,-0.0265932036052103,0.0554139194139194,Low
37.050659240000016,0.1005374351371386,-0.0456026058631921,-0.088983633612983,Moderate
41.89912061000001,0.1466713853171326,-0.0149310872894333,-0.1547767547767548,Extreme
34.929777830000035,0.3999092938878035,-0.1863645098821825,-0.3603986913701625,Low
38.34950684,0.1676690806431815,0.0092001110956811,-0.1687928739633459,Moderate
34.05134669000006,0.3531519426715933,-0.1788518753353168,-0.3237307629114409,Low
30.337667960000037,-0.0331054092478505,0.024053573869072,0.1106544616725823,Low
37.22156024000003,0.2159385049807828,-0.0712459401561744,-0.210384540308413,Moderate
30.898223239999997,-0.0529083141636542,0.025297619047619,0.126454898157129,Low
37.64539472000001,0.1524577726310745,-0.0269722093726648,-0.1641724819490944,Moderate
35.57407460000002,0.3120924718435092,-0.1569319221220436,-0.2970518220106207,Moderate
38.20082296999999,0.1616002320227672,-0.0158845909955611,-0.1647249132117995,Moderate
39.59708413999999,0.0942668333631005,0.0356355852168985,-0.1168878518302464,Moderate
36.264514640000016,0.4067672671674533,-0.2111603949062813,-0.3692213128012681,Moderate
35.314305080000054,0.1913976778518134,-0.0207849035963352,-0.1941611677664467,Low
31.24344326000005,-0.0501646329653302,0.0193961207758448,0.1157591056617381,Low
36.61998872000004,0.315876032453768,-0.0875015102090129,-0.2944454431062376,Moderate
37.28821162999998,0.2541997556505803,-0.0731261127354098,-0.2548944704421736,Moderate
36.70202119999999,0.2500898243225355,-0.0985260149226448,-0.2307033548050787,Moderate
35.447607860000005,0.268042387060792,-0.0906648757555406,-0.2663943557370962,Low
31.39041812000005,-0.0212515124251543,-0.019387359441644,0.0588305489260143,Low
41.39325365000002,0.126650404615325,0.0451689117130715,-0.1739691761478254,Extreme
39.42960116000006,0.1646927201882643,-0.0184529231184428,-0.1806804849432929,Moderate
33.07550198000001,0.3147246442456498,-0.2060386766157095,-0.2870101797624106,Low
37.79236958000001,0.2514889529298751,-0.1268336562413506,-0.22209297962553,Moderate
30.792264620000022,-0.0296664120193531,0.0207516864760681,0.0592519442044192,Low
31.086214340000023,-0.037412886660961,-0.0191915595973979,0.0802570093457944,Low
37.28308460000005,0.2151814077913392,-0.1050630986772084,-0.2022165246877843,Moderate
29.88990734000004,-0.0126823946543024,0.0199661590524534,0.0866082129565382,Low
31.014435919999983,-0.0418487617534101,0.0231553365287247,0.1135207988727562,Low
30.447044600000027,-0.018121576847657,0.0278177618585344,0.0956310528446423,Low
31.496376740000017,-0.0248882820258192,-0.0163669297451157,0.0619738491850259,Low
36.148301960000026,0.2778415614236509,-0.1702591062711227,-0.235685963521015,Moderate
37.67786591000004,0.1500252633215437,0.0089097303634232,-0.1482624134117236,Moderate
35.82017203999999,0.2450636161135651,-0.1131062881830762,-0.2209552017771195,Moderate
30.012956060000025,-0.0571888066902541,0.0218900160170848,0.1232352237377363,Low
35.65781608999998,0.133389805172156,-0.0818549346016646,-0.1040139785468135,Moderate
31.621134470000012,-0.0069211636206337,-0.0612197729176898,0.0353484951940753,Low
38.66054666000002,0.2471126177618353,-0.0778455353796886,-0.243387698958538,Moderate
39.86368970000001,0.1264958240587485,0.0304241034878008,-0.1407544407197626,Moderate
38.182023860000015,0.2720707259369941,-0.0946887166482123,-0.2548826925439135,Moderate
35.425390730000004,0.3840424057649667,-0.1970634504457262,-0.3433428047816803,Low
40.31486834000003,0.1693424768051633,-0.0356185916901861,-0.1688709677419355,Moderate
34.78793000000002,0.2071010565178115,-0.0865829945200636,-0.1867096549993243,Low
33.266911100000016,0.0615224191866527,-0.06456051516319,-0.0331161200726418,Low
33.43781210000003,0.0468152031454783,-0.0827459060839388,-0.0204415372035977,Low
41.99995220000005,0.1531657355679702,-0.0115364982133741,-0.1604591239166081,Extreme
40.35588458000001,0.2514830265222549,-0.0576705372448814,-0.2395754359363154,Moderate
30.81277274000001,-0.0318924052571918,-0.0184677861217649,0.0667454223272297,Low
34.82894624000005,0.1981134027016404,-0.0628326054244504,-0.1784885850323525,Low
29.698498220000037,-0.03500700140028,0.0238769728854714,0.1088121189728431,Low
36.59264456000005,0.2328641370869033,-0.0082582582582582,-0.2416981277448185,Moderate
44.28318955999998,0.084264547636785,0.0302065595617087,-0.0945020053475935,Extreme
40.35246656000004,0.1149385158462314,0.0113511282333516,-0.1304621435594886,Moderate
29.93434160000004,-0.0073859322150893,0.020769492679605,0.1011376422052756,Low
33.52326260000001,0.4033541688014482,-0.2175433397540376,-0.3553920760069937,Low
35.00497427000005,0.3872190680041357,-0.2394210978396512,-0.3397099011982342,Low
36.606316640000045,0.2333320741887961,-0.0516991464003865,-0.2500478578812359,Moderate
37.961561570000015,0.1531040418893232,-0.0188386279014497,-0.182145746010736,Moderate
40.83098935999999,0.2004831829678003,-0.0624394481007583,-0.2084204126610176,High
36.57384545000002,0.2204787011465394,-0.0834091711085935,-0.2011036300368563,Moderate
35.775737779999986,0.2328346197461316,-0.0681753351716268,-0.2254827097196465,Moderate
29.804456840000057,-0.0184281842818428,0.0200879269529929,0.0924011777234855,Low
40.29436022000005,0.2039713267144554,-0.0110739119237702,-0.2102809140302878,Moderate
34.893888619999984,0.3092262222697005,-0.051657561282572,-0.298590753364179,Low
37.43518648999998,0.188060185748469,-0.0348859802518856,-0.1827357881136951,Moderate
30.588892429999987,-0.0312552343305081,0.0289782075820153,0.1057855839698197,Low
35.75181164000003,0.1395559387799094,-0.0031500246688678,-0.1295243793000299,Moderate
40.87884164000002,0.1466833737959119,-0.0620149416116631,-0.1584777276683281,High
38.80068548000003,0.2134858313417548,0.0400399724514186,-0.2371173491585597,Moderate
29.04223838000001,-0.0196316535114349,0.0227960459955618,0.093393224780086,Low
34.54183255999999,0.2045344371107879,-0.0212456528612077,-0.2111281916688538,Low
32.49102056000004,-0.0252237151585606,-0.053191178618373,0.0595231884814022,Low
29.69166217999998,-0.0162250975559663,0.0232463295269168,0.0922872844419177,Low
34.54354157,0.0680435276592521,-0.0634254254757535,-0.044906629779666,Low
38.71865300000002,0.1802271802271802,0.0209631380252294,-0.1740586698075012,Moderate
37.248904400000015,0.2838471979833236,-0.0991798651924162,-0.2747997535428219,Moderate
31.48099565000001,-0.0134800217614701,-0.0319643365266053,0.0505279692817872,Low
34.99984724000001,0.3436698271054099,-0.1938553022794846,-0.3155442300691664,Low
36.43541564000003,0.3177744727910613,-0.1617805271651425,-0.2825118764845605,Moderate
34.67855336000002,0.201253007672402,-0.1262449987230782,-0.1676448523895679,Low
32.268849260000025,-0.0174270174270174,-0.0544999702185955,0.0404336043360433,Low
36.92077447999998,0.2684728163504076,-0.0787935323383084,-0.2712382976384588,Moderate
29.78736674000004,-0.0192411924119241,0.0179770707550369,0.1003666645951152,Low
34.73836871000003,0.2876722817764165,-0.1030615089451158,-0.2719674766001702,Low
36.09703166000003,0.419860480043241,-0.1914785049113407,-0.3884346662702542,Moderate
35.15536715000002,0.1898955819862911,-0.0487249458925378,-0.173334456329487,Low
36.19786325000001,0.2318192609005301,-0.1179417203799127,-0.2086495719859463,Moderate
32.825986520000015,0.3256490815520133,-0.2282744579776404,-0.2904775307252087,Low
45.91358509999998,0.0738067344393635,0.0573911889596603,-0.089619204663113,Extreme
31.81425260000003,0.352067609027085,-0.1741418764302059,-0.3210607621009269,Low
41.244569780000006,0.0751567530926961,0.0690047323819655,-0.0904950154692334,High
39.13736045000002,0.187273537561278,-0.0447756104214977,-0.187020534676482,Moderate
35.914167590000034,-0.0040523211079764,0.0085278047285911,-0.0024783147459727,Moderate
31.67240477000001,0.0448792997714222,-0.0675856569166358,-0.0041522676739264,Low
41.27191393999999,0.1475236627779,-0.0303581310775555,-0.1493452092243926,High
33.560860820000016,0.3790824397960977,-0.1682301438398999,-0.335375816993464,Low
34.917814760000056,0.3469804805862871,-0.1743564538919948,-0.311492281303602,Low
41.15228324000003,0.2503865393360618,-0.0840903356043401,-0.2486376516747802,High
39.94914019999999,0.1759856909557508,-0.0202057682577163,-0.1942821039330279,Moderate
36.72936536000003,0.3186916564150807,-0.1263714188583614,-0.3088414853120735,Moderate
35.86118828000002,0.1766708063106573,-0.1271093096003877,-0.1582378774844931,Moderate
35.322850130000006,0.2914320383747606,-0.1299226966590358,-0.2706176432182364,Low
37.98036067999999,0.3497093717652679,-0.1768258816995279,-0.3155607295304617,Moderate
35.48520608000001,0.4024691358024691,-0.1780884191385384,-0.3732984466598218,Low
30.329122910000024,-0.0253706978642361,0.0199377586265859,0.1031763417305586,Low
30.523950050000053,-0.0156101087778106,0.0123969666996373,0.0629125606131706,Low
36.14146592000003,0.3838649415346294,-0.1900044622936189,-0.3427995971802618,Moderate
31.542520010000032,-0.0172338704659988,-0.0208090991340312,0.0556585161714593,Low
35.85093422,0.0305481455984855,-0.0835067402515154,-0.0263090239095038,Moderate
40.18498358,0.234493889785566,-0.0641314429574665,-0.211403574930236,Moderate
32.00224370000001,-0.0049083769633507,-0.0696447414702778,0.0350626685705219,Low
37.41980540000003,0.1489491087377902,0.0489224476954538,-0.198937098437376,Moderate
31.98515359999999,-0.0413784879561173,-0.0222533062054933,0.0700445369888368,Low
39.205720850000034,0.1236261273376006,0.0006856851270112101,-0.169375454833834,Moderate
39.34927769000001,0.1796587487453998,0.0098450559978856,-0.2020615248866963,Moderate
34.760585839999976,0.3969780688290869,-0.197322263797942,-0.3588799309910089,Low
29.872817240000018,-0.0167174280879864,0.0183783783783783,0.0869209980516623,Low
38.28798247999998,0.2283793640467601,-0.0617683643737113,-0.2373803566464117,Moderate
36.536247230000015,0.2437098113426149,-0.0964183576195015,-0.2214215277251005,Moderate
31.18704593000001,-0.0176255822737001,-0.0138374585850711,0.0604172311026822,Low
30.594019460000027,-0.002835655282949,-0.0160165818729979,0.0626955614787345,Low
31.33231178000005,-0.0502752293577981,0.0028255843822245,0.1144568006843455,Low
40.39690082000004,0.1518277085568116,-0.0384615384615384,-0.159144695868798,High
39.183503719999976,0.1991231275118743,-0.0626326582005252,-0.184457454487128,Moderate
36.65416892000002,0.204186833510408,-0.0642508129162392,-0.1934093789607097,Moderate
29.883071299999983,-0.053784344219803,0.0222966186809507,0.1213671099344124,Low
33.08404703000002,-0.0077415011780545,-0.0612587748245035,0.0384604930553668,Low
34.91097872,0.2729846637829335,-0.1124016356826226,-0.2464672134303646,Low
30.96316562000004,-0.03511711179002,0.0114764581159761,0.1019933961110431,Low
33.18829664000003,0.1255139802631578,-0.0926873082008931,-0.0904292401155263,Low
36.02867126000001,0.2795675590364773,-0.1111301457865794,-0.2628504672897196,Moderate
39.14248748,0.1659871869539895,0.009205186578244,-0.1882716049382716,Moderate
31.35623792000001,-0.0283915096900276,-0.0574264445232187,0.0547413451635902,Low
39.08096311999998,0.1954752851711026,-0.0190746292844988,-0.2035062872016689,Moderate
32.00224370000001,0.0917989486495584,-0.0822979772050518,-0.0545509116830494,Low
29.650645940000004,-0.0033628440052158,0.0269364781559903,0.0834385256248422,Low
35.36899340000002,0.22955361723961,-0.0771305285868392,-0.2110614728415775,Low
38.19227792000004,0.1745582012023465,-0.0397607601652812,-0.1810577836218861,Moderate
36.001327100000026,0.293068781061497,-0.1600299503097134,-0.2598972387535578,Moderate
32.291066390000026,-0.0084033613445378,-0.0277969938997547,0.0504604479563082,Low
36.94299161000004,0.2824510318134958,-0.0925226877031878,-0.27168708190606,Moderate
35.94663878000006,0.3059841619724059,-0.1926933830382106,-0.2675911251980982,Moderate
40.22258180000006,0.1524453494179569,-0.0267319277108433,-0.1491562434156339,Moderate
29.72242435999999,-0.0193276167143051,0.0217907813454619,0.0908517350157728,Low
31.04348908999998,-0.0274245614035087,-0.0404804804804804,0.0762257711893779,Low
40.2738521,0.1479782270606532,0.0053897460082193,-0.165837479270315,Moderate
35.30576002999999,0.1986216206614799,-0.0126658262800888,-0.2316340871342787,Low
32.01591578,-0.0103817454309505,-0.0690420560747663,0.0394667786291592,Low
31.5749912,-0.01671368338035,-0.0279046169457128,0.0522468789287489,Low
42.25288568000002,0.1428244536821631,-0.0120229652144545,-0.1522282462413965,Extreme
29.695080200000007,-0.0189399100694917,0.0329729366731582,0.094851970582689,Low
41.391544640000006,0.1167145790554414,-0.0414400612792033,-0.1281583205410115,Extreme
29.062746500000003,-0.0170687841460517,0.023299726877297,0.0828900709219858,Low
32.46538541000001,0.32036819955032,-0.1415185246718724,-0.2949602321987259,Low
34.68197138000005,0.2598307242903153,-0.0778941971867089,-0.2505111334151146,Low
35.84409818000006,0.3000230964662406,-0.1203927943469462,-0.2745593840812167,Moderate
35.70395936,0.3002639769906623,-0.1291227589982208,-0.2813822558726461,Moderate
35.478370040000016,0.1795982196559605,-0.0414926007222261,-0.1948336785670769,Low
36.02012621000006,0.3359669269637115,-0.1305470037627888,-0.3081808531692485,Moderate
34.01203945999998,0.2771841609050911,-0.0784960053634281,-0.299320185771017,Low
39.61417424000001,0.2276403795302535,-0.0793162393162393,-0.2184955034929947,Moderate
36.98400785000001,0.2647935779816514,-0.0925390876520992,-0.2538416355609451,Moderate
37.13610974000005,0.2945399584356697,-0.1140376548629402,-0.2699236414856549,Moderate
37.98548771000003,0.1727361781841304,0.0425693119317544,-0.2168842285469719,Moderate
31.27420544000006,-0.0542922290010476,0.0046698663899338,0.1105315017678085,Low
37.95643454000003,0.2561631514217009,-0.0677818000249656,-0.241734712393395,Moderate
31.32376672999999,-0.035221619176843,-0.0406439613379272,0.0604008369122343,Low
31.05203414000005,-0.0523577235772357,0.0223444943971012,0.1210713639379863,Low
41.76069080000002,0.1159623169762778,0.0122233012960048,-0.1487323285430541,Extreme
33.077210990000026,-0.0183527305282005,-0.0455615483178879,0.0448866265617769,Low
37.07800340000006,0.2038826225677436,-0.1310956301456618,-0.16976683259104,Moderate
39.689370680000025,0.2602510793227622,-0.0821559750576578,-0.2492160845642613,Moderate
35.66636114000005,0.3228618776568917,-0.0730880504982612,-0.3006517427033154,Moderate
39.20742986000005,0.2297429712821286,-0.0528183783434969,-0.228123000489292,Moderate
36.69176714000002,0.2014561226860816,-0.047046911913601,-0.196775064614435,Moderate
30.447044600000027,-0.021557076898583,-9.764035801464604e-05,0.0670957556621531,Low
31.304967620000014,-0.0484257258017407,-0.0206766917293233,0.0933377859408916,Low
33.93342500000006,0.1672812165906661,-0.0401275371335251,-0.1529675445023921,Low
37.54969016000001,0.1809654726287701,-0.0292822157228936,-0.1729981527588145,Moderate
38.87929994000001,0.2206691389217164,-0.0830922765403529,-0.2058776167471819,Moderate
35.444189840000035,0.2861028976936723,-0.0990499292500505,-0.2710695499707773,Low
32.11503836000003,-0.0309245313251081,-0.0596274017403492,0.070110701107011,Low
36.74987348000002,0.086544441404015,-0.0479618033062213,-0.0717738571393517,Moderate
29.698498220000037,-0.0024996528259963,0.0209895052473763,0.0912771206274906,Low
39.35611373000006,0.1382637897093449,0.0161642784459606,-0.1597514453140362,Moderate
37.25915845999998,0.2981286461095537,-0.1320779649818302,-0.2800896525961898,Moderate
30.775174520000007,-0.0411534421846653,0.0112573435294889,0.1125055236411842,Low
42.41695063999998,0.1464356878532796,-0.0115173477808474,-0.1451783248029896,Extreme
39.39542096000002,0.186782525510204,-0.0514903234920186,-0.1767914311687285,Moderate
30.395774300000028,-0.0325562565365541,0.022497954731388,0.1109044119926828,Low
38.25722030000003,0.1722929564303235,0.0243048804199883,-0.1909339029310549,Moderate
34.79818406000004,0.1754288876591035,-0.1111692388176824,-0.1489879637560293,Low
32.59185215000002,0.3276441389843452,-0.1280861694189404,-0.2998261714734304,Low
39.16470461000006,0.1479411650560795,-0.0268346872179407,-0.1538071462006553,Moderate
42.10249280000005,0.1181043504260726,0.0192922355718008,-0.1300143537055224,Extreme
40.90276777999998,0.1801421510264458,0.0333638700907237,-0.2092421441774491,High
30.74612135000001,-0.0288093479282788,0.0290049684436685,0.1055447320406964,Low
30.380393210000022,-0.0247784045124899,0.0266085790884718,0.0989017807284234,Low
35.31772310000002,0.3842231876772827,-0.2120983462239829,-0.3352729287891383,Low
31.542520010000032,-0.0121375790129685,-0.0365249883232134,0.055739937026636,Low
30.41970044000004,-0.0320275099453846,0.0268438177874186,0.1105603915615997,Low
34.69906148000001,0.3470464135021097,-0.217557121939592,-0.3150422949613828,Low
37.101929540000015,0.2759952579448544,-0.0868049900654701,-0.27152166457071,Moderate
38.28969149,0.325225451801818,-0.1289656122308434,-0.2983561547396952,Moderate
38.50331774000006,0.2421455651064149,-0.0337696416856705,-0.2394007490636704,Moderate
29.67457208000002,-0.0286172773468841,0.0216835016835016,0.106628950928545,Low
33.51642656000001,0.009314424771335,-0.0328600870162583,0.0179621162638798,Low
36.44908772000002,0.2507596643390417,-0.0721937587331159,-0.2291415349931773,Moderate
33.391668830000015,0.2892922925013766,-0.1397062526227444,-0.2630071243884745,Low
31.13577563000001,-0.0406086879589489,-0.0276400164260669,0.0887139695789798,Low
34.93832287999999,0.2851958686144971,-0.121376958675002,-0.2584048543158585,Low
38.33241673999999,0.3474328368245856,-0.1447751813974747,-0.3191566403871159,Moderate
29.548105340000006,-0.0252678390944006,0.025530481643651,0.0948000750891683,Low
37.37537114000003,0.1782501235788433,-0.0456036918109877,-0.1773887615585236,Moderate
30.245381420000054,-0.0370967741935483,0.0219795221843003,0.1148452461852103,Low
40.14225833,0.1684726816470856,-0.0076230757881276,-0.174972759075529,Moderate
39.39542096000002,0.3424044092318291,-0.1751756581526491,-0.320524550167734,Moderate
40.48576934000005,0.1842020071220459,-0.0105321316343796,-0.1980676328502415,High
36.93102854000006,-0.0068300086730268,-0.0008193587152455345,0.0294008581872119,Moderate
38.48964566000001,0.2316097869981788,-0.0493506493506493,-0.2255446558720403,Moderate
31.45194248000001,-0.0161035092618449,-0.0200077200205867,0.0558847173013368,Low
35.42026370000002,0.2904014030386033,-0.1184286934244235,-0.2652446093206584,Low
37.58728838000002,0.1998561036054041,-0.0426174846306137,-0.1926102502979737,Moderate
42.06831260000001,0.2159554730983302,-0.0243826195686151,-0.2243601718662432,Extreme
32.40215204000003,0.0015062761506276,-0.0464587583794812,0.0230735742272529,Low
34.58284880000002,0.3350812407680945,-0.1550614207440775,-0.3057878103837472,Low
36.148301960000026,0.2771367703451214,-0.1066381156316916,-0.281373437526718,Moderate
41.66840425999999,0.1501912452188695,-0.0620830390079271,-0.1360449985308315,Extreme
40.325122400000055,0.2156623287409838,-0.0622957380110718,-0.215013159400389,Moderate
41.24115175999998,0.127566945950386,-0.0110480960447816,-0.1315171248402918,High
35.87827837999998,0.2500653043181224,-0.1028541038822903,-0.2301668907695958,Moderate
31.49466773000006,-0.023953752959626,-0.0216943478820651,0.0633538906429815,Low
36.65075090000005,0.1539681776666827,-0.1158834193278482,-0.1367015483687674,Moderate
41.13006611000003,0.0900032575162396,0.0097831006510462,-0.1084177708495713,High
38.674218740000015,0.2949466478759814,-0.1610527455864832,-0.2705938129666943,Moderate
35.24252666000001,-0.0153216374269005,-0.0346565073122772,0.0493450767841011,Low
37.69153799000003,0.2838486140724947,-0.0832021587587137,-0.2759782032846439,Moderate
30.775174520000007,-0.0298168035375868,0.0116481112040671,0.0584268285206302,Low
35.297214980000035,0.2707219920334674,-0.1235907329073821,-0.2487509343404539,Low
38.13075356000002,0.3171857851114559,-0.1485331485331485,-0.2845174386418158,Moderate
34.38289463000001,0.2487688911529971,-0.1115850995935642,-0.2259390975772393,Low
38.057266130000016,0.1772402706643239,-0.0028023692758423,-0.1875848544275154,Moderate
36.04063432999999,0.2542392041600723,-0.0524901185770751,-0.2387881945736722,Moderate
34.796475050000026,0.421695437630125,-0.2245410900875458,-0.3788596686488377,Low
30.70339610000002,-0.0384904714142427,0.0036377809536182,0.0705932254741562,Low
34.14534223999999,0.3181700506675542,-0.143654740895235,-0.3039438062486281,Low
34.81869218000003,0.2675913518994676,-0.0848287618162095,-0.2843356694675815,Low
31.39041812000005,-0.037430629354115,-0.0191273909238654,0.0879901549476981,Low
29.859145160000025,0.0183018301830183,-0.0390007959346109,0.033158614402917,Low
40.43108102000002,0.1105859254276728,0.0115846357958774,-0.1269762207832936,High
35.12118695000004,0.1555043227665706,-0.1387803326365536,-0.1281427960474486,Low
31.83476072000002,-0.0254151538598892,-0.0306539938314345,0.0557637967821924,Low
40.12345922000003,0.1886983663707487,-0.0383485004072093,-0.1918387254105023,Moderate
35.49375113000002,0.2887771993857077,-0.1234200872755089,-0.2754223906521396,Low
32.72344592000002,0.0514307392152612,-0.0691317884991596,-0.0224505928853754,Low
33.101137129999984,0.3612051455653351,-0.1997613009100402,-0.3281829192204646,Low
39.279208280000034,0.2439206883651328,-0.0943619787381101,-0.2361054314286776,Moderate
31.304967620000014,0.0228447384742609,-0.1009735744089012,0.0081691976143938,Low
34.36067750000001,0.0169108082122051,-0.0336303535498706,0.0024411895250776,Low
35.22201854000002,0.3163848263254113,-0.1246766347233294,-0.2885102892931703,Low
40.23454487000004,0.1373847245211634,-0.0179355589651341,-0.1408241921138452,Moderate
40.74895688000004,0.1877260529693151,-0.0495206020825457,-0.1854669668503998,High
38.42470328000002,0.2019113954806835,-0.009009009009009,-0.1889596602972399,Moderate
32.85333068,0.0159015901590159,-0.0374410196703229,0.0418246646669307,Low
35.905622540000024,0.34625497708662,-0.1582213029989658,-0.3144575661996626,Moderate
39.81583741999998,0.124243252743819,0.0258892009881891,-0.133362208134819,Moderate
38.886135980000006,0.1543864893140039,0.0222165959870877,-0.1766318836164216,Moderate
36.58580852,0.1957057943471756,-0.0738447571493418,-0.1822725091955861,Moderate
31.046907110000006,-0.0198671551544395,-0.0134902057410373,0.0566481279743134,Low
32.32011956000002,-0.01274579225448,-0.0612137357650985,0.0402435795604977,Low
37.55652620000001,0.3639355742296918,-0.1835085374004982,-0.3374304744901462,Moderate
35.698832330000016,0.3217865828340945,-0.1467682173734047,-0.283270947307803,Moderate
37.61292352999999,0.127929281942769,0.0124833353532905,-0.1235521235521235,Moderate
38.558006060000025,0.2362909008567007,-0.0867531433500315,-0.2271211837422738,Moderate
39.29971640000002,0.1671830362531686,-0.0191476653901556,-0.1745793938412325,Moderate
29.777112680000016,-0.0172588832487309,0.0246523812722509,0.092840184930651,Low
37.11560162000001,0.2291646472675106,-0.0823858786575164,-0.2263355382770492,Moderate
42.06831260000001,0.1344487955381511,-0.0049406075896142,-0.1285118438655859,Extreme
40.03800871999999,0.1862783171521035,-0.0884256784844705,-0.1625753250872185,Moderate
33.560860820000016,0.2581364244315648,-0.1515803531681258,-0.2435204102071065,Low
30.69997808000005,-0.0288327020848261,0.0230993650248841,0.1049404069310355,Low
30.46584371000006,-0.0148631754410334,0.0242493034774533,0.0830693645355226,Low
35.50229618000003,0.3493667011058814,-0.1898102066638549,-0.3135779474762525,Low
29.565195440000025,-0.0222042248768306,0.0265403480481085,0.0929125970448284,Low
41.33002027999999,0.160540687090902,-0.0342756549653101,-0.1650077760497667,High
37.47620273000001,0.282970178276119,-0.1007203218061055,-0.2777456019691595,Moderate
31.233189200000027,-0.0151226158038147,0.0167970078204692,0.0708823340402287,Low
37.00964299999998,0.1665060460041822,-0.0660197078715166,-0.1667606351053962,Moderate
29.67457208000002,-0.0182139459018621,0.0290361607742976,0.095202304897908,Low
30.708523130000003,-0.0049803538804214,-0.0370119199770468,0.0193863456985003,Low
32.64483145999998,0.0385898046688899,-0.0861381753764393,-0.0193266832917705,Low
42.49043806999998,0.1785099052540913,-0.0176330224054045,-0.2061043468679411,Extreme
34.93490486000002,0.2094342968611456,-0.0899356746174437,-0.1846962261692795,Low
31.927047259999995,-0.0179973722003238,-0.0105653732469656,0.0629501122547161,Low
31.103304439999988,-0.0330683412385596,0.0251885775862068,0.1024989148632727,Low
41.23773374000001,0.1101088512077713,0.0420268702518618,-0.104742997712658,High
39.20230283000001,0.2997529508646719,-0.1332398796498906,-0.270970339551738,Moderate
41.38129058000004,0.1636449258299976,-0.0395092024539877,-0.156158615042695,Extreme
39.35098670000002,0.2651003032849782,-0.1229606564821121,-0.2378262424025742,Moderate
35.46640696999998,0.2810745638822953,-0.0889205591762878,-0.2822098614122749,Low
38.81093954000005,0.2231907412833284,-0.0936896224252546,-0.2394418466562755,Moderate
32.33891867,0.0727127755343501,-0.08038235370308,-0.0374368796796099,Low
38.739161120000006,0.2240197641058336,-0.0449010136743996,-0.2166990137442072,Moderate
36.86950418000004,0.20691815004142,-0.1268227349040765,-0.1857630617754486,Moderate
37.78211552000005,0.1961888263317453,-0.0371407114084795,-0.1881892843175596,Moderate
30.464134700000045,-0.024095974915647,0.0226636630486722,0.1020728150772993,Low
40.29436022000005,0.2862780135507408,-0.1082173327346205,-0.280035564776053,Moderate
29.73951446000001,-0.0179959100204499,0.0217302729865543,0.099230913524667,Low
32.52520076000002,-0.0054754721197899,-0.0452757061483351,0.0342357983831588,Low
36.36534623,0.2614371160685418,-0.0727775772885841,-0.2384636749593302,Moderate
34.70247949999998,0.3343366520027784,-0.1859244778269369,-0.2975346166835528,Low
42.11616488000004,0.1058143169740544,0.0699355856448008,-0.120215334679175,Extreme
34.347005420000016,0.29553969318137,-0.153638151425762,-0.2652031580974389,Low
32.20390687999998,0.0277439024390243,-0.08235671857441,0.0001977261492832427,Low
31.4724506,-0.0192608922666357,-0.0434541077711252,0.05474166853053,Low
33.871900640000035,0.30400466562986,-0.1228510688160163,-0.2885985976371146,Low
32.50811066000006,-0.0489412065766745,-0.006295268395045,0.0801880955327311,Low
38.55458804,0.3512836568566061,-0.2037668985431159,-0.3054122335693698,Moderate
32.68072067000003,-0.0414904934668157,-0.0443440527848778,0.071724830264444,Low
30.55300322000005,-0.0061417052667696,0.0129825876580229,0.066997358757972,Low
36.81823387999998,0.2147064797887467,-0.0483870967741935,-0.1963349737926619,Moderate
31.011017900000013,-0.036983032873807,0.0204274253354007,0.0965054097749036,Low
38.38197803000003,0.1269229959803859,-0.0375106564364876,-0.1272788514167824,Moderate
37.811168690000045,0.3003948835188089,-0.1108492849995158,-0.2900359874044084,Moderate
31.559610109999998,-0.0400549039181432,0.0030777205429746,0.0949411764705882,Low
32.13041944999998,-0.0181938273087546,-0.0120071795506591,0.0691677103495388,Low
37.806041660000005,0.198372285328807,-0.0806726976589022,-0.181987937584512,Moderate
37.11389260999999,0.1767523803868005,-0.0406119805342576,-0.1719270576638738,Moderate
31.23831623000001,-0.0175758077421846,-0.0405330372015546,0.0496703765980729,Low
37.42322342,0.2530511967031225,-0.0939218874321098,-0.2380877804314631,Moderate
36.86608616000001,0.2658625247851949,-0.1393515764425937,-0.2459442976214677,Moderate
36.903684380000016,0.2712977042613952,-0.136651523692675,-0.2421815546294618,Moderate
34.52816048,0.266659750319881,-0.0954004426102039,-0.2740173913043478,Low
30.39406529000001,-0.0217383977621246,0.0231869426215716,0.0975905487330949,Low
32.16289064,-0.0195836372818584,-0.0503155996393147,0.0501766784452296,Low
38.985258560000034,0.1554120180074378,0.0154118157253894,-0.1767637501744313,Moderate
36.12437582000001,0.2990925319845284,-0.0842775104764861,-0.2685672780098057,Moderate
39.482580470000016,0.1605688810287019,0.0074053066112056,-0.170161784646247,Moderate
40.51311350000003,0.2405545797675548,-0.1102712465299842,-0.2315797284262076,High
33.936843020000026,0.306346404727189,-0.152655990791211,-0.2778590999512067,Low
40.24308991999999,0.1568187484417851,0.0170879819234571,-0.1640255884935401,Moderate
33.70099964000002,0.196827323525103,-0.115906962222916,-0.1707816402571346,Low
37.31042876000004,0.3688481533138913,-0.1904349332871252,-0.3297788101145542,Moderate
31.518593870000014,0.0014570179698882,-0.0690707990091595,0.0238283099258324,Low
29.763440600000024,-0.0108822120320306,0.0200040686241269,0.0957892761058624,Low
33.24640298000003,0.3001062054316492,-0.1489675516224188,-0.2796236840140372,Low
38.60585834000005,0.1882650732395535,-0.0487840609434515,-0.1699146137190015,Moderate
32.25859520000006,-0.0125335973970858,-0.0582777440873256,0.0428892667141995,Low
34.596520880000014,0.3609785413794322,-0.1448538376899515,-0.3273799262145295,Low
31.357946930000026,-0.0175448771858597,-0.0428171268507402,0.0502915451895043,Low
30.42311846000001,-0.01285053401108,-0.0495506436725771,0.0484998623726947,Low
41.26336889000004,0.2577952012777233,-0.0668247102107418,-0.2517068236824044,High
31.369910000000004,-0.0306260118726389,0.0139975298476739,0.0945750110264003,Low
29.435310680000043,-0.0216391668920746,0.0274921019022652,0.0912060301507537,Low
37.61805056000003,0.2589192871741547,-0.0746204701273261,-0.2568462502237336,Moderate
37.050659240000016,0.220395256916996,-0.0714136997709764,-0.2117263843648208,Moderate
37.65564877999998,0.2793231339823829,-0.1017434122970455,-0.2689301042305334,Moderate
31.42118030000006,-0.0209990059642147,-0.0187483837600206,0.0604859144432851,Low
36.74645545999999,0.2565908478620636,-0.0841773202722895,-0.2451851569352808,Moderate
41.82905119999998,0.215879136011331,-0.0707875679983368,-0.2167408165675814,Extreme
39.60050216000002,0.2220937403638606,-0.0521669874560297,-0.2141845058017079,Moderate
38.67080071999999,0.1776439732555133,-0.0265988278482643,-0.1883550154694896,Moderate
33.93342500000006,0.1058167665930367,-0.0894300518134715,-0.0671471349540679,Low
40.656670340000005,0.2394444444444444,-0.0645671169962124,-0.2412977709775011,High
40.71135866000003,0.1450514527845036,-0.0005289256198347108,-0.1548822833594078,High
35.339940230000025,0.3362211372563415,-0.1524275379525415,-0.3081996082589085,Low
37.3343549,0.2014989206142316,-0.0723036097277254,-0.1843256915726502,Moderate
30.903350270000036,-0.0051355547593455,-0.0345577048467724,0.0445330198147564,Low
40.57463786000005,0.1210793626177645,0.0449516134359414,-0.1482805178301961,High
37.23865034000005,0.253462006198266,-0.0587494615461082,-0.2398913465269693,Moderate
39.14932352000005,0.2970855301698887,-0.1094895082994049,-0.284388369226307,Moderate
34.502525330000026,0.2570637758044055,-0.0809024047599372,-0.2458566693336381,Low
31.19046394999998,-0.041429587482219,-0.0274116189689673,0.0905359050778833,Low
29.76002258000005,-0.0206513643442345,0.0208502572434335,0.0977481130310024,Low
37.57019828,0.1684641130531796,-0.061964849031095,-0.1614572637285908,Moderate
33.26349307999999,0.0009532888465204956,-0.0796915167095115,0.0291760838298746,Low
33.92317093999998,0.2122310516287931,-0.1138343296327924,-0.1939219186232779,Low
33.39679586,-0.0137558207996574,-0.0523730652807127,0.0477027236549692,Low
34.14534223999999,0.295480336529055,-0.1273965605312446,-0.2723778777047542,Low
39.456945320000045,0.27609396248207,-0.0920307991519074,-0.2556732778531363,Moderate
37.99061474000001,0.2670408981555733,-0.0970408331955695,-0.240744895669733,Moderate
32.18168975000003,-0.0214865226306873,-0.0231185134547262,0.0661410176413863,Low
31.072542259999977,-0.0155737942635074,-0.0312623423970834,0.0505971526864878,Low
39.49454354,0.1452907910353976,-0.0175231833266135,-0.1880069524913094,Moderate
35.235690620000014,0.3014535333230246,-0.1101914293722897,-0.274189580455311,Low
34.83065525000001,0.2629487725273166,-0.0943744236089763,-0.2455609397687315,Low
31.54593803,-0.008170731707317,-0.0271208916111514,0.0411742167467358,Low
30.674342930000023,-0.035437057036787,0.019352182267362,0.1109866865745925,Low
38.26063832,0.2274332207552963,-0.0491749499721156,-0.2223198929868144,Moderate
41.01898046000002,0.0982683674196536,0.02977651872836,-0.1316127611145783,High
43.2133493,0.1485446147078231,0.097170191919774,-0.1827551058930122,Extreme
31.43827040000002,-0.0174076470407,-0.0218519705222685,0.0577042399172699,Low
35.80991798000002,0.2611006879299562,-0.0895950829083786,-0.2412572615704228,Moderate
37.706919080000034,0.1977828353278026,-0.0544855222337125,-0.2171739779170396,Moderate
30.47780678000004,-0.0387002143743653,-0.0434143653174943,0.0876967555412785,Low
31.279332469999986,-0.0336819661739706,-0.0383603207529644,0.0608758960573476,Low
32.238087080000014,-0.0060609461810427,-0.0594921185654891,0.0336643387167175,Low
31.616007440000036,-0.0357571394288456,-0.0138144199835993,0.1063664164581595,Low
34.81185614000003,0.3342940603700097,-0.1638130180731077,-0.3003605997342949,Low
37.891492159999984,0.187398021876196,-0.0293367792407362,-0.1911170384739735,Moderate
37.51550996000003,0.1902135922330097,-0.0284908889560052,-0.1810404624277456,Moderate
30.02662814000001,-0.0191508212362843,0.0212852771166269,0.092903063153914,Low
35.939802740000005,0.2622170632617527,-0.1147484964461454,-0.2448294283751812,Moderate
32.39189798000001,-0.0164278026397779,-0.0502661504960077,0.0474022055192845,Low
36.50035802000002,0.2489955046346023,-0.1400559206942881,-0.2259991799597789,Moderate
33.7796141,0.3295859554795218,-0.2574202122537029,-0.2945982390735305,Low
41.38470860000001,0.1075519964408853,0.0211664482306684,-0.1175370342660481,Extreme
30.558130249999977,-0.0172466787336498,0.0250381162120955,0.0939831869273637,Low
32.20390687999998,-0.0121906555747397,-0.0678733031674208,0.0364889002296504,Low
33.241275950000045,0.2372049257456122,-0.1360042072838601,-0.2152300582680329,Low
39.236483030000045,0.1297492241885431,-0.0459698710979965,-0.1347219004696417,Moderate
35.478370040000016,0.2440694546343849,-0.0956278268360973,-0.2327140549273021,Low
30.61281857000006,-0.0328663793103448,0.0196613872200983,0.1070207076674336,Low
34.39485769999999,0.3260523651092145,-0.1187112914543735,-0.3103201829616924,Low
41.54193752000003,0.1557330290929834,-0.0456954098135021,-0.1597908636415677,Extreme
38.02479493999999,0.1885431032759689,-0.0408359734644938,-0.189827320567461,Moderate
33.60187705999999,0.3143666803385659,-0.1222183311578746,-0.2928663121217678,Low
35.823590060000015,0.2987108927713958,-0.080184331797235,-0.2827903243460177,Moderate
33.53180765000002,0.0582131600234303,-0.0730286231474148,-0.0314284160730792,Low
36.91735646000001,0.2524886553189963,-0.0105643994211287,-0.2610839217669261,Moderate
40.08927902000005,0.2027750730282375,-0.0422951165488872,-0.1959819267387445,Moderate
38.57167814000002,0.3670578713071631,-0.2236309151381433,-0.3353697980306188,Moderate
36.3943994,0.2552823665001921,-0.1080966511233573,-0.2360273117588091,Moderate
41.36078246,0.1974579015544041,-0.0483007902477054,-0.2077736496141754,Extreme
32.54229085999998,-0.0265462280047512,-0.0487158884623396,0.0663664061465094,Low
37.33606391000001,0.2283929191253037,-0.0367657829207558,-0.2280613818630475,Moderate
34.42732889000001,0.2798545397669508,-0.0837541181729384,-0.2663120224393074,Low
40.27556111000001,0.1767468032675553,-0.0117446865303126,-0.1728325823357636,Moderate
36.50206703000004,0.3506103485434663,-0.2033746242110399,-0.317627188749483,Moderate
40.29094220000002,0.123897698796794,-0.006199479380737,-0.1449673584721816,Moderate
40.72161272000005,0.1412254160363086,0.0317052820743212,-0.1518112761003168,High
30.9426575,-0.0417087967644084,0.0032209294682179,0.102270372672646,Low
31.56815516000006,-0.0462823944121678,0.0098942802927622,0.1011443337024732,Low
39.09805322,0.2931087055953651,-0.0993519118600129,-0.2712080335731415,Moderate
35.77061075000006,0.3342237672674046,-0.1269046515221758,-0.3153081654371313,Moderate
30.37868420000001,-0.0264504593378136,-0.0146510731268474,0.0573134328358208,Low
32.54229085999998,0.2946733349210129,-0.1257679298681576,-0.2761345852895148,Low
30.207783199999994,-0.0088732056596663,0.0262865605331358,0.0803026449643947,Low
38.22304010000005,0.2043374605860186,-0.053375037836747,-0.2007821186213242,Moderate
32.27910331999999,0.0123567872353188,-0.0295561994814701,0.0305032169117647,Low
37.99745078000001,0.2028114017961733,-0.0401485733580955,-0.1948797517455391,Moderate
40.85491550000006,0.1355976147264713,-0.005641563893991,-0.1521118292499624,High
31.968063500000028,-0.0352701065118948,0.0093329403674231,0.0784134527508682,Low
30.91018631000003,-0.0264005151320025,-0.0374898633896824,0.0575435614109647,Low
33.01910465000003,0.3477968446741866,-0.1711723746389032,-0.31472595036365,Low
41.80854308000005,0.1873764258555133,-0.024944203754759,-0.1882800608828006,Extreme
34.12483412000006,0.3309955191895578,-0.1546586895164697,-0.3013085465038761,Low
31.36307396000001,-0.0356756756756756,-0.0134444234046582,0.0872605309533284,Low
43.71579824000003,0.0596927148423142,-0.0300475186680481,-0.0696397432567803,Extreme
41.92133774000001,0.1687676971413056,-0.0083999866135671,-0.182296162599074,Extreme
31.40067218000001,-0.029548361041933,0.0092764378478664,0.0947447730269353,Low
35.30405102000003,0.2834558823529411,-0.1298283088175801,-0.2563428941591392,Low
39.11172529999999,0.2318834615859429,-0.0878697579765971,-0.2179007323026851,Moderate
38.8041035,0.193624405501521,-0.0105194428322692,-0.1791746031746031,Moderate
35.871442340000044,0.2444047942283076,-0.0624586037885812,-0.2347304006465766,Moderate
36.14146592000003,0.2602949953107681,-0.1286985072347573,-0.245324347093513,Moderate
31.944137360000013,-0.0217311233885819,0.0031900919497091,0.0669242929913929,Low
29.36011424000003,-0.0116192158728001,0.0221176470588235,0.0888248559258331,Low
30.508568960000048,-0.038984227755183,0.0263968913305641,0.107261334316255,Low
36.27818672000001,0.2199042293138666,-0.0846781397010659,-0.2353759028790396,Moderate
38.38881407000002,0.2320573713556235,-0.0449320128650128,-0.2340033469341707,Moderate
30.940948489999982,-0.0377947604745903,-0.0155033894049711,0.096145251396648,Low
38.173478810000006,0.1395939524838013,0.0392016898535945,-0.1722654722548078,Moderate
31.137484640000025,-0.0353521878335112,0.0259967672413793,0.1260575296108291,Low
30.02662814000001,0.0194412873123168,-0.0352955470506044,0.031869567687326,Low
35.78257382000004,0.2199859992999649,-0.1211901889827101,-0.2020001724286576,Moderate
40.66350638000006,0.1325055814500019,-0.0214434592150351,-0.1375403257534031,High
31.491249710000037,-0.0128544305767375,-0.0197087097707616,0.0567732342007435,Low
29.53785128000004,-0.0299473897207608,0.0262694651320243,0.1062639821029082,Low
39.94230416000005,0.1481529154331316,-0.0183035884166064,-0.1303539748247022,Moderate
35.6595251,0.2642012962256957,-0.0518636003172085,-0.2634787578586397,Moderate
36.95837270000004,0.188292838111902,-0.0173981137857069,-0.1927037598786621,Moderate
35.114350909999985,0.293257483913084,-0.1536912863346699,-0.2622744898144945,Low
38.42812130000004,0.1810591798313825,-0.0073655182043494,-0.1862051956593226,Moderate
40.51994954000003,0.2175075430622923,-0.0727193189083689,-0.2261240816954498,High
33.11651821999999,0.30323295477029,-0.1405714285714285,-0.2722707254886811,Low
30.658961840000018,-0.0122146191724755,-0.0011342645104838,0.0537278686515959,Low
33.50959052000002,0.0144742936544696,-0.0552878824379667,0.012121553814061,Low
40.68401449999999,0.1338041908924181,0.0246391406512252,-0.1390489631110588,High
29.81812892000005,-0.0236445169180595,0.0303643724696356,0.0858197086328646,Low
31.31863970000001,-0.0171500920810313,-0.0471197768171924,0.0565162145737804,Low
41.44110593000005,0.158641936759716,-0.0122944856685581,-0.1577020674736886,Extreme
35.99278205000002,0.3876235049401976,-0.1745407594342391,-0.3479036874894763,Moderate
34.50081632000001,0.4100290095317033,-0.1859184384803067,-0.3696380265361329,Low
32.19707084000004,0.0288226129534831,-0.0687243511935726,0.0147599509777801,Low
33.94026104,0.3319526862877852,-0.1586350251169236,-0.2939219251750686,Low
31.706584969999994,-0.015183605285923,-0.0302387267904509,0.0603136652150399,Low
40.981382240000016,0.1880250496410569,-0.0673436481525952,-0.1949149287552329,High
31.09988642000002,-0.0370812603648424,0.0184596659679491,0.096589494647747,Low
33.131899309999994,0.0374743611064914,-0.0591397849462365,-0.013594020797227,Low
30.631617679999977,-0.014505830094392,0.0224777116106158,0.0873798888067615,Low
32.67388463000003,-0.0215995329830706,-0.0124312466219438,0.0767446580267316,Low
34.52132444000006,0.0819112627986348,-0.0874220374220374,-0.0455772113943028,Low
35.03231843000003,0.319704324356986,-0.1665361059678108,-0.2868646397988844,Low
38.14442564000001,0.3318996966322338,-0.1509158481550305,-0.3046945531146554,Moderate
38.20253198,0.2416517874102496,-0.0889222055638847,-0.2446780151567081,Moderate
39.43301918000003,0.1789726504997288,-0.0165675729841672,-0.1780143216566673,Moderate
34.35725948000004,0.2042354630294328,-0.1126054755149416,-0.1916648578250488,Low
35.63218094000001,0.224780335891447,-0.0542170597057791,-0.2214293637002255,Moderate
35.49033311000005,0.0706107356878745,-0.0390021777865769,-0.0392336443971385,Low
29.63697386000001,-0.0034785028523723,0.0229861537412181,0.0896148468285242,Low
31.45877852000001,-0.0329552276533223,0.0028670098390564,0.0916753227481822,Low
36.15342899000001,0.22418125382715,-0.130599270656604,-0.1929709041524342,Moderate
30.37868420000001,-0.0175540684705654,0.0144955734993676,0.0850519343670028,Low
38.09657335999998,0.1624423091473102,0.017049998400563,-0.1840320591861899,Moderate
34.697352470000055,0.3361102669074137,-0.1093497202060233,-0.3129666391441069,Low
42.78438778999998,0.1113018811585547,0.061393691975474,-0.1474266335240958,Extreme
36.91393844000004,0.1932143395089622,-0.0064956721988406,-0.1943161901890206,Moderate
36.02354423000003,0.2173034711835434,-0.0726781007154838,-0.2049684663897862,Moderate
31.14090266000005,-0.0206058951965065,0.0296761982018522,0.0860817521966127,Low
38.42128525999999,0.1453344678092459,0.0276889209919856,-0.151211565872531,Moderate
35.99790908,0.3231415655305659,-0.1141155844771216,-0.3069611458005225,Moderate
31.45194248000001,-0.0164949038980211,-0.0521807799781314,0.0542982719554475,Low
33.468574279999984,0.3421318382839433,-0.12176026310811,-0.3101057139943574,Low
38.96475043999999,0.2627535877649359,-0.112430403888154,-0.270695713281799,Moderate
30.75808442000005,-2.9442072721919626e-05,-0.0244623412662504,0.0463836477987421,Low
29.667736040000023,-0.0126027397260273,0.0223789502237895,0.0984929022575198,Low
35.914167590000034,0.3189877961234745,-0.0824336863189831,-0.3042413487133984,Moderate
35.96031086000005,0.1882477000836333,-0.0938608823726317,-0.1888529122858078,Moderate
36.08506858999999,0.253727374598773,-0.1205608745840972,-0.2393683933835264,Moderate
40.81731728,0.1587896369716749,-0.0354635463546354,-0.1595371527637785,High
33.33868952,0.0393779127611666,-0.0820136825751587,-0.0119554411277371,Low
30.182148050000023,-0.0301771691868388,0.0219575247881147,0.0678061256315887,Low
33.85822856000004,0.242534406647624,-0.1528731478135164,-0.2019593067068575,Low
35.80820897000001,0.2446100011287955,-0.064731065117327,-0.2366763248901766,Moderate
37.477911740000025,0.1217261410788381,0.012103139800035,-0.1562307534387189,Moderate
32.47905749000006,0.3438729226657632,-0.1912181775716526,-0.309252264476145,Low
38.065811180000026,0.1573684307273763,-0.035882923940047,-0.1632702078521939,Moderate
37.26599450000003,0.3386996242409132,-0.1106809887560762,-0.3175588039401269,Moderate
34.68880741999999,0.307176045431079,-0.1303571428571428,-0.272755394014384,Low
35.828717090000055,0.2676416960856577,-0.0649545350845745,-0.2612077117548295,Moderate
36.21666235999999,0.1926062285313039,-0.0193184214367974,-0.1895585674263648,Moderate
36.66442298000004,0.3049796477346216,-0.1419060617156552,-0.2824404650641145,Moderate
39.22110194000004,0.1576073258842308,-0.0218777810738653,-0.1522348120583685,Moderate
38.54775200000006,0.3322432730245619,-0.0838008212364814,-0.3109937388506069,Moderate
32.56963502000002,-0.0024618153903168,-0.0603860656198998,0.0327763661096994,Low
42.19819736,0.0884431274219284,0.0320945945945945,-0.1072035863348276,Extreme
35.19467438000004,0.0059058439732268,-0.0732117138742198,0.0292569071269608,Low
29.55494138000006,-0.0134565719722713,0.0179948586118251,0.0826012766226379,Low
29.94801368000003,-0.0327846915562692,0.0242321970975362,0.1014979178320591,Low
31.25711534000004,-0.0257929299986027,-0.0489228547358286,0.0554607277357826,Low
33.65314736000005,0.0540227986122583,-0.0717285402318159,-0.0196579830589739,Low
37.37537114000003,0.2435217341525779,-0.0774954117822126,-0.2330280784076288,Moderate
35.86118828000002,0.2731274131274131,-0.1026065439467656,-0.2576136081923759,Moderate
36.62853376999999,0.2932265400969049,-0.1439167322662468,-0.2596944770857814,Moderate
41.00189036,0.1893723527146707,-0.0461288356025198,-0.1984635083226632,High
42.44600380999998,0.0802099865706263,0.0443720411138912,-0.1026461180575748,Extreme
36.38414534000003,0.211050760032824,-0.0548313535958612,-0.2128517199546041,Moderate
30.37013915,-0.0318488529014844,0.0195100283595858,0.1068227091633466,Low
32.84991266000003,-0.010712340374024,-0.0320095965654397,0.0459904283880004,Low
31.26053336000001,-0.0286237093190432,0.019136861554705,0.1008952334865714,Low
29.797620800000004,-0.0079879838874854,0.0189061444969615,0.0647528321318228,Low
35.89536848,0.3072197785530107,-0.1945252945252945,-0.2681724543849323,Moderate
40.68401449999999,0.0746395907611223,0.0509924709103353,-0.1009647834200182,High
37.97694266000002,0.1957710271914262,-0.0625784241176281,-0.1774814603536794,Moderate
29.78394872000001,-0.0176745445926728,0.0209233261339092,0.0937714749796963,Low
28.60814984000001,-0.0196818549474251,0.0253970381290625,0.0924180967238689,Low
32.24834113999998,-0.0153053174144006,-0.0789534347625633,0.0411267605633802,Low
35.63218094000001,0.2830336047487942,-0.155264869806776,-0.2665625783072148,Moderate
39.20401184000002,0.1632113983830945,-0.0336071695294996,-0.1652166940624624,Moderate
31.24344326000005,-0.0440007282879164,-0.0031204228491371,0.1092009274444381,Low
35.95347482,0.2688909599254427,-0.1193028609010194,-0.2586155894098506,Moderate
39.09463520000003,0.2725601348245748,-0.1040808188222783,-0.2550145431194047,Moderate
42.34859024000002,0.1529163825698878,-0.0375990181858752,-0.149614734846924,Extreme
34.05818273,0.0861428934655479,-0.1172485942199555,-0.0599736979231284,Low
32.38335293,0.3659557431940602,-0.1793115367091391,-0.3224220855869347,Low
31.629679520000025,-0.0241241362589404,-0.0155806471961143,0.1001564945226917,Low
35.645853020000004,0.2920245398773006,-0.1067281953590724,-0.2669812562275573,Moderate
32.57305303999999,0.0758541427228084,-0.0667702667702667,-0.0451154529307282,Low
29.677990099999988,-0.0139099297617408,0.0236585532146996,0.0836959303813667,Low
32.268849260000025,-0.0302923564635435,-0.0220902171895303,0.0732199966335633,Low
41.89399358000003,0.07310721680292,0.0360470913065153,-0.0791654145022109,Extreme
38.66909171000003,0.263993600639936,-0.1126641551948737,-0.2462979394656413,Moderate
35.79624590000003,0.2761951538965291,-0.1348911698332969,-0.2437672025210419,Moderate
36.02867126000001,0.259171512671405,-0.1124924677301703,-0.2516234924712767,Moderate
42.41695063999998,0.1178438865626885,0.0254726304715146,-0.1383034184851418,Extreme
35.38095647,0.2159457037729014,-0.0957633233687248,-0.1995711786943519,Low
36.72252932000004,0.3227466549036906,-0.1273889341437433,-0.305044790193305,Moderate
35.119477940000024,0.2720570439186044,-0.1052231442390126,-0.2602087867497878,Low
41.87690348000001,0.1561459190470593,0.021262480512157,-0.1730142323288542,Extreme
44.39256620000003,0.0700642153053294,-0.0073543567825651,-0.078445113153881,Extreme
39.34244165000001,0.2336323575700346,-0.064561582208641,-0.2280997238596972,Moderate
41.56586365999999,0.1715854766702224,-0.0590336059426449,-0.1738579684902224,Extreme
34.93832287999999,0.3027488717317519,-0.0989176944374528,-0.2986800520542851,Low
34.10603501000003,0.2283231125370588,-0.0870307473897964,-0.2094129878438899,Low
34.890470600000015,0.342591588007667,-0.1200989635976888,-0.3186750732616997,Low
35.16391220000003,0.2694586962574076,-0.1348622222222222,-0.2508033544948663,Low
36.035507300000006,0.2813754449746269,-0.1093406773548408,-0.2329555806580913,Moderate
34.46834512999999,0.2526157320286037,-0.1077568273727304,-0.227280269926434,Low
35.11605992,0.3702412089508863,-0.2137984296563264,-0.3305583971215916,Low
43.36374218000003,0.1086515851779777,0.0136343961910258,-0.1186288145299844,Extreme
33.67365547999998,-0.0380614794584229,-0.0274967413568369,0.0705743641569816,Low
36.77379961999998,0.3431601113033015,-0.134274327993268,-0.3176435870006271,Moderate
32.17998074000002,-0.0174144394727294,-0.0249132765689057,0.0569870009285051,Low
38.44179338000004,0.2322293545465285,-0.0507757404795486,-0.2287453367366974,Moderate
38.68276379000002,0.0743600360474462,-0.0186596462057179,-0.0617402816223372,Moderate
31.24686128000002,-0.0547481834126785,0.0121112929623567,0.1167690956979806,Low
33.63605726000003,0.3444819928550738,-0.1883865021250448,-0.3063399440869092,Low
34.26839096000003,0.2918769899821387,-0.1093106609985829,-0.268288034155453,Low
41.16253730000005,0.1381233462243028,0.0061497991539582,-0.1417953116066323,High
31.98515359999999,-0.0400324901369227,-0.0318677892111007,0.0676208723092527,Low
35.59800074000003,0.1954031853765763,-0.0399919479299469,-0.2057256213777276,Moderate
32.067186080000056,0.3612245676985914,-0.2097978016013027,-0.324468875352845,Low
39.73893197000001,0.188585559240869,-0.0173187079000856,-0.1839615264310291,Moderate
29.83863703999998,-0.0083812426404377,0.0302127083051077,0.0876298515072334,Low
36.454214750000006,0.2579340069530567,-0.0941661214168243,-0.2433735908204891,Moderate
39.050200940000025,0.2148239749584573,-0.0176426790974717,-0.187608613524745,Moderate
29.725842380000017,-0.0052551514313372,0.0198269401103767,0.0971507468306765,Low
30.76150244000001,-0.0244957259181673,0.021918086656052,0.0929881879869313,Low
38.74941518000003,0.2159188095102343,-0.0391943474376675,-0.2228912208268822,Moderate
30.793973629999986,0.0148081342914496,-0.0517714458012965,0.0208561403508771,Low
32.14580053999998,-0.0096445889060585,-0.063698277342185,0.0401280793265506,Low
39.97648436000003,0.3620858229223248,-0.199961717603522,-0.3254166813488847,Moderate
38.92715222000004,0.2152810768012668,-0.0879257185384697,-0.1976669332657082,Moderate
40.17472952000003,0.098879343868208,0.0106308485581513,-0.1213564213564213,Moderate
30.30861478999998,-0.0256862678565369,0.0197323501297282,0.1011988606128901,Low
31.65702368000001,0.037261952323878,-0.0248690755019868,-0.0157272893247437,Low
40.26359804000003,0.2060103705385867,-0.0264471861611313,-0.2066497519597076,Moderate
38.15809772,0.175296442687747,-0.0098831680478195,-0.1905429212043561,Moderate
39.10830728000002,0.1639506548888212,-0.0481202749729998,-0.1796712201898587,Moderate
30.645289760000026,-0.0331117194629122,0.0162151407633385,0.1116567356349372,Low
31.68436784000005,-0.0529723366686286,-0.0146938260705051,0.1094260253500857,Low
41.68549436000001,0.110339565051507,0.0100687121572896,-0.1467412719678461,Extreme
34.449546020000014,0.3500173256843645,-0.1676323676323676,-0.2950692520775623,Low
30.012956060000025,-0.032340140609307,0.0227872067076881,0.1080664074554094,Low
29.941177639999975,-0.0270380712388476,0.0227117252702148,0.1028636021100226,Low
29.804456840000057,-0.0059244971066409,0.0211640211640211,0.0637773308246285,Low
32.37138986000002,0.168581726698759,-0.1142685796004982,-0.1282171049558597,Low
35.866315310000005,0.2379511476519419,-0.0918827805383386,-0.2150449394294646,Moderate
33.29938229000004,0.2854554763498877,-0.0693598060415438,-0.2704696288511317,Low
38.86904588000005,0.2140456599837756,-0.0520889126941617,-0.2017436524931171,Moderate
31.97831756000005,-0.0480510953262102,-0.0299664169465254,0.0792147806004618,Low
35.775737779999986,-0.0072153090034508,0.0129951138371972,0.0435220632681845,Moderate
31.90312112000004,-0.0366362563674561,-0.0405993533946779,0.0686920958183791,Low
36.71227526000001,0.3715714235414246,-0.2112185566369205,-0.3290798048381043,Moderate
29.585703560000013,-0.0029863184943398,0.0218709545547455,0.0892596586944109,Low
36.18760918999999,0.3094950382657732,-0.1030366589040884,-0.2850264112975673,Moderate
31.28275049000001,-0.0231086338036346,-0.0356395420411178,0.0551203212310111,Low
40.178147540000055,0.1359371590661139,-0.0484553107503927,-0.1191847966291168,Moderate
41.43939692000004,0.1309519356648588,0.0001983995767475696,-0.1363499699338544,Extreme
38.36659694000002,0.2670257791458253,-0.0825826813071207,-0.2544761904761904,Moderate
34.596520880000014,0.149445597914918,-0.1145855643606768,-0.1193082829673284,Low
32.18852579000003,0.0174165457184325,-0.0647502250225022,0.0130621822448181,Low
30.558130249999977,-0.0235717682222675,0.0202440188126235,0.1028305714196548,Low
39.00576668000002,0.183977313009571,-0.0094700785815031,-0.1913915421505291,Moderate
32.51836472000002,0.0058979808714133,-0.0719098578789423,0.0239236916731116,Low
39.67569860000003,0.2722115691914349,-0.1379261059100979,-0.259581537001147,Moderate
32.627741360000016,-0.0067470412564981,-0.0519533766766239,0.0315448908061472,Low
29.667736040000023,-0.0249880847007557,0.0252535565992784,0.1082326566197534,Low
37.77869750000002,0.2201046337817638,-0.0702812561463318,-0.1991772872516252,Moderate
30.8401169,-0.03663836330815,0.0188615007490126,0.1106379038977872,Low
30.582056390000048,-0.0313530242885016,0.0203790018031504,0.1075225490499953,Low
37.04040517999999,0.2896030100591261,-0.1168412302576891,-0.294323918153443,Moderate
36.66955001000002,0.2424600152322924,-0.0524499209702912,-0.2422234913382829,Moderate
41.45648702000005,0.2296802337544755,-0.0947862089180375,-0.2102065613608748,Extreme
30.411155389999976,-0.0208766134250587,0.0206097768693578,0.0925446625844328,Low
39.17154065,0.1429771473300368,-0.0140243902439024,-0.1581227995512051,Moderate
31.674113780000027,-0.0196770398887819,-0.0609646711611353,0.0449549408761785,Low
35.94663878000006,0.2780299084889517,-0.0549976969138645,-0.2740015574591167,Moderate
31.909957159999976,-0.0271683528475616,-0.0441678867740361,0.0589916982791797,Low
29.510507120000057,-0.0350184131235353,0.0266765718916728,0.1042327055752377,Low
32.43633224000001,-0.0062993019692412,-0.051525342301225,0.0426985949374009,Low
30.877715120000005,-0.0300095571838165,0.0166645136287301,0.0580956505599208,Low
34.95370396999999,0.3058365146208036,-0.1447497800548569,-0.2805125137487216,Low
40.20890972000001,0.1292342512259524,-0.0098842897142664,-0.1381211268676576,Moderate
35.603127770000015,0.1666448830218272,-0.0495002939447383,-0.1665359769986184,Moderate
35.49546013999998,0.2444792482380579,-0.0647192817901648,-0.2348096348096348,Low
38.95791440000005,0.2050862996771236,-0.0374742621825669,-0.2085548670797521,Moderate
31.28275049000001,-0.0169347530584503,-0.0343553529394237,0.0511411780784474,Low
31.58353625000001,-0.0349952330211429,-0.0434808975136446,0.0615216798472866,Low
38.34608881999998,0.1526905217153783,0.0117096018735363,-0.1612091670270057,Moderate
39.732095930000014,0.2464365755266696,-0.0781470510693072,-0.2358671691673185,Moderate
33.198550700000055,0.3980037884307154,-0.1635691113603977,-0.3647452082073895,Low
37.40955134000001,0.2500046590506718,-0.0012389723992775,-0.2652606956915415,Moderate
31.11355850000001,-0.0367323783860445,-0.0481804993981295,0.0642823685008128,Low
34.15046927000003,-0.0139964435266448,-0.0131439349286808,0.0262017392289607,Low
37.14636380000002,0.2219906003638568,-0.0761168872348592,-0.2115211182924996,Moderate
30.45217163000001,-0.0229295003422313,0.0235978112175102,0.1002206114087614,Low
39.93888614000002,0.1976050124198272,-0.0503845090802672,-0.1992723357650684,Moderate
38.92373420000001,0.2998173237935759,-0.1535785456142128,-0.2695710356107352,Moderate
37.95985256000006,0.2659128351055863,-0.0830290217182394,-0.257064247471743,Moderate
30.66921590000004,0.0099287533262754,-0.0519163140013113,0.0322439131388462,Low
37.412969360000034,0.2165813879117364,-0.0481471277035404,-0.2082737811656344,Moderate
31.188754940000024,-0.0282697547683923,-0.0481263776634827,0.0612558267068823,Low
31.665568730000015,0.0342295081967213,-0.0564531254186426,-0.0116741500962155,Low
29.15845106000006,-0.0086254107338444,0.0277274253105068,0.0735670419651995,Low
39.12881540000001,0.0979670061252865,0.0345625165212794,-0.1262817053426875,Moderate
31.82621567000001,-0.0133059186370979,-0.0285679292078753,0.0536931658121584,Low
33.41559497000003,0.227971793852399,-0.1295109417402852,-0.2079036739734485,Low
40.51994954000003,0.1924610230399221,-0.0543805646575977,-0.189411193667625,High
36.37730929999998,0.2319524881035818,-0.0847760418358398,-0.2253531462117042,Moderate
33.15753446000002,0.0707712532865907,-0.0793440450554911,-0.0411717709720372,Low
40.19352863000006,0.1790904171092982,0.003405221339387,-0.1862950713882391,Moderate
34.661463260000005,0.2204753961634695,-0.0778948143783146,-0.1959626504300921,Low
34.49568929000003,0.2723261048831041,-0.1490680729439233,-0.2225981924872574,Low
38.90322608000002,0.2526126714565643,-0.1108536673665918,-0.2259868946779606,Moderate
35.70395936,0.2961229692196477,-0.1034594454521896,-0.2672420206829849,Moderate
29.54126930000001,-0.0051296270622487,0.0220102214650766,0.0859763087504776,Low
37.21814222,0.2517985611510791,-0.1125173027486652,-0.2416913428114252,Moderate
35.89195046000003,0.3920553837881436,-0.1910745607729246,-0.3566305309009924,Moderate
36.70202119999999,0.2581574643719336,-0.0689073406331668,-0.2395273899033297,Moderate
35.625344900000016,0.2274403737398574,-0.0298547051368954,-0.2292106373997467,Moderate
39.279208280000034,0.1957717698836844,-0.0588399039632555,-0.193754658506924,Moderate
33.80524925000003,0.2827231077959941,-0.0542071197411003,-0.2680315903731706,Low
35.17758428000002,0.3682037164487268,-0.1676602742944407,-0.3375046254246981,Low
38.46059249000001,0.202018029292712,-0.0523882896764252,-0.2030766821936039,Moderate
37.175416970000015,0.2151863710028064,-0.0530227778729234,-0.2058915823330979,Moderate
31.913375180000003,-0.0169584746539554,-0.011411864566632,0.0623141941125036,Low
33.12677228000001,0.0215950395552704,-0.072262118491921,0.0023490108054497,Low
36.86950418000004,0.20899432397031,-0.0353337072349971,-0.2273029474772844,Moderate
38.69130884000003,0.1730946743187382,0.046018276762402,-0.1717309388278682,Moderate
36.13804790000006,0.2536453433678269,-0.0868774743853329,-0.233864434242506,Moderate
33.70099964000002,0.3263071252191962,-0.1258581930858497,-0.3025340034442765,Low
31.89286706000001,-0.0343689205918764,-0.0179919828470215,0.0591343806542405,Low
33.0447398,0.2600116076610563,-0.1034708103398199,-0.2390542193232776,Low
36.281604740000034,0.1952461799660441,-0.045958795562599,-0.2235439517997837,Moderate
38.49989972000003,0.2114857992332368,-0.0382539310021121,-0.211888782358581,Moderate
32.40898808000003,-0.0215016271501627,-0.0233999878441621,0.0612176628010704,Low
35.334813199999985,0.2725530355700032,-0.1469895842154289,-0.249428086488082,Low
37.24206836000002,0.3117660603269629,-0.143593174974908,-0.29056860228045,Moderate
36.70885724000004,0.1745683026495013,-0.0646805798948542,-0.152887393798249,Moderate
30.89138720000005,-0.0090165518129709,0.0031421074795115,0.0582943174515744,Low
39.81583741999998,0.2023941138347756,-0.0291382517048977,-0.2083365259367098,Moderate
34.98959318000004,0.2962237436722977,-0.1187518832234088,-0.2726753375354674,Low
36.903684380000016,0.2162041442526168,-0.0583006624307151,-0.2118034055727554,Moderate
38.81606657000003,0.1590416542399841,-0.0085816118204782,-0.1719742661841576,Moderate
38.49306367999998,0.2239526411657559,-0.1344278900941206,-0.1802573222675975,Moderate
41.45990504000002,0.1960849247525481,-0.0416586553867845,-0.2034801925212884,Extreme
32.40215204000003,-0.0358498523829607,-0.0287367405978784,0.0687849162011173,Low
38.39052307999998,0.2384682695112296,-0.0815078960774325,-0.2151267375306623,Moderate
31.749310219999984,-0.0499139414802065,-0.0020746887966804,0.1146245059288537,Low
38.91006212000002,0.1810448599630848,-0.0207379664308503,-0.1930606785294475,Moderate
35.63047193,0.3365138009577272,-0.1279458731287935,-0.3038001259710267,Moderate
38.937406280000005,0.0859043886433031,-0.0208645730688488,-0.096144999539976,Moderate
30.582056390000048,-0.0125193047021325,0.0100797153962711,0.0628664088811276,Low
38.09657335999998,0.1850158828542651,-0.0115406236566251,-0.2081835775504562,Moderate
42.36909836000001,0.244174150278504,-0.082199004647177,-0.2345841479921792,Extreme
32.00224370000001,-0.040774841564032,-0.0114739629302736,0.0798348245010323,Low
33.27032912000004,0.0556203811746402,-0.0752773375594294,-0.0188234032284013,Low
31.561319120000007,-0.0448210429889419,0.0221061093247588,0.1270705017042396,Low
32.81915048000002,0.0463080115390455,-0.0962405217667956,-0.0197297030679688,Low
35.19809240000001,0.279395900755124,-0.0924625988628783,-0.2710743190805277,Low
38.67763676000004,0.2415880777738968,-0.0560507031095266,-0.2318355088367794,Moderate
38.472555560000046,0.2586685709751646,-0.1062064156206415,-0.2438641888183172,Moderate
30.43679054000006,-0.0283907472125145,0.0279377976091372,0.060776680286992,Low
30.7375763,-0.0361041141897565,0.0147223872714068,0.1134871840565505,Low
39.279208280000034,0.1844155844155844,-0.0543898398674765,-0.1660623640319072,Moderate
34.13167016,0.1497575262879915,-0.111183294663573,-0.1195474309224367,Low
31.357946930000026,-0.0104179509308346,-0.0231683610057681,0.0529482906108964,Low
30.89138720000005,-0.0090165518129709,0.0031421074795115,0.0582943174515744,Low
31.516884860000005,-0.0475696021805438,0.0193772551115862,0.1230879541108986,Low
32.80718740999998,0.0655471289274106,-0.0733171288258346,-0.0466308711846369,Low
34.76400386,0.2615759377386924,-0.1336771416910919,-0.2313520048357848,Low
30.63845372000003,-0.0229923358880373,0.0183145277396457,0.08828010821232,Low
33.79328618,0.1243382316560288,-0.0979368990674977,-0.0959776212983505,Low
35.404882610000016,0.3883797163500134,-0.1851354823972817,-0.3599934469200524,Low
36.71569327999998,0.3820841604520986,-0.2478121871669842,-0.3430537694205971,Moderate
29.249028590000023,-0.0150148081823817,0.027175946396381,0.0922593544701513,Low
37.542854120000015,0.3121542940320232,-0.1277464149999218,-0.2961179007907979,Moderate
37.67273888,0.3445585215605749,-0.1762169929944314,-0.3126190237546357,Moderate
40.03117268000005,0.2605649717514124,-0.0446344965353642,-0.2675352219360702,Moderate
31.081087310000044,-0.0139412734333528,-0.0419508162843562,0.0486023128554869,Low
37.573616300000026,0.2590837833130117,-0.0203263508554005,-0.2676288515160549,Moderate
41.41888879999999,0.2436649393542509,-0.0646560829365788,-0.2313474910731065,Extreme
32.25859520000006,-0.0421775092391623,-0.0157387247278382,0.0643516130880751,Low
31.443397430000005,-0.0157629060728995,-0.0209772238105946,0.0555687626292642,Low
39.57315800000004,0.3227762060476908,-0.1450107338793035,-0.3046566406957782,Moderate
38.7015629,0.3116578349735049,-0.1085023351033203,-0.2994113015111178,Moderate
34.220538680000004,0.3149803074831564,-0.1319072777022492,-0.2683481815727563,Low
32.16801767000004,0.0708569692058346,-0.1049097227665856,-0.0438667950332024,Low
36.75158249000003,0.2480764433869946,-0.0603309153150216,-0.2317918418361549,Moderate
34.92294178999998,0.2474149793591507,-0.1050047017030613,-0.224168531522494,Low
40.37981072000002,0.1764750521722633,-0.016356901694693,-0.1754938014179019,Moderate
42.44771281999999,0.1703151311041616,0.0146502835538752,-0.1839863713798978,Extreme
32.49956560999999,0.2873321802157977,-0.1578479488841559,-0.250685178146318,Low
31.35965594000004,-0.051083787552288,0.0121404064396938,0.1189313246630965,Low
35.645853020000004,0.1884888953403977,0.0185501513380682,-0.2096029547553093,Moderate
36.82506992000003,0.246642223446494,-0.0599066431928674,-0.2500380981408107,Moderate
36.84557804000002,0.1860521823945379,-0.0493689547301427,-0.1736507681171077,Moderate
36.46959584000001,0.3754185612068662,-0.1827715809893307,-0.3553541037129658,Moderate
38.49306367999998,0.0672402958379658,-0.0084501895583063,-0.0714355042220712,Moderate
39.60562919000006,0.2320429980042286,-0.0790744362333639,-0.2235086342229199,Moderate
40.28068814000005,0.0859873698583376,0.0957564732967626,-0.1042693509198195,Moderate
34.31282522000004,0.1915809792494153,0.0590097616744349,-0.2158630354910798,Low
31.40067218000001,-0.030713479474841,-0.0198137383586474,0.0803224170001691,Low
36.47984989999998,0.2707463899250286,-0.0544574177928963,-0.2777777777777778,Moderate
31.60917140000004,-0.0498759629194411,0.0057384888645989,0.1017712769240264,Low
36.85241408000002,0.234654451304521,-0.0887249736564805,-0.2212765957446808,Moderate
41.442814940000005,0.2189233568543913,-0.088365826596925,-0.2021183473389355,Extreme
39.73380494000003,0.2423081300504571,-0.0953671182471985,-0.2362112575031145,Moderate
31.28787752000005,-0.0276189903122931,-0.027401614851548,0.0649230413146626,Low
40.195237640000016,0.1884499843070439,-0.0963992471717234,-0.167253831248899,Moderate
31.732220120000022,-0.0354272104793093,-0.0173962193054072,0.1059602649006622,Low
32.05693201999998,-0.0036718364662684,-0.0616678346180798,0.0362595419847328,Low
30.37868420000001,-0.0220050570628032,0.0214031728665207,0.1008136722063397,Low
29.32935206000002,-0.0218968205545386,0.0343350512013921,0.1029036871230491,Low
37.53943609999999,0.1022521160822249,0.0630520669386181,-0.1477473932716899,Moderate
32.09794826000001,-0.0281153204670002,-0.0346227013316423,0.0607874740962468,Low
33.97785926000006,0.0436991283265023,-0.055150277210388,-0.0258738084430322,Low
33.39337784000003,0.0947654793692377,-0.1036058913153885,-0.0564441635470854,Low
35.50571420000006,0.2381625441696113,-0.0670997868236727,-0.2253652471246503,Low
35.78940985999998,0.2906101978266927,-0.1174909529553679,-0.2570852556895281,Moderate
41.8461413,0.1253703414938406,0.0228480519920116,-0.1416594162777821,Extreme
33.44806616000005,0.0694277273224641,-0.0907924107142857,-0.0362065309584393,Low
31.43485238000005,-0.0179080920293814,-0.0199861295000315,0.0700695522216474,Low
41.357364440000026,0.0588407494145199,0.0757043378266147,-0.0750482984098677,Extreme
40.34733953,0.1263718917714349,-0.0059373756136393,-0.1308238715811846,Moderate
41.38129058000004,0.1297439062017895,0.047848134182811,-0.123547236392927,Extreme
38.02821296000002,0.3479734602625126,-0.1419581487704292,-0.3207320520067835,Moderate
36.558464360000016,0.279058162529802,-0.0741769754916417,-0.2708842163254063,Moderate
31.034944040000028,-0.0394606385088241,0.0218093699515347,0.1097224774857563,Low
31.728802100000053,0.0181642628688672,-0.017918552036199,0.0193548387096774,Low
33.663401420000014,0.2254412254412254,-0.0931437164658485,-0.1976242779269384,Low
32.46880342999998,0.0500525995238358,-0.0617214835549335,-0.0039437812657155,Low
40.044844760000046,0.2377835286953874,-0.0789185602919223,-0.2256095263217394,Moderate
37.50354689000005,0.1876259501502563,-0.0207852193995381,-0.207737110807507,Moderate
42.04267745000004,0.3333220074071557,-0.1621281447588586,-0.304858178432481,Extreme
35.84068016000003,0.2438392907035222,-0.0946674753700637,-0.2292767336119139,Moderate
41.90424764,0.1217194922513822,-0.0442599775256461,-0.1296368912242177,Extreme
38.04530306000004,0.2450619483038435,-0.0977175961471347,-0.2235101913801151,Moderate
36.79430774000002,0.3322797313314895,-0.1307157663699548,-0.3048158440918845,Moderate
33.99153134000005,0.0078451739879178,-0.0316749678213666,0.0211850907932462,Low
41.88544853000002,0.1356755103601192,0.0316355635237552,-0.1452859648784625,Extreme
35.909040559999994,0.2878660079527654,-0.0968050899637408,-0.263207658669188,Moderate
40.78655509999999,0.1688470292174749,0.0115636784702771,-0.1853186219319973,High
33.63263924,0.393794495802784,-0.1870409194431456,-0.3614614147075614,Low
34.52132444000006,0.2962993020613537,-0.2078796128251663,-0.2645370700233543,Low
38.998930640000026,0.2299983966650633,-0.0883876001986238,-0.2245989304812834,Moderate
38.30507258,0.2393962848297213,-0.0773733432012379,-0.2274730750067073,Moderate
38.73232508000001,0.2340867957949863,-0.067981871500933,-0.2247955361920049,Moderate
29.619883759999997,-0.0189088444595052,0.0238047069930541,0.0934936439351243,Low
35.60141876,0.2461457471610137,-0.068308565165533,-0.2472244175981333,Moderate
34.0872359,0.2689883913764511,-0.1168266735858847,-0.2511445389143231,Low
32.09453024000004,-0.0461997019374068,-0.0210593490746649,0.074074074074074,Low
32.17998074000002,-0.029119101397961,-0.0227652733118971,0.0672687818896252,Low
36.88659428000005,0.1733174950814804,-0.0224824507488758,-0.1931149026121093,Moderate
39.14248748,0.2044070512820512,-0.0213705704481364,-0.2110054785691266,Moderate
38.518698830000005,0.1479394079071424,-0.056579759333539,-0.1294811272135067,Moderate
35.64756203000002,0.3214745465184318,-0.1644038084762657,-0.2941378717552003,Moderate
36.06626948000002,0.2352686878559479,-0.0774830311178148,-0.2351293954030333,Moderate
34.86312644000003,0.3316358508304606,-0.1903077838859904,-0.2991668577543377,Low
32.5149467,0.0180985840519535,-0.0524983491085186,0.0153925353925353,Low
37.71717314,0.2706808343171979,-0.0641355217190692,-0.2560980354016728,Moderate
40.00041050000005,0.1689081199080029,-0.0343209961712255,-0.1729317426168589,Moderate
33.55744279999999,0.3029647435897435,-0.1579846893359444,-0.2714833059660645,Low
29.53785128000004,-0.0172472100101454,0.0163823449769834,0.0923288355822088,Low
39.00747568999998,0.1543242428808196,-0.0143656284134917,-0.1551074255559743,Moderate
42.950161760000015,0.1227277466893747,-0.0159459034439377,-0.1597314472408717,Extreme
34.56404969000005,0.2950567307144079,-0.1281974867133561,-0.2676402195144637,Low
35.83384411999998,0.3087302632817058,-0.1554514338882796,-0.2825657955404732,Moderate
35.71421342000002,0.3399707174231332,-0.1815740549473249,-0.3022196926579397,Moderate
30.874297100000035,0.0261366132220513,-0.0521337687197387,0.00016050505590926113,Low
36.08335957999998,0.3202741675718191,-0.1105510223370404,-0.2888953892281253,Moderate
39.81241940000001,0.1788835242009497,-0.016620212656137,-0.1817127314907403,Moderate
41.46674108000002,0.2015608823763637,-0.0796808472575047,-0.1929630361731567,Extreme
30.99734582000002,0.0081495685522531,-0.0392241645561801,0.0434387082101432,Low
41.2138076,0.175011445457194,-0.0376741279817694,-0.1664669669049291,High
39.879070790000014,0.1123740442317399,-0.019218910585817,-0.1376837918969044,Moderate
39.58341206,0.086769616796738,0.0857107379008474,-0.1515933528836754,Moderate
39.26553620000004,0.0774331333265534,0.0213748637514086,-0.0753334280668277,Moderate
36.49694,0.3587602652647493,-0.1670060498745757,-0.3306413621374251,Moderate
39.40567501999999,0.4180052297347777,-0.1940520446096654,-0.3766319398654886,Moderate
29.551523360000036,-0.0185185185185185,0.0230414746543778,0.0894391106619504,Low
37.43347748000002,0.2039176677634095,-0.0709593982915291,-0.2092844516178618,Moderate
39.046782920000055,0.1916676455616899,-0.0547949953211104,-0.1823161493337477,Moderate
36.61657070000001,0.3197418136020151,-0.1604775912787679,-0.2899403731486824,Moderate
41.34369235999998,0.1076172640564435,0.0227857829010566,-0.1122190151316364,High
31.41092623999998,-0.0215509301897218,-0.0230139624458353,0.0598784732464161,Low
33.560860820000016,0.3691062758496673,-0.1518479855973615,-0.3401629966027706,Low
34.36067750000001,0.3457903470168098,-0.1250565423238141,-0.3163502928515983,Low
38.54433398000003,0.2260203888278318,-0.0498117860851505,-0.2130108736407949,Moderate
31.34769287000006,-0.0161110952693261,-0.0488813229571984,0.0539073210858239,Low
34.10261699,0.313976542088977,-0.0945376529966506,-0.2911530688418331,Low
37.04211419000001,0.2983181326911773,-0.1118291791832426,-0.2820071147725145,Moderate
38.95449638000002,0.0982022958631145,-0.0783955081032796,-0.1037004788855028,Moderate
36.21666235999999,0.2921477407567853,-0.1106002719678818,-0.2735812278389366,Moderate
32.93194514000004,-0.0302416954399333,-0.0334982870194137,0.0669568703820379,Low
30.582056390000048,-0.0378299798460369,0.0234398578183159,0.1101808848692251,Low
36.09361364000006,0.2549946995025687,-0.0657525708943596,-0.2255624129006569,Moderate
30.33595895000002,-0.0215958633275879,0.0284256804376279,0.0964137457473704,Low
31.262242370000024,-0.0394770792121785,-0.0372434289960063,0.0867111898596156,Low
40.70964965000002,0.1693427192913074,-0.0094912939569819,-0.1665285832642916,High
37.26257648000001,0.2255078125,-0.059487023622579,-0.2133036836507783,Moderate
35.529640340000014,0.332412204951065,-0.1239316239316239,-0.3044752564536129,Low
30.450462620000053,-0.005213188330744,0.0152426520847573,0.0722519157704939,Low
38.622948440000016,0.2626211904669937,-0.0983501898457713,-0.2491115441935114,Moderate
33.314763380000045,0.0577023714435232,-0.0757164066220342,-0.0128178077856313,Low
30.894805220000023,-0.0161206765198842,-0.0125446904597629,0.0591286609354509,Low
36.16197404000002,0.2746478873239437,-0.0656495315269688,-0.2579307252550162,Moderate
35.76377471000001,0.1559155733029093,-0.0670233381076754,-0.1354986214780445,Moderate
29.749768520000032,-0.0192542372881355,0.0211124644742184,0.090417505030181,Low
35.22885458000002,0.2056356927205635,-0.0375122287620483,-0.2118464679766967,Low
37.624886600000025,0.2316633114293311,-0.038728897715988,-0.2315229775921002,Moderate
41.097594920000006,0.1496875,0.0293516258821977,-0.1484762164904202,High
36.36192821000003,0.2754774280207907,-0.1284877712710988,-0.2585236549432396,Moderate
33.74543390000002,0.3543507109004739,-0.2410666203422218,-0.3098769732861517,Low
33.85651955000003,0.3763366426814828,-0.2245182411954425,-0.3350178464148143,Low
32.77300721000006,0.0058317901661092,-0.0234546374936723,0.0313032367972742,Low
39.576576020000005,0.2595142474660546,-0.0634930887482237,-0.2417980239837091,Moderate
31.957809440000005,-0.0129943185014344,-0.0517293052808247,0.0470345426895502,Low
34.04621966000002,0.0656098634962571,-0.0623353819139596,-0.0276008492569002,Low
36.03208928000004,0.3073855722816858,-0.1219096892498117,-0.2898635294117647,Moderate
29.60621168,-0.0215213860314022,0.028425509038371,0.0946775203506574,Low
33.054993860000025,0.3162881754111198,-0.17385383567862,-0.2896271290471076,Low
31.02298097000005,-0.0090566037735849,-0.0057770259487408,0.0549424184261036,Low
36.63366080000003,0.2690621559403463,-0.1214179579707068,-0.2459415903462914,Moderate
35.65610708000003,0.3383958920951761,-0.1263542300669507,-0.3079369566753834,Moderate
32.385061940000014,-0.0105537768291236,-0.0365861233616994,0.0546113754815318,Low
44.04563717000002,0.1067466384413344,-0.0064525328865281,-0.1268235247161188,Extreme
38.70839894000005,0.2239904038384646,-0.0843399100279834,-0.2164030835253914,Moderate
35.66465213000004,0.2557096488639717,-0.0872208880486434,-0.2338410391216947,Moderate
34.483726219999994,0.3104486168840475,-0.1435539851786998,-0.2903362382246057,Low
32.99688752000003,0.2468229819223196,-0.1277319086935405,-0.216768558951965,Low
32.42607817999999,0.0862874036415881,-0.083145076863739,-0.0461669460631702,Low
37.16345390000004,0.32959751885529,-0.1287774519777392,-0.3089306779543404,Moderate
31.39896317,-0.0321409622741615,-0.0459607085734979,0.0619502557579366,Low
37.18738004,0.1972984942426926,-0.0681900497184814,-0.1948291101944608,Moderate
30.887969180000027,0.0034466365581174,-0.0431183592784778,0.0337052932761087,Low
34.49227127000006,0.048329998460828,-0.0267065296585684,-0.0245186522262334,Low
33.058411879999994,0.0520306638395041,-0.086712344153656,-0.0183674543445081,Low
29.57544949999999,-0.0389905194284951,0.0267748478701825,0.1143243908442037,Low
34.18123145000004,0.2552610993455822,-0.0846563463409004,-0.2441990204050757,Low
37.77869750000002,0.2162172831708183,-0.0669067737913838,-0.2104353292472104,Moderate
41.97773507,0.1298984174714239,-0.005385565312843,-0.1464278030940134,Extreme
30.77175650000004,-0.0228523337864957,0.0100347609365776,0.0596224534296928,Low
36.117539780000016,0.2735817881402607,-0.1224152994854868,-0.2580610061296289,Moderate
40.66350638000006,0.1430885747843343,-0.0183655060436586,-0.1333574268160462,High
36.25255157000004,0.2622947596106577,-0.120060021286619,-0.2385729996719983,Moderate
30.793973629999986,-0.0327275188682438,0.0218358546101718,0.1088522341055782,Low
42.09565676,0.2105222968845449,-0.0587724570894276,-0.1925825622508087,Extreme
33.612131120000015,0.2132594694410665,-0.1160459046277499,-0.1858601866525796,Low
31.09646840000005,-0.0515896427400852,0.0236199217168308,0.1217676338472744,Low
31.53226595000001,0.0039277297721916,-0.0644494227123901,0.0261194029850746,Low
32.49443858000001,0.2671817123505133,-0.150466966447596,-0.2320293046323544,Low
37.512091940000005,0.1929988695279304,-0.0383036471586089,-0.1930918872558574,Moderate
30.47780678000004,-0.0447245037076447,0.0206586213949682,0.1161159313273029,Low
36.18590018000003,0.3037819344762188,-0.1022730845411387,-0.2748627322642813,Moderate
39.132233420000034,0.2672142473324633,-0.0807201309328968,-0.2485487927089833,Moderate
37.40271530000001,0.2332315305215139,-0.0449423480083857,-0.2277258207289381,Moderate
31.28616851000004,-0.0414751871441371,-0.0124557333007693,0.0662236738371438,Low
40.31486834000003,0.1609433817315817,-0.0041529618924216,-0.1761684243296883,Moderate
32.08085816000005,0.0303836770902639,-0.0684758236071983,0.0040728831725616,Low
40.10124209000003,0.1769001241729525,0.0193195682053341,-0.2112230106050202,Moderate
35.58774668000001,0.3031713925886349,-0.1391636503144234,-0.2810008815861047,Moderate
31.25198831,-0.0164274597959536,-0.0492206474621084,0.0529470529470529,Low
32.16972668000005,-0.020328162625301,-0.0501230566060387,0.0510956823605988,Low
33.400213880000024,0.3206420008761798,-0.1862133109159527,-0.2916293382152456,Low
40.74553886000001,0.2369427224470099,-0.0857962136270324,-0.2330977315620027,High
36.97204478000003,0.2023512646954043,-0.0999307451012343,-0.1779076869383125,Moderate
40.325122400000055,0.1545545622688039,-0.0048628345294788,-0.1599403828658808,Moderate
35.90049551000004,0.2752752372078872,-0.0785064162351654,-0.2690255439924314,Moderate
32.81402345000004,0.3781914315720856,-0.2071689135606661,-0.3469481657139823,Low
33.249821,0.2761283550757235,-0.0572706379278216,-0.2676696209130855,Low
29.695080200000007,-0.0111331193224506,0.0176414710272764,0.0815200152255281,Low
41.43256087999998,0.1797748432082895,-0.0060457082115333,-0.1940545655259422,Extreme
34.97421209000004,0.3427161128135493,-0.1577614986630381,-0.3108686694971426,Low
40.981382240000016,0.3180030710460282,-0.1321944471254383,-0.2997488550746048,High
38.725489040000014,0.213544055710771,-0.0850857568978374,-0.1944672467575111,Moderate
29.910415460000024,-0.0097540870998763,0.0238353196099674,0.0572848548260528,Low
38.83144765999998,0.3078870931704774,-0.099452183440288,-0.2859548916227299,Moderate
34.32307928,0.3809991217647362,-0.1708470814961894,-0.3430691162432382,Low
32.46025838000003,-0.00021774632553075667,-0.0451260456381949,0.0314057432165176,Low
37.401006290000055,0.3081023454157782,-0.1226717208025619,-0.2918217710095883,Moderate
29.63697386000001,-0.0354894870764698,0.0267567567567567,0.1114127082048118,Low
33.10797317000004,0.1932742885402149,-0.0932756667696426,-0.168761971861996,Low
42.44771281999999,0.1710694663957251,-0.0192584829031835,-0.181428191792263,Extreme
35.20151041999998,0.1639817929942608,-0.024704693543329,-0.1609032054318648,Low
36.52257515000002,0.2081598994738082,-0.0538989843629575,-0.2280519687867962,Moderate
37.79236958000001,0.0922300948721027,-0.0136528280858177,-0.1031819835846844,Moderate
39.39542096000002,0.13737680060652,-0.0089108577961599,-0.1449723335241366,Moderate
34.22737472000006,0.0752635926339828,-0.1175074483664091,-0.051056756114937,Low
31.43485238000005,-0.0466115702479338,0.0099553724682457,0.1017814874797558,Low
29.70533426000003,-0.0102894772945534,0.0199701127564189,0.0894863056922882,Low
29.913833479999997,-0.0206361097868283,0.0236947518500916,0.0926872357877468,Low
36.69518516000005,0.2984761284250914,-0.1350419237462427,-0.2803783349692156,Moderate
36.03892532000003,0.2595891803945495,-0.0875344606577815,-0.2359115581098339,Moderate
34.376058590000014,-0.0402759990590941,-0.0463327064455462,0.063408661939499,Low
35.47153400000002,0.3203905454819618,-0.1450147106897679,-0.2923769463508228,Low
33.47711933000005,0.3613768156476664,-0.166120969158774,-0.3261647443465625,Low
35.28354290000004,0.2511767222935387,-0.0784030488367089,-0.2505078584411419,Low
35.254489730000046,0.3794376401587028,-0.1737783844877948,-0.3472042050642721,Low
36.001327100000026,0.3908801696712619,-0.2064387551739997,-0.3431643625192012,Moderate
36.11070374000002,-0.0112696385943485,-0.0613193492640486,0.0332736253596048,Moderate
35.18954735,0.2065697041654299,-0.0448088555321372,-0.204734055164783,Low
40.13371328000005,0.114713070681396,0.0105175466000208,-0.1313027086020438,Moderate
34.51277938999999,0.0988540367555356,-0.055322033898305,-0.0796476544979539,Low
37.03356914000005,0.2358730789373882,-0.0655352277150642,-0.2463166329745579,Moderate
29.74293248000004,-0.0350700730905921,0.0252658673711305,0.1070431275209432,Low
31.810834580000005,-0.0356190937727162,-0.0127226463104325,0.1068723702664796,Low
32.5149467,-0.011524676040805,-0.0546567041242572,0.0320211674496463,Low
29.68482614000004,-0.0057613168724279,0.0172203389830508,0.0842125213216248,Low
31.643351600000017,0.0024697307391121,-0.0137670565302144,0.0378122109158186,Low
37.11901964000003,0.1994028577521859,0.0355274816360362,-0.2216128156394244,Moderate
40.2738521,0.1305251809641152,0.0173853387547479,-0.138503295851105,Moderate
31.67240477000001,0.0012624813497073,-0.0567500454242626,0.0361818483124344,Low
45.91358509999998,0.0616391599405694,0.0791041136925702,-0.059426968543378,Extreme
33.06866594000002,-0.0427054753668137,-0.0195654935840426,0.0646853146853146,Low
37.13440073000004,0.3432317169483494,-0.1491201729625848,-0.3123456790123456,Moderate
33.902662820000046,0.1397330113369558,-0.1011017498379779,-0.1171017160891577,Low
32.135546480000016,-0.0281682190234264,-0.0470108860913458,0.0538059906567738,Low
34.10774402000004,-0.032940219601464,-0.0383631713554987,0.0632526730444569,Low
37.36682609000002,0.2739603922024571,-0.0516011388720048,-0.2628990741096469,Moderate
32.4124061,0.0278611230175739,-0.0683893963020717,-0.0081984443977296,Low
37.82142275000001,0.1707179425162252,0.0131838260278627,-0.1567983111270438,Moderate
30.354758059999995,-0.0420947961551209,0.0231206057328285,0.101424040793483,Low
39.07070906000001,0.2489346866041683,-0.1104222635530757,-0.2270685849128416,Moderate
30.498314900000025,-0.0328233470378108,0.0212794980220979,0.1109872068890747,Low
34.743495740000014,0.1579287130539032,-0.1178774928774928,-0.1279195113187208,Low
31.54764704000001,-0.0357298204188156,-0.0010967034384878,0.1126486733760292,Low
29.62330178000002,-0.0099389951333196,0.0202808112324493,0.0997818635088812,Low
35.29208795,0.2080575211139009,0.0008652560371273499,-0.2030687630232998,Low
39.14248748,0.2575407817790089,-0.0505238799254354,-0.2519774011299435,Moderate
32.54229085999998,-0.0158102766798418,-0.0361916771752837,0.0529591425113813,Low
37.26257648000001,0.2606839344528931,-0.094774011299435,-0.2375858214912981,Moderate
30.800809670000035,-0.0356937248128957,0.010209776435442,0.110540755819099,Low
29.879653280000014,-0.0074489168318184,0.0187812457775976,0.0820956834987044,Low
36.76867259000005,0.3074541645811319,-0.1065472174717981,-0.2879709271535273,Moderate
42.62886788000003,0.231896025562776,-0.0665174686062414,-0.2369142033165104,Extreme
39.64493642000002,0.2071525753158406,-0.0717515099223468,-0.2038300511707241,Moderate
34.02742054999999,0.3525995133128475,-0.156047426029664,-0.3220027082392972,Low
40.885677680000015,0.0941962321507139,0.0355720077560373,-0.1015099657741091,High
37.534309070000006,0.1946475086127216,-0.0643235453745812,-0.1988784889113753,Moderate
36.29869484000005,0.3622824198972615,-0.2189814814814814,-0.320130358485836,Moderate
29.41480256,-0.0060290490545354,0.0306674684305472,0.0911482803984213,Low
33.30792733999999,-0.0454095016030311,-0.0392841276892809,0.0678506375227686,Low
36.86266813999998,0.2906688084112149,-0.0487066919791172,-0.2836861406630115,Moderate
37.95643454000003,0.2924470371507522,-0.0805711535376223,-0.277251005082303,Moderate
37.16174489000002,0.1591592666857633,0.0515491100856954,-0.1962309468822171,Moderate
32.06035004,0.3250391236306729,-0.1788374521406195,-0.294301983414224,Low
35.71421342000002,0.2779906639726886,-0.1061994934266071,-0.2724497936249176,Moderate
36.035507300000006,0.1727201777030677,-0.0503656438199024,-0.1574103333860009,Moderate
30.39919232,-0.0279269239860871,0.0183132694471916,0.1061358837411501,Low
35.76890174000005,0.3847935160169818,-0.1825086512965709,-0.3520837258697178,Moderate
36.26280563,0.2345745603051376,-0.0018446146631233,-0.2352884485649852,Moderate
37.73426324000002,0.2202098605720856,-0.0241901429691741,-0.2287761453282188,Moderate
37.12585568000003,0.2519248788039271,-0.0919589240663752,-0.2287485005997601,Moderate
31.20926306000001,-0.0112303744377914,-0.0616537789233549,0.0477784863945578,Low
36.56871841999998,0.2962495946968332,-0.1629335143346585,-0.2992452966453616,Moderate
41.08734086000004,0.1473530317020621,-0.0176767676767676,-0.1555331680099194,High
31.25027929999999,-0.0465972178903374,0.0075324675324675,0.113302778905842,Low
33.75397895000003,0.1313897565570925,-0.1032732195522893,-0.0945676939681016,Low
34.333333340000024,0.2986563350094798,-0.1454747059785869,-0.2612280842206388,Low
39.99357445999999,0.2596801183017473,-0.0918474044591358,-0.2486980673533156,Moderate
40.21916378000003,0.0794089759797724,0.0324728212755409,-0.0872696884078156,Moderate
33.25665704000005,0.4192186557662668,-0.2116132723112128,-0.3894246539395132,Low
38.359760900000026,0.1651082677165354,-0.0057705243034658,-0.1595445083874127,Moderate
42.90572750000001,0.14902332637967,0.0403877221324717,-0.1481958762886598,Extreme
36.23033443999998,0.3129359176910331,-0.1674090317275406,-0.2895802581280042,Moderate
36.43883366,0.317003094150582,-0.1231740646498916,-0.3099102399706906,Moderate
36.756709520000015,0.1447663508627397,-0.1786993402450518,-0.1429877073527395,Moderate
35.95689284000002,0.1372023709855664,0.0958998935037273,-0.1921362120414253,Moderate
38.402486150000016,0.2804498514641392,-0.0638654227576581,-0.2778513067570191,Moderate
34.336751359999994,0.3711345929640802,-0.2187186446253803,-0.3333333333333333,Low
31.12723058000006,-0.0356047472996399,0.0252712446930386,0.1219571419899229,Low
37.31555579000002,0.3238946093276802,-0.1808880634813439,-0.2944202831498103,Moderate
29.67457208000002,-0.0088144858216604,0.0219135594363158,0.1029066171923314,Low
34.54695959000003,0.3565557035064358,-0.1349295942011764,-0.3282572794437201,Low
29.582285540000044,-0.0181694915254237,0.0165693331522477,0.0955533349987509,Low
42.030714380000006,0.0883648187018973,0.0229086609518179,-0.1,Extreme
33.73859786000003,0.3005046643217617,-0.139488141498057,-0.2718638997943541,Low
33.50959052000002,-0.0248006118212607,-0.0511688158746982,0.0528689285619545,Low
29.842055060000007,-0.0209165369254721,0.0230987437525327,0.0820587675318905,Low
41.43597890000001,0.1061260396673064,0.0274242317699177,-0.1230563111526125,Extreme
35.211764480000056,0.275497061901312,-0.099217842215709,-0.2580786026200873,Low
31.306676630000027,-0.0359324366952482,-0.033318989364972,0.06364370665404,Low
31.64506061000003,-0.0028186088801333,-0.0341012666184744,0.0415683532873081,Low
37.67273888,0.2971663654888692,-0.1209755125095524,-0.2756352087114337,Moderate
37.79236958000001,0.1746557363808908,-0.0360265702633875,-0.1753677064813318,Moderate
36.860959130000026,0.2444139434430696,-0.1016958238773431,-0.2231083601158592,Moderate
32.65850354000003,-0.0129884547069271,-0.0450778724654716,0.0467460062185054,Low
29.619883759999997,-0.0135344421251094,0.0252827677977378,0.0802360622802611,Low
30.995636810000008,-0.0334848344309433,-0.0167506911692958,0.0708595886339317,Low
31.14090266000005,-0.0360392087808886,-0.0309478970495919,0.0848912044131167,Low
29.616465740000024,-0.0421394916716437,0.0256514108275955,0.1101109741060419,Low
30.1052426,-0.0097815343716983,0.020860715128231,0.0743301366807914,Low
38.99209460000003,0.1881102019842681,-0.0329564589848448,-0.1843183609141055,Moderate
33.06524792000005,-0.0314174378957623,-0.0175259050786746,0.0490764540618088,Low
34.92806882000002,0.2955160999097201,-0.1468531468531468,-0.2691627358490566,Low
31.04348908999998,-0.025176414304509,-0.0306651492159838,0.063806570181484,Low
31.27762346000003,-0.0488255476378991,0.0260775570868801,0.1258792141644433,Low
42.02729636000004,0.1007733397113928,0.0282577330471196,-0.1170711974110032,Extreme
42.669884120000006,0.081163612986178,0.102558116265884,-0.0921784308154402,Extreme
30.523950050000053,-0.0219960379807363,0.0207920114903221,0.0968332071662881,Low
32.220996979999995,0.0052606408417025,-0.0809668018970344,0.0376926598504501,Low
30.85378897999999,-0.0289548900211258,-0.0066993043030146,0.0664834836628636,Low
34.79305703,0.24521620153323,-0.1267159450897571,-0.2170065485437848,Low
37.477911740000025,0.1635986733001658,-0.0100770172029079,-0.1711734268068769,Moderate
31.13406662,-0.050364351583156,0.0157732923405961,0.116616676664667,Low
33.348943580000025,0.1421722710929196,-0.0820283210865699,-0.1192908587257617,Low
33.051575840000055,-0.0186654868235489,-0.0487307544549188,0.045123099690569,Low
30.445335590000013,-0.0220633631194151,0.015151019339638,0.0662405758431324,Low
38.43837536000001,0.2724806672334912,-0.0882806142765629,-0.2550765728890042,Moderate
39.262118180000016,0.260303771899157,-0.0618229422353133,-0.2541652170551625,Moderate
31.28104148,-0.0492193702037576,0.0272099634493028,0.1182281121541198,Low
39.13565144000006,0.1821689846450679,-0.0047830543218312,-0.1919429358839264,Moderate
32.398734020000006,-0.0145976944911081,-0.0491874055570974,0.0557575421165107,Low
29.61304772000005,-0.0159848279599024,0.0168505109291466,0.0918864858107263,Low
31.339147819999997,-0.0537268503370198,0.0087063823952834,0.108892586430024,Low
40.540457660000015,0.0799125769918537,0.0419009677589945,-0.0855419521060936,High
42.87154730000003,0.1679398016189716,0.0473356272668092,-0.1794596254221676,Extreme
35.55014846000006,0.322349732984888,-0.1755159758930675,-0.2886247877758913,Moderate
29.736096439999983,-0.0172273467173087,0.0269290175273655,0.0923327486845402,Low
35.56382054000005,0.1753261937052799,-0.0964139254864322,-0.1521569706138541,Moderate
40.17472952000003,0.039835743366559,-0.0185474860335195,-0.0544542121934726,Moderate
31.414344260000007,-0.0331081081081081,-0.0400654129190515,0.0599441616028904,Low
35.261325769999985,0.2863719541558316,-0.0958468026451814,-0.2692336931731792,Low
38.04872108000001,0.2459507075605736,-0.1115242263946865,-0.2425845456262989,Moderate
35.63559896000004,0.2744221295945434,-0.0580758824639778,-0.2754370662520384,Moderate
36.172228099999984,0.1587236729690576,0.0352868408844904,-0.19120174132203,Moderate
33.909498859999985,0.1673659673659673,-0.1256462126320521,-0.12382747632512,Low
37.573616300000026,0.2346467873624423,-0.0674896838659073,-0.2316833241520421,Moderate
39.26895422000001,0.3545893719806763,-0.1390105904540838,-0.3267092500591436,Moderate
38.57167814000002,0.2246440862843924,-0.0750689273744861,-0.2139821029082774,Moderate
38.60414933000004,0.3317229409343855,-0.1816464237516869,-0.3131837109182017,Moderate
41.21722562000002,0.1944851146900927,-0.0328456885637923,-0.183940016930705,High
35.67319717999999,0.1986064105116464,-0.1083578792341679,-0.1900535668399517,Moderate
32.942199200000005,-0.0295509638693293,-0.0400841271805022,0.0545965701433792,Low
41.01214442000003,0.1670253651037663,-0.0203629032258064,-0.1703087062088102,High
32.26201322000003,-0.0378284365488539,-0.008726230789268,0.0691105769230769,Low
29.85230912000003,-0.0209704784526637,0.0189064200217627,0.0905881611296728,Low
33.60529508000002,0.1425964739243003,-0.1201411719203248,-0.1129311173023345,Low
34.88876159000006,0.2503782582881658,-0.1387953740689703,-0.2246253118493369,Low
33.90778985000003,0.3028428224606468,-0.1728501683204963,-0.2756201357205843,Low
40.68914153000003,0.1483615412315448,-0.0036718422156945,-0.1572050641077332,High
36.52086614000001,0.2741361587728315,-0.126341173592423,-0.2534225264467952,Moderate
35.68003322000004,0.2953929539295393,-0.0724017532129856,-0.2824120960147824,Moderate
42.39986054000002,0.1450551076263037,0.0200050645733096,-0.1751755551338014,Extreme
30.542749160000028,-0.0296580483736447,0.025725195953641,0.1012576089979297,Low
31.43827040000002,-0.0202549376663398,-0.0496113328731354,0.0581708499407519,Low
34.545250580000015,0.3301138848223283,-0.1545316522542742,-0.2969726182310302,Low
34.851163369999995,0.4254389553435552,-0.1988714560968896,-0.3908669966469743,Low
32.5149467,-0.0147952606053164,-0.0266777557417951,0.0581606901813486,Low
37.18225301000001,0.2554460486598538,-0.1192309562792808,-0.2429026625141766,Moderate
29.88990734000004,-0.0152277362338545,0.0175652763648694,0.0846129541864139,Low
35.34506726000001,0.1866043860343599,-0.0180681972558076,-0.1875445685761825,Low
33.06182990000002,-0.041847410053585,-0.0060955187889342,0.074610313597437,Low
36.41490752000004,0.1809403197720437,-0.0354639461447706,-0.1827658646795354,Moderate
30.682887980000032,-0.0340517961570593,0.0194043015129927,0.1118962762688951,Low
31.927047259999995,-0.0170628030892654,-0.0175395103811589,0.0713800904977375,Low
34.972503080000024,0.3356735410267661,-0.2033688552767274,-0.302766974935338,Low
40.55412974000001,0.1930477963997517,-0.0490550590161697,-0.2154460298011936,High
39.05361896,0.2437283133250907,-0.0532288570656579,-0.2289745408686056,Moderate
29.88990734000004,-0.0201740773227177,0.0210327625724686,0.0897580544064184,Low
36.15513800000002,0.2875251198021332,-0.1110518241846195,-0.2750583642695855,Moderate
39.046782920000055,0.2296427866587724,-0.0740191684479073,-0.2120846626721655,Moderate
38.53407992000001,0.2153055396916048,-0.0667023125250634,-0.2094115864054863,Moderate
32.930236130000026,0.3175610625779996,-0.117509186312017,-0.3105979995743775,Low
30.407737370000007,-0.0238707059778198,0.0311755428034497,0.1030261604424283,Low
41.244569780000006,0.0678322543400272,0.0266491261041157,-0.0720317933432687,High
32.19365282000001,-0.0461370129475411,-0.02394779771615,0.0690555291884195,Low
39.32022452000001,0.3045883741516672,-0.1135247449943332,-0.2838009509636673,Moderate
30.47951579000005,-0.025,0.0290128871196275,0.1056491206264371,Low
34.17268640000003,0.3834213417443385,-0.1390720747009045,-0.3498858842243585,Low
36.84899605999999,0.1942353275813027,-0.0351413543721236,-0.184866044551475,Moderate
37.25915845999998,0.2502565547216129,-0.083455395131478,-0.2444471149031624,Moderate
34.65291821000005,0.2848587860940372,-0.0868874659354989,-0.2691812111983132,Low
32.18852579000003,-0.0047004224430296,-0.0270452801227935,0.0456684827566534,Low
34.67513534,0.2569817296921472,-0.0649605655005399,-0.243294872774509,Low
39.309970460000045,0.1814602580594862,-0.04506741146857,-0.1842531991794471,Moderate
34.09407194000005,0.1790929733558319,-0.0790818271943872,-0.1595509300991559,Low
32.35429976,-0.0483034431044179,-0.0091439173071826,0.0949069947108813,Low
35.26816181000004,0.2430109192286842,-0.1023281368037909,-0.2231663173937892,Low
37.02502408999999,0.1974622657157074,-0.0942366715925883,-0.175814332247557,Moderate
30.48635182999999,-0.0060028979507348,0.0150080339133704,0.0729729729729729,Low
34.294026110000004,0.1411510664551383,-0.0512534253526844,-0.1257961437297567,Low
37.624886600000025,0.2281211579300324,-0.033807940789061,-0.2437837225974418,Moderate
33.61725815,0.2631997575941217,-0.1083932933415311,-0.2438369447655987,Low
30.48635182999999,-0.0425307788531173,0.0163679404802164,0.1072163049817367,Low
39.73722296000005,0.3339403430819099,-0.118009768009768,-0.2852129974033265,Moderate
29.585703560000013,-0.005877065615709,0.0207056259365209,0.0921260339710803,Low
36.025253239999984,0.2695211202673889,-0.1240942953362588,-0.2474283233612049,Moderate
34.37093156000003,0.2597878348469816,-0.0767424415381103,-0.2505776733967195,Low
36.66442298000004,0.3672264451122503,-0.1385838363020756,-0.3366052604292676,Moderate
39.85001762000002,0.2099013730419648,-0.0584692427420992,-0.1981768040447372,Moderate
31.12723058000006,-0.0464424919072471,0.0228149752894184,0.116916488222698,Low
31.69803992000004,0.0405827844144244,-0.0564166501374288,-0.0027434104357181,Low
36.53112020000003,0.1229181844365755,0.0443797220139569,-0.1741009743135518,Moderate
30.306905780000022,-0.0219372257846776,0.0265694803667999,0.0989366332939493,Low
34.24959185,0.35303327514532,-0.1759259259259259,-0.3231727706305767,Low
30.08815249999998,-0.0586251621271076,0.0243968008602728,0.1254894873185131,Low
35.211764480000056,0.270377209179636,-0.137420290833024,-0.2372284204345273,Low
32.16630866000003,-0.0085375448002564,-0.0382643720248993,0.045045045045045,Low
34.35725948000004,0.246407960199005,-0.063578318163293,-0.2360765739096112,Low
35.211764480000056,0.2362813950720152,-0.0992027093769844,-0.2193003052359708,Low
31.205845039999986,-0.047346270750526,-0.0170358814352574,0.0953094643352761,Low
36.28502276000006,0.3382187147688839,-0.1125626080079669,-0.3239917738506047,Moderate
39.81412841000002,0.2531435083982586,-0.069063899647747,-0.2538931782916752,Moderate
32.463676400000054,-0.0233938547486033,-0.0307087581378209,0.0566610455311973,Low
41.11297601000001,0.0901920689403344,0.0201027290480332,-0.1085697311748106,High
31.86552290000003,-0.0139680551205762,-0.0044665645737621,0.0703360302368156,Low
29.57203148000002,-0.0307309528612736,0.0256202257824646,0.0999687792694349,Low
36.07652354000004,0.2961125569290826,-0.1859651733888971,-0.2687179078931656,Moderate
29.698498220000037,-0.0056396148555708,0.0227779655288948,0.0650543197102948,Low
38.619530420000046,0.2783637974071986,-0.1229311076531334,-0.2587512388503469,Moderate
29.777112680000016,-0.0092611648487343,0.0210140997830802,0.0665718717683557,Low
41.82221516000004,0.0501650434003015,0.0178367253601646,-0.0817731508689446,Extreme
30.224873300000013,-0.0241825613079019,0.0214161287017112,0.1029494645876385,Low
37.41126035000002,0.160545084578546,-0.0125529015135212,-0.1648306308536535,Moderate
40.08073396999998,0.1807657339125164,-0.0473289009157541,-0.1796693647685755,Moderate
37.28650262000002,0.2955668770435708,-0.078252064677404,-0.2739644085539106,Moderate
31.233189200000027,-0.0376782077393075,-0.036942209217264,0.0624741643012649,Low
38.60927636000002,0.17864251980797,-0.0384813783142473,-0.1709189608375339,Moderate
31.31693069000005,-0.0306689614310301,-0.0443188035746853,0.0636651041098877,Low
40.325122400000055,0.2174177831912302,-0.0695916797645721,-0.2062151154020214,Moderate
30.98367374000003,-0.0310199458881268,-0.0086455331412103,0.0715060894730495,Low
35.43051776000004,0.2831458311428871,-0.0700257189618891,-0.2755905511811024,Low
41.51117534000002,0.1036657792340774,0.0323206205559146,-0.1102138354414733,Extreme
35.70566837000001,0.2580237741456166,-0.0045085127840066,-0.2644824045552132,Moderate
32.02616984000002,-0.0379258365993367,-0.0298179940622176,0.0796562265674568,Low
41.50092128000006,0.0863922125329547,0.0360773729194781,-0.0858050131747854,Extreme
30.838407889999985,-0.0020466639377814,-0.0070538891713268,0.0517592149353757,Low
34.43587394000002,0.3365036397556425,-0.1559098962288028,-0.3136303167583504,Low
30.568384310000056,-0.0237060855882051,0.025239933057823,0.1065894506182501,Low
29.44556474000001,-0.0191680261011419,0.0273003033367037,0.0890151515151515,Low
39.29117135000001,0.1925799659079514,-0.0338305344042279,-0.1888606785150237,Moderate
36.51232109,0.2995344433046634,-0.1673311714776815,-0.2734829592684954,Moderate
34.01545748000001,0.1889618174798317,-0.0502791290455761,-0.177713814134176,Low
40.34221250000002,0.147436133063775,-0.0064158364767708,-0.1567908097090976,Moderate
31.42459832000003,-0.0353250321000925,-0.0273811416759421,0.0713998275366484,Low
36.165392060000045,0.1845864071574321,-0.0234261111299454,-0.1936261911351864,Moderate
33.326726450000024,0.1685168690664986,-0.0973783535652351,-0.14654786519728,Low
40.195237640000016,0.1529576478823941,0.0518741205065882,-0.1558796007485964,Moderate
34.21370264000001,0.3767059392599247,-0.1592238093852733,-0.3418872499494847,Low
36.54308327000001,0.2939326279002038,-0.1146904845534982,-0.2729495358520838,Moderate
39.932050100000026,0.2579893117176572,-0.0196819490071808,-0.2670327288490716,Moderate
33.55573378999998,0.3192727272727272,-0.1845537494925963,-0.2919481819406748,Low
38.94424232000006,0.2474197823380587,-0.0713990066225165,-0.2393073731248005,Moderate
40.04142674000002,0.1474258114091258,0.0069354276847072,-0.1908252003189914,Moderate
30.195820130000016,-0.0063033753558357,0.0083533430281713,0.0774023031904851,Low
39.64664543000004,0.2080491132332878,-0.0355300268280938,-0.2030288499960041,Moderate
37.68299294000002,0.2142042549844665,-0.0682628100889181,-0.2059524274499082,Moderate
36.25084256000002,0.2313164383007962,-0.0623888404533565,-0.2144793493860628,Moderate
39.96281227999998,0.2504497751124437,-0.0518980955984361,-0.253550762756444,Moderate
29.97535784000001,-0.0148339684267827,0.0186402765539212,0.0946157213432555,Low
35.89536848,0.2577736890524379,-0.0829135380033583,-0.2575885794179329,Moderate
30.616236590000028,-0.0161628161440585,-0.0127763653332475,0.0557772510426355,Low
38.14100761999998,0.1918530231157292,-0.023735609882292,-0.201396531440932,Moderate
40.94720203999998,0.1857258030296601,-0.0612585925335156,-0.1779782480397942,High
29.657481980000057,-0.0087773861358767,0.0218251261765107,0.085972850678733,Low
30.511986980000017,-0.0280643000669792,0.0211144090663788,0.1035121860809934,Low
36.92590151000002,0.1283690170505976,0.0773947980545569,-0.1625808907499048,Moderate
38.32216268000002,0.2732482616336822,-0.1023054278437469,-0.2647438330170778,Moderate
38.46230150000002,0.1290341919625906,0.0277237605190245,-0.1521269219788735,Moderate
34.48201720999998,0.3535496515679442,-0.1807000047490145,-0.3197091140718722,Low
32.00224370000001,0.0003781943919174456,-0.0548924654607605,0.0315646329663432,Low
37.81971374,0.2467351430667645,-0.0482711822584127,-0.2388277320113727,Moderate
40.51140449000002,0.23197660998692,-0.0490213741708295,-0.2333525900250337,High
31.711712000000038,-0.047978309560297,-0.0365141500352948,0.0673826433396847,Low
31.60404437,-0.0111080860332153,-0.0571628150649048,0.0421160895593238,Low
33.57111487999998,0.0028860786062864,-0.0724426238707143,0.0265865335642253,Low
39.06045500000005,0.2353478761870703,-0.0686052106963635,-0.2324097197447179,Moderate
38.54091596000001,0.1862720716239741,-0.0319348987369156,-0.1982840248120736,Moderate
35.89536848,0.2899022801302932,-0.1583128701430015,-0.2616425424795469,Moderate
34.220538680000004,0.1162857279190723,-0.0503299959592331,-0.0960970810101672,Low
32.59527017000005,-0.0203649533361192,-0.0456140350877193,0.0474848985562207,Low
35.71079540000005,0.3562234698069286,-0.1667451996701613,-0.3283041641520821,Moderate
30.51027797000006,-0.0261965593595639,0.0218313714754995,0.1053735173536131,Low
36.95837270000004,0.2606384901840269,-0.1002145651899533,-0.2370241600737928,Moderate
29.55494138000006,-0.0168870803662258,0.0265914585012087,0.0929796020523088,Low
31.301549600000044,-0.0449873019712178,-0.0042601894830546,0.1095952193031908,Low
35.81675402000002,0.3917194687961114,-0.1755821455803859,-0.3634353741496599,Moderate
38.22304010000005,0.1663096039664565,-0.0610903825806092,-0.1642429426860564,Moderate
38.42470328000002,0.3268171592583973,-0.174039880564231,-0.296543359611886,Moderate
39.781657220000056,0.2595001983339944,-0.098419068045802,-0.2419619807556911,Moderate
35.52451331000003,0.2358100932226723,-0.0941129355226271,-0.2194298356265404,Low
39.016020740000044,0.2611661012206638,-0.0818481848184818,-0.2573401213473743,Moderate
35.89536848,0.2711678546252056,-0.1087465200088814,-0.254536670209682,Moderate
32.57305303999999,-0.0045754956786985,-0.0544518908568693,0.0308263440120995,Low
38.264056340000025,0.2594253895827694,-0.0800862211905156,-0.2563162970106075,Moderate
37.85047592000001,0.2981362007168459,-0.1232477360129016,-0.2813727224482575,Moderate
40.94720203999998,0.1325777743972009,0.0064391285490274,-0.1468181380571868,High
30.600855500000023,-0.018417671174203,-0.0120497129518642,0.0674882287973027,Low
35.6595251,0.229182251269735,-0.0971902511026375,-0.2043126892587806,Moderate
29.910415460000024,-0.019013988863235,0.0210747441891983,0.0851171627612412,Low
33.52497161000002,0.2646481575407414,-0.2219641601500074,-0.2310400343458194,Low
36.332875039999976,0.1925838205906298,0.0648559240880995,-0.1816081839181608,Moderate
35.922712639999986,0.2292531965143741,-0.0961510530137981,-0.2077615523104621,Moderate
30.46584371000006,-0.0304934158337299,-0.0029872304106621,0.0892181119027036,Low
38.98184054000001,0.3028703152885187,-0.1228171360825402,-0.2904912720041246,Moderate
35.69712332000006,0.2621798966378259,-0.0825420014609203,-0.2442612628084034,Moderate
30.783719570000017,-0.0303523035230352,0.0204975532970605,0.1027803027928408,Low
30.476097770000024,-0.0211903698870075,0.0223655323819978,0.099753616779329,Low
37.93934444000001,0.2604083585898867,-0.089899651712128,-0.2459003468937243,Moderate
40.34904854000001,0.2274701202874601,-0.0822716183247492,-0.2295965506621496,Moderate
29.67457208000002,-0.0173066522444564,0.0185672810748767,0.0867625808883583,Low
32.984924449999994,0.0730902491338063,-0.0188425905205209,-0.051503533650515,Low
35.72104946000002,0.2803119745268506,-0.0903385027878492,-0.2758387108274804,Moderate
37.77869750000002,0.1528643708176922,0.0100070077084793,-0.2172324659658797,Moderate
37.06091330000004,0.1135735476836473,-0.0578090374795259,-0.0710697039168821,Moderate
38.95107836,0.1428696527868996,-0.047894335380786,-0.1389797966575031,Moderate
37.66932086000003,0.1790158988507572,-0.0228505501696141,-0.1702127659574468,Moderate
33.06695693000006,0.3132567639354472,-0.1094913103362892,-0.2933323711935344,Low
31.786908440000047,-0.0389280851590543,0.0035931985883862,0.0931176453411977,Low
40.86175154,0.2859947401563136,-0.1093430470347648,-0.2649566421336442,High
37.36169905999998,0.3413319050169612,-0.1613182464601496,-0.3148977877345281,Moderate
30.89138720000005,-0.0568137190731771,0.0259564688387184,0.129252522811046,Low
31.47928664000005,-0.0317268382564634,-0.0337493084158111,0.0762977204064817,Low
31.20413603000003,0.0633325292809091,-0.0641596480875489,-0.0257775939188665,Low
31.58182724000005,-0.0403416114170131,-0.0407970506687791,0.0795926065635609,Low
34.01716649000002,0.2125476399882732,-0.0759225537924114,-0.1856584147265393,Low
30.720486199999986,-0.0275092432414097,0.021134214210113,0.1029131074188804,Low
32.56963502000002,-0.0162044061418947,-0.0326814040899534,0.0441089751149899,Low
41.13177512000004,0.1401544325295732,0.0172936170212765,-0.1619070619251746,High
29.736096439999983,-0.0072021400644763,0.0285254043895563,0.0938458648970137,Low
31.64847863,-0.0494148673149826,0.0169433743565267,0.1095877721167207,Low
38.49135467000002,0.2334861148557562,-0.0680340170085042,-0.2245717344753747,Moderate
41.31634819999999,0.1749439660257166,-0.0302027306578402,-0.1774905422446406,High
32.38847996000004,-0.0224122996968384,-0.0591823567364654,0.0616295988360008,Low
30.705105109999977,-0.0257554248631109,0.0186572245676154,0.1017482626445199,Low
32.60039720000003,0.0001396843134515994,-0.0506544579444737,0.030099428354691,Low
34.929777830000035,0.267594139820464,-0.0789382287273629,-0.2460462984185193,Low
30.96487463000005,-0.011134165229843,-0.0440926903020765,0.0471658265987103,Low
36.30211286000002,0.3510501175221776,-0.2223632310066884,-0.3149583056600988,Moderate
41.63422406000001,0.1080188876352847,0.0108922709638913,-0.1156645769344048,Extreme
32.10307528999999,0.3583304116767848,-0.1869840041279669,-0.3258406728985429,Low
42.0512225,0.0997077244258872,0.0208921933085501,-0.0986068240593976,Extreme
36.71227526000001,0.3103020433484549,-0.1843414873484264,-0.2830890728225377,Moderate
34.078690850000044,0.3148994685397852,-0.1136292099464904,-0.2869900511085648,Low
36.332875039999976,0.3332369524360272,-0.1417605546613841,-0.3130205737879974,Moderate
40.25334398000001,0.2910788949239967,-0.1527860158403405,-0.2720902475647788,Moderate
29.19946730000004,-0.011769592910551,0.0337124289195775,0.0917536268770679,Low
34.022293520000005,0.4147959014490831,-0.2292134831460674,-0.3681577681577682,Low
35.64756203000002,0.2381207950777251,-0.0789223137182849,-0.2309949878985382,Moderate
32.09453024000004,-0.0386312798500695,-0.0130598203478371,0.0763243494423791,Low
37.68299294000002,0.2082852940007156,-0.0639593908629441,-0.1916094883356204,Moderate
31.980026570000007,-0.0042358878841589,-0.0370115445984419,0.0445360468132945,Low
39.94914019999999,0.2026948089878889,-0.0351947442515251,-0.2229834079119312,Moderate
35.67319717999999,0.2057120500782472,-0.0442178023243994,-0.1888743152534526,Moderate
38.37685099999999,0.2517346655564807,-0.0899737605303134,-0.2421798150698406,Moderate
30.66067085000003,-0.0383035565202871,0.0180045011252813,0.1083106267029972,Low
35.12973199999999,0.2824499926996642,-0.0757830919501515,-0.2634039339782085,Low
39.487707500000056,0.1698292220113852,-0.0139107791406838,-0.180327868852459,Moderate
34.21712065999998,0.1469176291648842,-0.1198255058474104,-0.1140350877192982,Low
32.95758029000001,0.3607910732105597,-0.1999616012287606,-0.3255098794669683,Low
36.12095780000004,0.4237916984132242,-0.2547073419938695,-0.3803070203609737,Moderate
34.78109396000002,0.2713595692453876,-0.0866269626421223,-0.2618673373153096,Low
37.18054400000005,0.205137391179737,0.0299333852409377,-0.2229473033646592,Moderate
36.631951790000016,0.3030796026566119,-0.1285119925740522,-0.2753259403566612,Moderate
36.99938894000002,0.25424,-0.1092793717055223,-0.2354609929078014,Moderate
41.40521672,0.1269765913157798,0.002521171375008,-0.1361042594706034,Extreme
36.84557804000002,0.2699592848291733,-0.102787456445993,-0.2498741724418289,Moderate
39.340732640000056,0.1505999838930498,-0.0299535017842338,-0.1567484414217472,Moderate
41.253114830000015,0.1134665975382606,0.0056758749592743,-0.1256794533312626,High
33.07550198000001,0.1618464330271067,-0.0957321638677933,-0.1316335999293005,Low
37.06091330000004,0.3326393948856736,-0.1397709062852394,-0.3083526365989917,Moderate
37.94618048000001,0.1961714918525549,-0.0385632361526046,-0.1999682590065069,Moderate
36.85583210000004,0.3344907809298933,-0.1659486681633396,-0.3020293390249686,Moderate
32.72002789999999,0.0383036935704514,-0.0784441418506897,-0.0151016996377821,Low
40.2738521,0.1879059696875966,-0.0271806358864631,-0.1851566116340071,Moderate
36.24400652000003,0.2597472646016335,-0.0667493148897298,-0.2376698588137325,Moderate
31.03836206000005,-0.0311416718758879,-0.0364763815429509,0.08237573669905,Low
31.09988642000002,-0.0182589986625574,-0.0300478935969006,0.052315464496211,Low
43.76023250000003,0.0906418422341989,0.0205338809034907,-0.1082897684839432,Extreme
35.09042477000003,0.3562248995983936,-0.1667504240216094,-0.325140461963792,Low
31.821088640000028,0.0375228470056983,-0.0824453168816601,-0.0034835959028752,Low
36.07310552000001,0.3418384938969726,-0.1412651397401683,-0.3203053435114504,Moderate
35.11264190000003,0.3063681325000958,-0.1100107502361794,-0.2735087457018986,Low
38.704980920000025,0.1932983447719015,-0.00013534546931041484,-0.1969709241111201,Moderate
30.433372520000034,-0.0206306449057201,0.008947182759837,0.0613819286256643,Low
31.328893760000028,-0.035024637102144,0.025158078837616,0.1260402846460017,Low
34.550377610000055,0.3364859539492202,-0.1850841140156746,-0.3001569973346964,Low
40.20890972000001,0.216036297370672,-0.0243092538061525,-0.2310530477015172,Moderate
31.53739298000005,-0.0154382317874721,-0.0264533401325854,0.0515931444725837,Low
36.22349840000004,0.3511103119661962,-0.13744664103418,-0.3203654893691794,Moderate
35.47324301000003,0.3269325008621159,-0.1167287835278304,-0.3126380235919349,Low
32.19194381,0.0139703299375793,-0.0696388358370628,0.014988843680273,Low
40.04142674000002,0.3456475435594818,-0.1781718129012534,-0.318439958946288,Moderate
31.83476072000002,-0.0208530805687203,-0.034034034034034,0.0526738121166962,Low
40.02433664,0.2838057752715437,-0.0807659221970879,-0.271582261873524,Moderate
34.31795225000002,0.0841275832782863,-0.0492020365761775,-0.0599225020758372,Low
40.61565410000003,0.2485285285285285,-0.0964520552762052,-0.2270097981348129,High
38.45546546000003,0.2670941764223398,-0.0523936334922895,-0.2654900208519511,Moderate
37.75135334000004,0.1968922510734001,-0.0491791526274284,-0.180194347002137,Moderate
37.166871920000006,0.3410422330282957,-0.2402266288951841,-0.3008468281087506,Moderate
33.76594202000001,0.1059140063124126,-0.103800867589341,-0.0831601885166979,Low
35.064789620000056,0.2992435479086324,-0.1343196607206448,-0.281050053014515,Low
38.79384944000003,0.2318110115039821,-0.0957628858922582,-0.217199558985667,Moderate
39.892742870000006,0.2283301994617114,-0.0562927030326088,-0.2308488039161355,Moderate
39.97306634000006,0.1042726758743235,0.0322078289799674,-0.1046295548194231,Moderate
33.0447398,0.0342737491734626,-0.021552193316643,-0.0187245590230664,Low
41.9486819,0.1758167984484559,-0.0035333439439758,-0.192179700499168,Extreme
37.70350106000001,0.2406401355407819,-0.0720218961840807,-0.2362461922413476,Moderate
40.75921094,0.1527400512869218,-0.0209279633928871,-0.1557917190416333,High
36.44225168000003,0.3288581119276427,-0.1433956528347773,-0.299879039225851,Moderate
35.676615200000015,0.2203133532154408,-0.1336038707663493,-0.2008928571428571,Moderate
33.94197005000001,0.3425104717704667,-0.2018167734666572,-0.309521982659403,Low
36.39610841000001,0.2159056083358872,-0.0420052198749199,-0.2123527052577299,Moderate
36.16197404000002,0.1856582633053221,-0.0458244111349036,-0.1948061723748588,Moderate
35.071625659999995,0.3120601013071275,-0.1300653594771242,-0.2890239129219242,Low
38.12049950000005,0.3325407975791635,-0.1322314049586777,-0.3153870772732122,Moderate
34.43587394000002,0.0415831134564643,-0.0434552759568619,-0.0335654814892391,Low
33.58136894000006,0.1342484934863601,-0.1016344075576171,-0.0941411997395016,Low
40.02433664,0.2820733664800532,-0.1121374719826122,-0.2636696893690912,Moderate
40.87542361999999,0.2870250896057347,-0.1681957186544342,-0.2729270800099259,High
38.48622764000004,0.23578971445999,-0.0608024085345899,-0.2300220080443196,Moderate
33.131899309999994,0.3767242774670431,-0.1786352158649997,-0.3475926414928263,Low
38.41444922000005,0.2523824402437119,-0.1098958153058045,-0.2303265165176687,Moderate
37.80262363999998,0.2423156553591336,-0.0831771158786364,-0.2259154486877259,Moderate
37.39246123999999,0.3480535007098558,-0.1504272414232878,-0.3150375391792405,Moderate
33.80012222000005,0.0682570482821595,-0.0511596563149323,-0.0314084196605686,Low
37.11560162000001,0.1873625737761833,-0.027592768791627,-0.1864472111937709,Moderate
36.88317626000003,0.261698640701822,-0.0884202122351219,-0.243926548302475,Moderate
31.72196606,-0.0540557953740094,0.0186484860637657,0.1307797051684329,Low
30.75808442000005,0.0109286457731004,-0.0510400384754118,0.0274525074402692,Low
31.335729800000024,-0.0341981132075471,-0.0356600910470409,0.0684448488639918,Low
30.857207000000017,-0.0465055176037835,0.02537934738821,0.1215733736762481,Low
36.74987348000002,0.2440760210270926,-0.1119705074454243,-0.2172984094326185,Moderate
32.743954040000006,-0.0169327527818093,-0.0338993830693887,0.0457853956327776,Low
38.16835178000002,0.1221171135954968,-0.0068394654694679,-0.1419365104622484,Moderate
40.79680916000001,0.1429685903746494,-0.0029664884600339,-0.148944115615139,High
36.881467250000014,0.2734464572345792,-0.1066055594301086,-0.2496390331714451,Moderate
40.13713130000002,0.180820199168823,-0.0402376264981176,-0.1782333150770675,Moderate
33.33185348000001,0.3541713180025303,-0.171780918955469,-0.3204644412191582,Low
32.01762479000001,-0.0184013297949899,-0.0450819672131147,0.0516172658627296,Low
32.68072067000003,-0.0414904934668157,-0.0443440527848778,0.071724830264444,Low
35.31772310000002,0.3049461050378411,-0.1211454467833568,-0.2797061248969188,Low
35.67319717999999,0.2744744744744745,-0.1142763373810305,-0.2600014844503822,Moderate
40.27043408000003,0.1713111354123458,-0.0114620644741126,-0.1733021077283372,Moderate
30.24025439000002,-0.020356146454035,0.0236182629591486,0.0932797755674572,Low
30.484642819999976,-0.0306425260911606,0.0263572122308181,0.0653893139587217,Low
39.96452128999999,0.2503341679688235,-0.0826133733250741,-0.2345757040617157,Moderate
33.34210754000003,0.3044433311495626,-0.1502506159204825,-0.2748912449859701,Low
35.38950152000001,0.2142914524421593,-0.0981310957336675,-0.197955261437261,Low
33.06182990000002,0.2896474894565131,-0.1688091589290543,-0.2534173739873552,Low
36.086777600000005,0.2128471134533527,-0.0517401169665399,-0.2009853115591643,Moderate
31.68436784000005,0.0629202940103216,-0.0810667514977997,-0.0300580954786562,Low
36.83190596000003,0.2344811788959303,-0.0738219373692425,-0.230160541733242,Moderate
31.069124240000008,0.0508925601507927,-0.0671320404199622,-0.0168709599549392,Low
30.70681411999999,-0.0250767828816362,0.0184178333559874,0.0993389872786231,Low
34.66829930000006,0.1220734553494656,-0.07772534214252,-0.0907484357835411,Low
31.298131580000017,-0.0580573815813724,0.0058358189599273,0.1134497513588527,Low
37.52576402,0.1420188240673703,0.0127157728290947,-0.141453382084095,Moderate
37.512091940000005,0.1725316828765104,-0.0132608880210544,-0.1813053031652711,Moderate
32.325246590000006,0.1192415278362254,-0.1273343805320766,-0.0809247173013937,Low
32.12016539000001,0.0226378227494766,-0.0618822642821947,0.0087125926727636,Low
39.491125520000026,0.268927060383318,-0.1272343078841624,-0.2502305209774089,Moderate
32.11503836000003,0.0023804126048515,-0.0417623844024268,0.0298941363611431,Low
30.96658364000001,-0.0557489084351072,0.0149844874249125,0.119646017699115,Low
35.37924745999999,0.2281500926497838,-0.0908280473169895,-0.2073166103753178,Low
33.171206540000014,0.0460753754604703,-0.0630039161483529,-0.021076506057421,Low
33.72321677000002,0.1425321638905037,-0.0969229275868763,-0.1143927814210344,Low
32.71319186000005,0.0486867392696989,-0.0776235668440397,-0.0149839826392477,Low
35.91929462000002,0.3000568504832291,-0.157638959198137,-0.2738886619378319,Moderate
37.23865034000005,0.2345226012959637,-0.0463523573200992,-0.2191981495759445,Moderate
36.28502276000006,0.1857199840446749,-0.0203199011464268,-0.1878046831295452,Moderate
35.17074824000002,0.4072063093867592,-0.1736768941945284,-0.3770155527532576,Low
32.407279070000016,0.019895824438562,-0.0485777829802177,0.0054678175913847,Low
32.73028196000001,-0.0389393215480172,-0.0296902994625032,0.0772935779816513,Low
40.605400040000006,0.1647940074906367,0.0126984126984126,-0.1852792885783477,High
33.400213880000024,-0.0169877883310719,-0.0584385226741468,0.0424530795664816,Low
36.71227526000001,0.2267100856661794,-0.0610206923039992,-0.2242410813206292,Moderate
39.87736178,0.1247629001664537,0.0211561784126128,-0.131420116039095,Moderate
32.09453024000004,-0.0436448055716773,-0.031357576516242,0.0686185846710377,Low
40.48918736000002,0.0781495033978044,0.0175842495931409,-0.0731009365244537,High
33.20880476000002,0.1569317382125264,-0.1174985434064867,-0.1246518446127534,Low
40.33879448000005,0.2846000226082369,-0.1413458319383997,-0.2628537561120166,Moderate
36.148301960000026,0.3296877624531084,-0.1380604763349999,-0.3116462314518207,Moderate
37.98036067999999,0.2420294696210518,-0.1060285563194077,-0.2377112845360062,Moderate
31.222935140000004,-0.0313194584764598,0.0279805352798053,0.1173438075365165,Low
31.57157318000003,-0.0375764993880049,-0.0059489541354826,0.110671266187864,Low
35.53647638000001,0.2689226860510251,-0.1136919694013441,-0.2639274542195353,Low
33.150698420000026,-0.0027846372090579,-0.0804349063585131,0.0308662462661798,Low
37.24548637999999,0.2941357668168342,-0.0991562561318595,-0.2665812481157673,Moderate
31.566446150000047,-0.0106074622263336,-0.0248171452298061,0.0505696108891847,Low
37.37878916,0.4003974000606203,-0.1733069977426636,-0.3746570134549902,Moderate
36.82848794000006,0.3597943650687675,-0.1587301587301587,-0.3318728747057284,Moderate
31.69120387999999,-0.0436423397650496,-0.0086666238685241,0.1098016997167138,Low
35.396337560000006,0.2264020109213833,-0.1317841858976922,-0.1923733277151585,Low
35.38095647,0.3301044841097083,-0.1038085202468764,-0.3214987294321192,Low
40.37297468000003,0.1232038421317634,0.0753730391531692,-0.167330837660508,Moderate
37.248904400000015,0.2518920161707508,-0.1064074776483337,-0.2404837392971731,Moderate
37.01477003000002,0.2109484503971344,-0.0589356848592148,-0.1998534035453195,Moderate
31.267369400000007,-0.0381082665624389,0.0171071024429208,0.1247703159267381,Low
31.082796320000057,-0.0350418760469011,0.0264972286061917,0.1197897567534531,Low
30.999054829999977,-0.0485078993563487,-0.0290143964562569,0.0850986018510704,Low
40.75921094,0.2622359221111194,-0.1191920538630758,-0.2455209762973404,High
37.20276113,0.2468925558361226,-0.0947086219044836,-0.2339700127852466,Moderate
34.14534223999999,0.3049504161854315,-0.128150392507919,-0.2746440519723022,Low
42.05293151000001,0.1310481979700193,0.0257752783568462,-0.1388899384138738,Extreme
35.35873934000006,0.3212996389891697,-0.1161453341465539,-0.309235853234763,Low
35.69028728000001,0.2572526561675834,-0.0982392627941418,-0.2492512728361784,Moderate
38.75796022999998,0.1707595659623072,0.0087205909325863,-0.173741362290227,Moderate
37.63172264000002,0.1949230831023818,-0.0414478750962682,-0.1757499110777378,Moderate
38.21107703000001,0.2217542840546035,-0.0805465024804533,-0.2270108656019835,Moderate
41.34540136999999,0.1288416596851713,0.0331583519015068,-0.1356266773127509,High
34.061600750000025,0.0069997008674842,-0.024779299847793,0.0099697085551274,Low
31.18704593000001,-0.008130081300813,-0.0632829118411723,0.0460412966840724,Low
41.43939692000004,0.1221396297915755,-0.0106658790325227,-0.1453010524749897,Extreme
38.82461162000004,0.1876734724915402,0.0115342626141164,-0.1875605907959016,Moderate
32.53545482000004,-0.0012740264775937,-0.034601480461353,0.0195758564437194,Low
33.78303212000003,0.3323284470738968,-0.1535023327134514,-0.2984208593463092,Low
35.06649863000001,0.3074873887660829,-0.1512701502220891,-0.2743812610489098,Low
35.91587660000005,0.260749063670412,-0.0903025199196735,-0.2320023423489368,Moderate
36.37047326000004,0.3856213696914889,-0.1765852505980684,-0.3490687436505248,Moderate
37.22326925000005,0.3158574194936527,-0.1538630860664759,-0.2926567206242404,Moderate
31.725384080000023,-0.0194704049844236,-0.0512942860551115,0.0519833266101922,Low
31.72196606,-0.0507772020725388,-0.0045155463811121,0.1112379430397808,Low
35.05795358,0.2490557129367327,-0.1140510948905109,-0.2351567971364096,Low
29.913833479999997,-0.015581411172348,0.0279494759473259,0.0802873307482041,Low
41.12835710000002,0.1174331550802139,0.0213257563930433,-0.1921950477349663,High
34.76742188000003,0.1888060388474638,-0.0930636082779635,-0.1608089887640449,Low
40.410572900000034,0.2070949536409279,-0.0441591377397368,-0.2141698613978177,High
32.49785659999998,-0.0194310775415727,-0.0320553917168867,0.0547269524368761,Low
34.89730664000001,0.2485731996665455,-0.1007217291348672,-0.2331011188515938,Low
40.28068814000005,0.2559637404580153,-0.1218438154764018,-0.2394554086396986,Moderate
37.16003588000001,0.2574513206092153,-0.0497988089489779,-0.2404244798600281,Moderate
37.534309070000006,0.2134814869504226,-0.0726884106446507,-0.2148717569665163,Moderate
37.14978182000005,0.2181299796906733,-0.0837604461664089,-0.2013558538605242,Moderate
40.87371460999998,0.167283318901047,-0.0498999876090843,-0.173217288102067,High
37.763316410000016,0.2227176628867961,-0.0550948653310335,-0.2154060714899795,Moderate
39.84659959999999,0.1051860984819295,0.0085032837884548,-0.1268513062266745,Moderate
39.20059382,0.0674269422665716,0.0030455839033401,-0.0822959764404054,Moderate
31.28787752000005,-0.030534783593927,-0.0393246485074853,0.0579135700522983,Low
35.309178050000014,0.2645866025392814,-0.1305821262640065,-0.2388843412462315,Low
36.62682475999998,0.2596374574527032,-0.0962763941993041,-0.2475891807134457,Moderate
30.130877750000025,-0.0376405987069347,-0.0286850326611758,0.0885502586327415,Low
40.41399092000006,0.1500827039199665,0.0115442587010139,-0.1546849676864283,High
29.55835940000003,-0.010968049594659,0.0164622993022152,0.0804990816391158,Low
30.98709176,-0.0106953491895167,-0.0281180137913662,0.0518337834306124,Low
35.60654579000004,0.3473464052287581,-0.1257481541889353,-0.3248556102075443,Moderate
31.944137360000013,-0.0300653594771241,-0.008282645269833,0.0696758015403904,Low
34.200030560000016,0.351566456841039,-0.1475963753647673,-0.3214487832484436,Low
37.74964433000002,0.3328742547523693,-0.1706509629158045,-0.3117186524708861,Moderate
41.83246922000001,0.1155219728581632,-0.003008281223593,-0.1339371011502159,Extreme
31.71513002000006,-0.0131542804822218,-0.0291225054903084,0.0482722081591805,Low
36.32603900000004,0.2315967178359703,-0.0764532290165397,-0.2188204211671458,Moderate
32.45342234000003,-0.0374805113813532,-0.0153947368421052,0.0660776957521481,Low
31.193881970000007,-0.0121692660683686,-0.0408225717608176,0.0500502737124343,Low
32.17314470000002,0.0311325517473495,-0.056618957291487,0.0094304036212749,Low
38.13417158000004,0.3132051373022068,-0.1327233222144015,-0.3028052514871001,Moderate
35.37241142000005,0.1876565619894717,0.0088468763255165,-0.2194885558786252,Low
40.35246656000004,0.1824860417278871,-0.0418700991270898,-0.169184791632077,Moderate
42.38618846000003,0.0866852613035819,0.0221914008321775,-0.1017264473880041,Extreme
33.06866594000002,0.0755153786793076,-0.0791438526630164,-0.0583066659434832,Low
39.65519047999999,0.2062100023702299,-0.0030221404638328,-0.207641196013289,Moderate
40.89593174000004,0.210727969348659,0.0293865737322425,-0.2462646947288585,High
41.408634740000025,0.1971308635937563,-0.039493240852148,-0.1892789181748249,Extreme
31.28787752000005,-0.0407907742998352,0.0234804776600026,0.1307255897282771,Low
35.14682210000001,0.3587435775972015,-0.1969312746765961,-0.323348830606523,Low
39.03994688,0.2040663540722644,-0.0472959078757968,-0.1990582695703354,Moderate
39.330478579999976,0.2505428039702233,-0.069500630015253,-0.2425935200523943,Moderate
42.74508056000002,0.0913935088002583,0.0363902056527782,-0.1097611033576882,Extreme
41.230897700000014,0.1184586969905479,0.0117752463842314,-0.1288011695906432,High
31.229771180000057,-0.0383215302137798,0.0247667628699912,0.0975715794050059,Low
37.313846780000006,0.1975533681694819,-0.0478114478114478,-0.2005685279187817,Moderate
31.991989640000043,-0.025621982918678,-0.0143022806339389,0.0664690186777349,Low
38.11024544000003,0.1674967234600262,-0.0203226756553326,-0.1835851491914053,Moderate
40.52336756,0.2218514104092173,-0.0761048322194618,-0.2059919218854162,High
38.29310951000002,0.1966255428725162,-0.0345056734171747,-0.1868638737468074,Moderate
38.894681030000015,0.1370107117829612,0.0010554461018857,-0.1459127872954375,Moderate
33.48566438,0.0478770455550641,-0.0815406562054208,0.0050132549410745,Low
41.03607055999999,0.1967917037997245,-0.048496140537663,-0.1897072443925422,High
34.25471888000004,-0.0562507309086656,-0.0351462288353001,0.074435141644684,Low
31.014435919999983,-0.0376757760679225,0.0195972428706581,0.0983219390926041,Low
36.52086614000001,0.3673438215976783,-0.2579659230634112,-0.334525939177102,Moderate
42.81002294000001,0.1261872455902306,0.0128629718405211,-0.1315254095094276,Extreme
40.84466143999998,0.2058870694724088,-0.027666423712342,-0.2263173153584112,High
36.756709520000015,0.1704825152092137,-0.1040343422839371,-0.1613676158879366,Moderate
33.82233934999999,0.2730867937229164,-0.149434019600395,-0.2417415568960564,Low
32.52007373000004,-0.0101912825337096,-0.0732439860595585,0.038580638611097,Low
32.56621700000005,-0.0035035566408323,-0.0831458080895505,0.0322214775480744,Low
37.73426324000002,0.320942507068803,-0.1176752049507161,-0.2987619541848914,Moderate
36.00303611000004,0.2234640040846428,-0.0708575400963305,-0.2124358157490349,Moderate
37.395879260000015,0.2160292597598791,-0.098627972128439,-0.200141248479617,Moderate
35.61679985000001,0.2506291180821023,-0.0973570658036677,-0.2354872378783565,Moderate
38.85879182000002,0.3059240277359059,-0.1394094824751759,-0.279075776030709,Moderate
29.64039188000004,-0.0040827624385855,0.0196185286103542,0.0883060940073482,Low
35.970564920000015,0.2929745322048051,-0.0951584903234102,-0.2807729904504098,Moderate
38.50331774000006,0.1447860488918631,-0.0276516423131968,-0.149423924428371,Moderate
34.16585036000004,0.3198317914213625,-0.1350209749746853,-0.3081693897965988,Low
30.865752050000022,-0.0079290164243911,-0.0180162727624951,0.0513584258507085,Low
30.195820130000016,-0.019470302871378,0.0135206437145495,0.0636952643275219,Low
38.42812130000004,0.1940376666853691,-0.074163806447271,-0.1860961970758169,Moderate
35.331395180000015,0.3864394464810595,-0.1885280711191642,-0.3507078507078507,Low
41.20184453000002,0.2194161045139469,-0.0095853527194399,-0.2303913296206709,High
30.294942709999987,-0.0181900864029104,0.0131574651474093,0.0884800965018094,Low
36.00816314000002,0.3121042830540037,-0.125774908928229,-0.299137104506232,Moderate
33.21564080000002,0.0034620794114465,-0.073868241287484,0.0434692930438818,Low
36.13975691000002,0.3540905933275146,-0.1629187700780174,-0.3209383145091225,Moderate
35.48349707,0.320581426240085,-0.1897695411338302,-0.2934113929932162,Low
32.56621700000005,-0.0097598036350885,-0.0154620640057533,0.0451932829933506,Low
36.09703166000003,0.1871670231382461,-0.0456943207508392,-0.1953482908492893,Moderate
31.94755538000004,-0.0164540781636704,-0.0527786672877063,0.0601382608243671,Low
30.92044037000005,-0.0383785550833605,0.0093621607058665,0.1041266940764428,Low
30.365012120000017,-0.0263246256127862,0.0172168372534399,0.1002792429413589,Low
37.48303877000001,0.1281502978463418,-0.0111575056472037,-0.1342790778031597,Moderate
38.90493508999998,0.2078921849953494,-0.0786413600537235,-0.1823641083259075,Moderate
30.95462057000003,-0.0079088304894756,-0.0204003202562049,0.0513874002619983,Low
43.84739201000002,0.1374466151749205,0.0847298996812026,-0.1931978495443626,Extreme
35.068207640000026,0.2195303149118824,-0.0619990655213312,-0.2035845213849287,Low
41.06683274,0.2083993368944557,-0.0412341681744595,-0.2032574006822934,High
32.00224370000001,0.3240692813059924,-0.2309913378248315,-0.2764961037963994,Low
35.261325769999985,0.3317530278899218,-0.142076676301496,-0.3068018681059078,Low
35.08017071000006,0.2320429062505624,-0.0643034825870646,-0.2268100358422939,Low
37.73426324000002,0.2022974787408623,-0.0703233946477189,-0.2074312682597947,Moderate
30.450462620000053,-0.0188717808965799,0.0204734049789144,0.0884000633011552,Low
36.79088972,0.2679096423653753,-0.093459143719109,-0.2682400238237046,Moderate
32.14921856000001,-0.0437634152158359,-0.0203588242778979,0.0717675656904734,Low
33.14386238000003,0.0125095597071998,-0.0567576042646597,0.0136760323541932,Low
35.01351932,0.2474312583447822,-0.1146537563758969,-0.2324545471925363,Low
31.344274850000037,-0.0132344552196235,-0.0476651929017018,0.0493253826495562,Low
29.88648932000001,-0.0200366773076139,0.0203693644758283,0.0980808901669063,Low
33.56769686000001,0.1009747428509882,-0.0942568110046566,-0.0598237428719543,Low
38.73232508000001,0.1763310205989143,-0.010281268331841,-0.1790861919861631,Moderate
30.544458169999984,-0.0091743119266055,0.0182828525366171,0.0661097696273575,Low
34.76913089000004,0.1545688493117111,-0.0400529869556418,-0.1461184437280781,Low
37.15319984000001,0.3223794310056291,-0.1512964005430643,-0.3000785252215533,Moderate
33.03448574000004,0.3053079895890843,-0.1391795154185022,-0.2705358513741747,Low
41.81196110000002,0.2635943347765465,-0.104383798864766,-0.2462635254948793,Extreme
39.18692174,0.2367436057392389,-0.0453122425440764,-0.2329459322890348,Moderate
37.44373154000005,0.2052970052132881,-0.0445536391517989,-0.206306889591347,Moderate
40.099533080000015,0.2039839707427148,-0.0344297365958015,-0.203234962479101,Moderate
29.60279366000003,-0.0103488451785347,0.0176870748299319,0.0804890473764645,Low
34.76742188000003,0.2924451665312754,-0.1065809955950054,-0.267128093296672,Low
34.21028462000004,0.1145676371943809,-0.0919567598457069,-0.0897771018487714,Low
35.68345124000001,0.3069869163181521,-0.1074482265353229,-0.2819026831746509,Moderate
40.472097260000055,0.2780465848992911,-0.1208921346096911,-0.2649045957383621,High
39.491125520000026,0.1972868217054263,-0.0512166071124723,-0.1961277831558567,Moderate
42.056349530000034,0.058791176412815,0.0466909553959888,-0.0722925121349566,Extreme
37.51038292999999,0.1863569691230806,-0.0270687327203754,-0.1926458236117592,Moderate
37.86072998000003,0.3201408558524076,-0.1298195040455989,-0.2865082621507702,Moderate
35.52280430000002,0.3040661304736372,-0.1495814869522402,-0.2837976539589443,Low
38.93398825999998,0.248822429906542,-0.0796503078389864,-0.2402220118431066,Moderate
38.09315534000001,0.1985384615384615,-0.0728499621290367,-0.1868525289457648,Moderate
38.15809772,0.0704516382957788,-0.050096525096525,-0.0591442340456603,Moderate
29.883071299999983,-0.0151909128233201,0.0288798920377867,0.0883060940073482,Low
30.90164126000002,-0.0177219646734346,-0.0184351423704064,0.0563197654752508,Low
35.758647680000024,0.2982884153547059,-0.096275791032285,-0.2737676714787942,Moderate
34.24104680000005,0.2546026420633256,-0.1438840668374565,-0.2195678760701182,Low
33.73176182000003,0.2694067796610169,-0.1674525544600756,-0.2402401159180294,Low
32.08598519000003,-0.0255971184789347,-0.0296374867411243,0.0628655801010846,Low
42.181107259999976,0.1168231736431641,0.0005341309689135776,-0.1378303875466191,Extreme
35.58091064000001,0.1897008380009552,-0.0694352289137816,-0.1764958457674059,Moderate
39.17666768000004,0.2356008717310087,-0.0832480382122142,-0.2158694902921916,Moderate
38.320453670000006,0.2171790930053804,-0.0530673316708229,-0.2033969146591686,Moderate
30.82644482000001,-0.028225670148396,0.0213779956427015,0.0980736650561586,Low
32.71319186000005,-0.0192377495462794,-0.0241313960833859,0.0516525299795261,Low
37.94788949000002,0.2379119098896491,-0.0833458427153698,-0.2348523736192703,Moderate
42.59468767999999,0.1864948011994236,-0.05047579644187,-0.1771887798469979,Extreme
30.303487760000053,-0.0070815742884379,0.0210466248195763,0.0805221010151964,Low
43.94651458999999,0.1381887994771455,0.0048926824041998,-0.1474930505508082,Extreme
39.94572218000002,0.1473531373857081,-0.0276977152899824,-0.1568867961856526,Moderate
34.70589752000001,0.3162758726036813,-0.1270313572899977,-0.3010720217424128,Low
37.70008303999998,0.2598620347804535,-0.0901812202880937,-0.2464241928892521,Moderate
29.585703560000013,-0.0193712715329445,0.0206185567010309,0.0945661591781161,Low
34.839200300000016,0.3940342165232475,-0.2221128902406297,-0.3650624479600333,Low
39.417638090000025,0.1695926239533352,0.0129577285864007,-0.1741660055158865,Moderate
29.903579420000028,-0.0293155258764607,0.0211447811447811,0.0998266039137973,Low
37.84022186000004,0.2624958378038403,-0.0999580956064855,-0.243042401282238,Moderate
41.470159100000046,0.207958571817934,-0.0325844566483607,-0.2135341286915705,Extreme
40.32854042000002,0.1697312588401697,-0.0142054164537557,-0.1807257584770969,Moderate
32.37480788000005,0.0061148722428477,-0.0730173518108769,0.041705668226729,Low
39.115143320000016,0.1493730612958189,-0.0430576480850051,-0.1474180041870202,Moderate
33.17975159000002,-0.0345221578388965,-0.0499378734986095,0.0574956845040499,Low
40.71135866000003,0.2808219178082192,-0.0364341763659169,-0.280221957986524,High
36.97546280000006,0.126226357843633,-0.0919878395606551,-0.0742884708152436,Moderate
34.97592110000005,0.3931504308382375,-0.2018212498545327,-0.3635808480087144,Low
32.57305303999999,-0.0156106519742883,-0.0480263961872174,0.0456265301580235,Low
36.39098138000003,0.2534692479013192,-0.1479113551676799,-0.2131487315536395,Moderate
38.72207102000005,0.1674642889636975,0.0117527456447066,-0.1896973742768135,Moderate
32.77300721000006,0.0278542681635246,-0.0726127320954907,-0.00030921459492888067,Low
29.86939921999999,-0.0058807439824945,0.0185647741848376,0.0593944099378882,Low
32.562798980000025,0.0092392712201018,-0.053510801309978,0.0128378378378378,Low
36.199572260000025,0.3345768158230069,-0.1415347676365589,-0.3172083189034504,Moderate
32.63970443000005,-0.0161707448773694,-0.0424596482775234,0.0539462177525142,Low
40.31828636,0.0669826518792688,0.0605254211457979,-0.0886072510425581,Moderate
41.54877356000003,0.1210672238518101,0.0392561983471074,-0.1279107373868046,Extreme
28.57055162000006,-0.0114532610932034,0.0270014850816794,0.0972065639483903,Low
39.32022452000001,0.2578315114527405,-0.090811643720899,-0.2535222111017014,Moderate
32.52520076000002,-0.0023750183257586,-0.0460233037169121,0.0336287207452851,Low
38.81093954000005,0.2102462110748945,-0.0616266860512075,-0.2063142437591776,Moderate
31.16482880000001,-0.0411702409319565,0.0270669621868493,0.1216879888437519,Low
33.44464814000003,0.0360474744686723,-0.0693407783032305,0.0045085662759242,Low
32.12871044000002,-0.0243699476937708,-0.0284461152882205,0.0644094847241222,Low
35.15707616000003,0.2987198258062094,-0.1076460040983606,-0.2754488810234856,Low
37.93934444000001,0.2120800543282866,-0.0974392361111111,-0.2052432969215491,Moderate
29.944595660000005,-0.022377999460771,0.0178764897074756,0.0915695853689089,Low
37.61805056000003,0.2564881387212119,-0.1208670599533543,-0.2478521516667303,Moderate
33.01739564000002,0.0164719293245939,-0.0643351635235139,0.0260499153514281,Low
32.81231444000002,-0.0049204714498226,-0.0553398058252427,0.0332406892718176,Low
30.939239480000023,-0.0283719454141542,0.0103439358675976,0.0576212755478946,Low
31.66727774000003,-0.0023741401351433,-0.0347266068948099,0.0431761786600496,Low
38.60756735000001,0.3330698618571146,-0.1685195099675621,-0.3037703362732352,Moderate
30.462425690000032,-0.0084292763157894,0.0152453549309194,0.0620381174640217,Low
32.02616984000002,-0.020665349495381,-0.0689514483884129,0.0419474481533719,Low
37.31042876000004,0.1767974343675417,-0.024195511416192,-0.1865541162978699,Moderate
30.648707779999995,-0.0038070666708617,-0.0083760629319405,0.0473296223860388,Low
40.80022717999998,0.1005850765408351,0.0376677528995409,-0.1238235534822816,High
29.47974494000005,-0.0054802027675023,0.0276605719643694,0.0925115639454931,Low
31.304967620000014,-0.0402409329744969,0.0138916321021792,0.1052568697729988,Low
40.26018002000001,0.1297374930184313,0.0292080905039424,-0.135308503387724,Moderate
31.24344326000005,-0.045740498034076,0.0225533628674989,0.1346050989481191,Low
32.91485504000002,0.2087932647333956,-0.1746204890464503,-0.1820884599551754,Low
39.17666768000004,0.1386670946515267,-0.0480076812289966,-0.1483197442693264,Moderate
31.09646840000005,-0.0153251258138807,-0.026833101076289,0.0550613915416098,Low
39.97306634000006,0.0708496555450493,0.0423989853234281,-0.1234720992028343,Moderate
31.64506061000003,-0.0025513162472457,-0.0506000549668671,0.0371116708648194,Low
39.52872374000003,0.1511832583610405,-0.0092246493604471,-0.1394610500232306,Moderate
32.183398760000046,-0.0440454743119836,-0.0170522141440846,0.0725091917304562,Low
36.47643188000001,0.2675243608122085,-0.0853156414598903,-0.2689519864842771,Moderate
39.785075240000026,0.1871002132196162,-0.0339827496919587,-0.1749594155844155,Moderate
43.27316465000001,0.2290935020946608,-0.0167077109108872,-0.2226202298198326,Extreme
38.95278737000001,0.2160358051374251,-0.0632128164821566,-0.2079723362213102,Moderate
31.304967620000014,-0.0337766123493787,0.0026422633240961,0.1018513144913237,Low
34.497398299999986,0.2295157008147944,-0.1154948295194983,-0.1935125527660519,Low
39.81241940000001,0.2249714802722159,-0.0436531210724759,-0.2186912961803381,Moderate
31.875776960000053,-0.0451123362380698,-0.0266411727214786,0.0735074197630277,Low
29.71900634000002,-0.0173683854835439,0.019158121964382,0.0957711442786069,Low
38.41615823000001,0.1797919190753668,-0.0254233038594614,-0.1837758567459092,Moderate
30.727322240000035,-0.0396661038009366,0.010537373206841,0.1128182487122884,Low
38.33925278000004,0.2158524622326859,-0.0462234527467333,-0.2291641873933912,Moderate
39.330478579999976,0.22133354768699,-0.0715469515850347,-0.2145969063511731,Moderate
30.04030022000001,-0.0111919802252128,0.0197733383248817,0.0775389936905486,Low
37.66077581000002,0.3511617228395629,-0.177702356557377,-0.3158045360234671,Moderate
38.47768259000003,0.0648296976655185,-0.0285122846792676,-0.0440264158495097,Moderate
33.89924480000002,0.0050554975004942,-0.0581938208094204,0.0275720726875256,Low
33.74543390000002,-0.0210596094028861,-0.0691690799732679,0.0477654878230246,Low
32.73028196000001,0.0758460971630085,-0.0853289438751128,-0.0413429452072241,Low
29.60279366000003,-0.0078321868827896,0.0138099106417546,0.0755171976139103,Low
41.111267,0.103345212093344,0.0074799214091206,-0.1255570322883277,High
36.95837270000004,0.1792098962490023,-0.0093588823991529,-0.1781990710284472,Moderate
32.778134239999986,-0.0424321441270593,-0.0331862651064646,0.067143929334334,Low
37.79749661000005,0.1200524988419373,-0.0319131280081561,-0.1754395441164555,Moderate
33.06182990000002,-0.0162876955329785,-0.0449380460229543,0.0523045054375971,Low
41.46674108000002,0.1743230174081237,-0.0150470219435736,-0.1663331465620747,Extreme
34.14534223999999,0.0453325229195157,-0.0945637761866878,-0.0196136554518057,Low
40.97112818000005,0.1185382878259084,0.0286325548226065,-0.1249122517239955,High
29.903579420000028,-0.0118343195266272,0.0253800217155266,0.0785911336370051,Low
40.834407380000016,0.1288524590163934,-0.0120889215506154,-0.1248876909254267,High
36.43199762000006,0.3624205218153913,-0.1597250303275374,-0.334239908388205,Moderate
35.003265260000035,0.170182964195045,-0.0591078361461056,-0.1551157967507777,Low
42.00678823999999,0.1740206033305025,-0.0265052461662631,-0.1807783719548425,Extreme
35.41684568000005,0.3942068227782513,-0.1766182838926269,-0.3603731428478236,Low
34.86996248000003,0.322115759133754,-0.1747767702637225,-0.2867323730098559,Low
37.12585568000003,0.3546662915816865,-0.1961746258461156,-0.3211248285322359,Moderate
37.03698716000002,0.1736458153828479,0.0055485252603913,-0.1909767423786115,Moderate
36.57042743,0.2739552872370531,-0.1259212325340981,-0.2604013065795613,Moderate
31.31863970000001,-0.0167682007358706,-0.0327546882919412,0.0525428654460912,Low
36.91735646000001,0.2524886553189963,-0.0105643994211287,-0.2610839217669261,Moderate
37.313846780000006,0.2250660626651566,-0.0620500065453593,-0.2162962407705858,Moderate
31.20926306000001,-0.0516940948693126,0.0051455653351387,0.0983063328424153,Low
29.859145160000025,-0.0157410562180579,0.0213429094112067,0.0911722141823444,Low
30.447044600000027,-0.0167385325773265,0.023469112489884,0.0763244346633496,Low
33.037903760000006,0.0680158900579772,-0.0777064543213889,-0.0357124264667603,Low
31.123812560000037,-0.0242160730225459,-0.0442499691852582,0.0575671616886367,Low
38.68789082000001,0.201935767707875,-0.0549280818611835,-0.2022883966554202,Moderate
37.04382320000002,0.0831939799331103,-0.045074115155793,-0.0639018631627572,Moderate
39.680825630000015,0.1991066099312628,-0.0351889097588138,-0.203183864299376,Moderate
30.917022350000025,-0.0056794651836952,-0.0344679017664799,0.0531000873264035,Low
32.709773840000025,-0.0544621859140982,-0.0034811165845648,0.0910280818657782,Low
39.166413620000014,0.2697795071335927,-0.0760328441197388,-0.246853461192688,Moderate
31.957809440000005,-0.0074820583295159,-0.0285461105133236,0.0458575538723504,Low
36.17906414000004,0.2982903419316137,-0.157082233434691,-0.2795802231911906,Moderate
30.298360730000013,-0.0184290447266703,0.0283879342739042,0.0962760549059481,Low
32.16972668000005,-0.0642741749365335,-0.0241869276918219,0.0823808984949643,Low
39.58683008000003,0.2663645320197044,-0.1095228230094606,-0.2415098713441255,Moderate
37.26599450000003,0.1814650388457269,-0.1039191116104221,-0.164024056861673,Moderate
35.40317360000006,0.2632014013265366,-0.1316981997072981,-0.23412683151944,Low
32.23466905999999,-0.0103809931506849,-0.0707503473830477,0.0481729284611425,Low
40.86516956000003,0.1583739575359574,-0.0309440998243034,-0.1579074543916878,High
31.974899540000024,-0.0633588714581053,-0.0185136207352552,0.0820023837902264,Low
40.59001895000006,0.1272575820680777,0.0374860579021385,-0.1292243504646311,High
37.66248482000003,0.3109965635738831,-0.1164196195686748,-0.2864892603181584,Moderate
31.034944040000028,-0.0253812757430702,-0.0573033029406436,0.048162644053055,Low
30.05397230000005,-0.0116481639624252,0.0207134637514384,0.0767119790669474,Low
34.890470600000015,0.2979384027925096,-0.1436776726086291,-0.2688914027149321,Low
40.38664676000002,0.2280768067735107,-0.0607940446650124,-0.2313347987569165,Moderate
40.34563051999999,0.2573932092004381,-0.0653939213151702,-0.2337926534372241,Moderate
37.72400918000005,0.1851112497400707,-0.0289593413735827,-0.1764025925773025,Moderate
31.11355850000001,-0.0400686513961317,0.0253351206434316,0.1169004676018704,Low
29.551523360000036,-0.0056897030252567,0.022710223010298,0.0839938634620301,Low
30.60769154000002,-0.0223470903571659,0.0102978194775899,0.0587906109124825,Low
36.68493110000003,0.2409791338431387,-0.0724628055260361,-0.2190095123056017,Moderate
37.85731196000006,0.2355406538139145,-0.1011075384065737,-0.2452067876294718,Moderate
32.59356116000004,-0.0569310041472916,-0.0086021505376344,0.079659042129147,Low
29.585703560000013,-0.0167196913287754,0.016453382084095,0.0936544581019529,Low
31.689494870000036,0.016150229257323,-0.0390300713709797,0.0306187836068314,Low
36.56530040000001,0.2673555300420972,-0.0843839025508366,-0.2606494346948875,Moderate
33.888990740000054,0.1360247279714291,-0.0892742710669657,-0.1207631920548904,Low
32.624323340000046,0.1047462306222127,-0.0643717551980767,-0.0806782477733634,Low
34.43587394000002,0.3609149606019103,-0.1609613983976693,-0.3351248538572949,Low
31.007599880000043,-0.0355397898400374,0.0266801756163458,0.1176830761694832,Low
34.429037900000026,0.3056628288880066,-0.125645653120916,-0.2845222454994141,Low
34.50081632000001,0.331093094374511,-0.1838955042143049,-0.2993283465523525,Low
30.62136362000001,-0.0369534890623608,-0.0262200714805326,0.0885443002415866,Low
34.259845910000024,0.0935853886673558,-0.091221692783809,-0.0707090181713018,Low
32.67217562000002,0.3661229611041405,-0.188386815105872,-0.3245281707274686,Low
31.22635316000003,-0.0436165981704892,0.0250692614365835,0.1238234043845266,Low
38.82802964000001,0.2536637809087308,-0.0949886329939705,-0.2404217598208453,Moderate
35.87315135000006,0.2170982074459935,-0.0876418339580017,-0.2085575734525054,Moderate
33.17975159000002,0.3748709870172198,-0.23395196151721,-0.3279583056420301,Low
39.145905500000026,0.1278688524590163,-0.0228962236098721,-0.1254703091771634,Moderate
31.54081100000002,-0.0189137191061121,-0.0327787125319374,0.0562341618974402,Low
39.22110194000004,0.0478623566214807,-0.024519549370444,-0.012289714918908,Moderate
35.56723856000002,0.3408712038849025,-0.1611485956378471,-0.3033676201211779,Moderate
36.57897248,0.234784617161335,-0.0663918348349346,-0.2263343018810215,Moderate
29.729260400000044,-0.0088773559136847,0.0180637304647858,0.0642769647347044,Low
32.69610176000003,-0.040297362676264,-0.03493033021569,0.0728982616129951,Low
40.99847234000004,0.1974951477643095,0.0299038803844784,-0.2303408834374294,High
37.71546412999999,0.2334194010441207,-0.0637841352405721,-0.2301966239332305,Moderate
37.42322342,0.2557448804126934,-0.1038889652329256,-0.2361789712614934,Moderate
30.453880640000023,0.0098062953995157,-0.0321103755490936,0.0391659947010713,Low
30.990509780000025,-0.050131926121372,0.0247866720845184,0.127378499575809,Low
30.691433029999985,-0.0175679043109892,-0.0126175875686261,0.0623141871804019,Low
34.709315540000034,0.3456167796511964,-0.2375792671012665,-0.3070198476719318,Low
37.607796500000006,0.1828508992525017,-0.0286722673866155,-0.2005069440777314,Moderate
29.565195440000025,-0.0314650277239628,0.0217273954116059,0.1065508103777654,Low
32.23637807,-0.0316940513141783,-0.0311429177911878,0.0707766300486418,Low
30.69314204,0.0244360902255639,-0.0551790900290416,0.0142994404566777,Low
38.14100761999998,0.1805949291275703,0.0241262087857685,-0.1801708310050291,Moderate
31.858686860000034,-0.00883310088331,-0.0382906191026967,0.0530757272929158,Low
41.15570126,0.1799513233951931,-0.0265334480248792,-0.1803104077906269,High
36.42174355999998,0.2791562334016238,-0.0754361902331664,-0.2719179115738644,Moderate
41.14715621000005,0.2136645210758893,-0.0600447648085158,-0.2046947604550552,High
40.81048124000006,0.0902969497003568,-0.0054020490530891,-0.1006729658078988,High
39.99357445999999,0.2200139200371201,-0.0517333333333333,-0.2044586959841197,Moderate
39.44498225000001,0.183875719833936,-0.0379763821792807,-0.1960261316633808,Moderate
30.713650160000043,-0.0090844202193238,0.0037186847599164,0.055976261861342,Low
34.53841454000002,0.2706561848227178,-0.0963644858195912,-0.2514319573375469,Low
41.85639536000002,0.1176819855124094,0.0190383546414674,-0.1379060207947126,Extreme
35.11264190000003,0.3993612394672465,-0.1873441441441441,-0.3523115313895456,Low
32.624323340000046,0.0794262470563048,-0.0979965156794425,-0.0439463740359231,Low
35.69370530000003,0.3044553498976003,-0.123693495772585,-0.2820629676047245,Moderate
38.88955400000003,0.2179152594412035,-0.0905904185854697,-0.2038238306589279,Moderate
30.74953936999998,-0.0399824665769122,0.0053201842600402,0.1080145454545454,Low
35.97740096000001,0.2425118445354533,-0.1404459185553712,-0.2096313958488058,Moderate
35.68686925999998,0.2272023502322442,-0.077448588358313,-0.2233655216083584,Moderate
36.57897248,0.2373138390947622,-0.0671406532966664,-0.2383250311332503,Moderate
38.31532664000002,0.2472191216658327,-0.0613474828862467,-0.2394430844553243,Moderate
32.403861050000046,0.0630829148303781,-0.0806375996249414,-0.0391464422571192,Low
32.58672511999998,-0.0221067757267602,-0.0539043421287747,0.0644530217310844,Low
31.55277407000005,0.0359311081581073,-0.0707206721964882,-0.0084464172479391,Low
32.69610176000003,-0.0210257212918036,-0.0591555655904267,0.041381424338408,Low
38.34950684,0.2390308273157142,-0.0759143139064837,-0.242537862079106,Moderate
32.48760254000001,-0.0465157515219575,-0.0254910685906808,0.0727136862677473,Low
35.32114111999999,0.2297602044651582,-0.0055009219422249,-0.2444943136434521,Low
30.380393210000022,-0.022132390096008,0.0274399437129359,0.0969668688754083,Low
32.070604100000025,-0.0599939338792842,-0.0192054722441462,0.0801923191072594,Low
31.48954070000002,-0.0137200852023555,-0.0165299928972686,0.0574182732606873,Low
39.44669126000002,0.2312815891548799,-0.0442266157168965,-0.2269071601467947,Moderate
39.69449771000001,0.2121985196623084,-0.0517700854825321,-0.2263180236013244,Moderate
35.77402877000003,0.3445838329247123,-0.1791829496052858,-0.3154632677358358,Moderate
34.86312644000003,0.2678778771941807,-0.133929934943954,-0.2585084745762712,Low
39.26553620000004,0.2362719609233435,-0.0671200272016321,-0.2229756059543293,Moderate
39.723550880000005,0.2361046240074731,-0.0633140255131081,-0.2405953357553029,Moderate
39.55264987999999,0.1686797333598647,-0.0001873265101071167,-0.1661504249066793,Moderate
39.491125520000026,0.1526381568222572,-0.0024574669187145,-0.1863092353006972,Moderate
37.15832687,0.2684937870166066,-0.0543775539753531,-0.2576373963770341,Moderate
29.643809900000008,-0.0197457397890181,0.0197457397890181,0.0848484848484848,Low
37.28650262000002,0.2166628237645069,-0.0550168282848478,-0.2105685772186747,Moderate
31.06741523000005,-0.0135101481758187,-0.0208420577908063,0.0705654622243078,Low
39.45010927999999,0.262031262031262,-0.0602581104246854,-0.2456773703211096,Moderate
40.00041050000005,0.1640983413716033,0.0163999602425206,-0.179311988559625,Moderate
30.83328086000006,-0.0361757902852737,-0.0156646083847903,0.0738227187861186,Low
38.00086880000004,0.2438997419830446,-0.1091318423085139,-0.2363576413694565,Moderate
37.52234600000003,0.1950241080038572,-0.0859666649140333,-0.181488826176493,Moderate
39.267245210000056,0.1330750917967962,0.0181811824761372,-0.1447381830782087,Moderate
35.034027440000045,0.3876679297278677,-0.1762095243656749,-0.3511319805467047,Low
30.60598253000001,-0.0124359412367611,0.0147920927062031,0.0694395261243279,Low
31.629679520000025,-0.0074061012167166,-0.0347426470588235,0.0432023570072806,Low
39.69278870000005,0.1434618505061907,-0.0214911451440095,-0.163448424377288,Moderate
40.19181962000005,0.2903276746940387,-0.1287470645116729,-0.2724936733502044,Moderate
36.57726347000005,0.2743369253655527,-0.0455932480909781,-0.2809132186947246,Moderate
36.66271397000003,0.225768251524661,-0.0782478862480251,-0.2022532811955553,Moderate
31.62284348000003,0.0312534943531253,-0.0655690352397458,0.0028651746134717,Low
33.20025971000001,0.1391136399227436,-0.0840267256153597,-0.1054431245409184,Low
37.97181563000004,0.2842481374486848,-0.0817231498231066,-0.2802091622143913,Moderate
40.4789333,0.1934394597202122,-0.0446532249551356,-0.1823648890835955,High
38.15467970000003,0.2361276448677086,-0.0659646334194317,-0.2469494479953515,Moderate
29.46607286000005,-0.0183110139382344,0.0314143184575974,0.0867022629036359,Low
29.941177639999975,-0.0230002035416242,0.0287333063537029,0.0868738110336081,Low
28.457756959999983,-0.018959584373524,0.0221265720626807,0.0958273739195323,Low
39.188630750000016,0.1226576128753915,0.0350820623609454,-0.1387636280609623,Moderate
37.69153799000003,0.1508540032647211,0.000984983324405122,-0.166199342383959,Moderate
38.95791440000005,0.1819377630787733,-0.0267887751603898,-0.186709935474133,Moderate
36.420034550000025,0.2304390527809101,-0.0446088044099254,-0.2387299959717288,Moderate
40.82073530000002,0.0887810448187268,-0.0029301277235161,-0.1007215007215007,High
31.335729800000024,-0.0383830655445039,0.0080242041568008,0.1197618769697677,Low
33.97273223000002,0.3920481546016157,-0.1952126212711941,-0.3568475407867423,Low
32.653376510000044,-0.0085524784733535,-0.0259791083416117,0.0420215307642578,Low
30.537622130000045,-0.0283850137889285,0.0181818181818181,0.1067342774101787,Low
36.71911130000001,0.2971238595948662,-0.1618421052631579,-0.281812277953929,Moderate
41.20013552,0.1512573501814087,-0.0102836230558096,-0.1499625093726568,High
36.98913488000005,0.2207731171425214,-0.0224029914389739,-0.2063160339022408,Moderate
37.9666886,0.2284148012791229,-0.0596696331811763,-0.231650062979503,Moderate
29.83180100000004,-0.0170342721411605,0.0205572085474709,0.0921968035098715,Low
30.70339610000002,0.0227259974187756,-0.0692244514842191,0.0196858864027538,Low
38.725489040000014,0.2232117207698937,-0.0296796659626948,-0.2211303150810645,Moderate
31.98515359999999,-0.041191305392098,-0.0286671390839399,0.0710338006864855,Low
41.05657868000003,0.2519929140832595,-0.0944638017808749,-0.2434572245436551,High
32.21074292000003,0.0174594996851565,-0.0479952830188679,0.0156180770934869,Low
39.66202652000004,0.1867460317460317,-0.0370704303498977,-0.201671555430546,Moderate
37.60096046000001,0.2476329493451159,-0.1143803516684872,-0.2262980340455233,Moderate
32.709773840000025,0.1644009595935839,-0.1370171328831932,-0.131507976413585,Low
30.580347380000035,-0.036002792460357,0.0174166440769856,0.111308611707018,Low
35.902204520000055,0.3037258380801195,-0.1642428285523682,-0.2747292880229351,Moderate
42.36738935000005,0.0797334967675609,0.0113860579620947,-0.0786033100288343,Extreme
33.17975159000002,0.0192009473595172,-0.0466153222537494,0.0130238907849829,Low
33.98640431000001,0.2787910777471507,-0.073469320773914,-0.258324516687506,Low
31.786908440000047,0.0503131073202332,-0.0755707888772182,-0.0162444502481065,Low
30.631617679999977,-0.0369925213675213,0.0198117375199646,0.1138283818243264,Low
31.974899540000024,-0.0551699377692675,-0.0261242526644138,0.0859623733719247,Low
37.21472419999998,0.2874061344192475,-0.0892309637449821,-0.2746439800258923,Moderate
34.23079274000003,0.3115612198452435,-0.1122619660319094,-0.2835189309576837,Low
34.68538940000002,0.2363259509461482,-0.083563210657337,-0.2287327382314793,Low
35.34677627000002,0.1172456257375955,-0.0911824400511163,-0.077574047954866,Low
32.484184519999985,0.043280431982019,-0.0633328677189551,-0.0027927073453472,Low
41.09075888000001,0.1222680697320882,-0.0051633894468807,-0.1249777355577985,High
36.55504633999999,0.3151926577669903,-0.1626129372915165,-0.2821280686187518,Moderate
35.14682210000001,0.2892653286687534,-0.1428851238860053,-0.2644923610358652,Low
36.490103960000056,0.3025754916359208,-0.1412610237579638,-0.2802422194057175,Moderate
36.035507300000006,0.2269572298266703,-0.058083932452767,-0.2107599295936328,Moderate
37.09509350000002,0.2025147347740667,0.0090982677675246,-0.2096442687747035,Moderate
36.42857960000004,0.2192148443490262,-0.0644308330823041,-0.2070444452878885,Moderate
36.052597400000025,0.3125975353818006,-0.1120127649874629,-0.2933420527050672,Moderate
37.43005946000005,0.2282963133463766,-0.0795738080787645,-0.2152888484020344,Moderate
40.45500716000004,0.1453880988321284,-0.021830037564675,-0.1478503184713376,High
37.39929728000004,0.2231596751037426,-0.0650934187316972,-0.2116501071498149,Moderate
37.37195312000006,0.2271769227590197,-0.092494481236203,-0.2104190445132887,Moderate
35.85777026000005,0.2385217549608592,-0.011026898499034,-0.2628452628452628,Moderate
37.70862809000005,0.23042463484415,0.0092902717366594,-0.2312589467339712,Moderate
36.69518516000005,0.3147898447432292,-0.1431251046725841,-0.2991739312497621,Moderate
37.81629572000003,0.2836359774875225,-0.0665254985000882,-0.2751951614037555,Moderate
30.31374182000002,-0.033247909360669,0.0213681048607318,0.1128233692288649,Low
36.96349973000002,0.2092746044258166,-0.0834955470190005,-0.1884364666981577,Moderate
31.988571620000016,0.0995962314939434,-0.10802775024777,-0.0649754336709114,Low
31.17337385000002,-0.0402284731605453,-0.0142463086159337,0.0948478090880129,Low
32.070604100000025,-0.0335994855581158,-0.0487932538528642,0.0616577345335345,Low
36.93786458,0.2099202167695318,-0.0618270691591254,-0.2071943526584559,Moderate
33.10626416000002,-0.0208824335434365,-0.0508853461968351,0.0586995468437137,Low
31.24344326000005,-0.0417912431067703,0.0234290357529794,0.1206633741845009,Low
34.24104680000005,0.290603422395677,-0.13654990085922,-0.266507088933898,Low
33.44123012,0.2585605020592273,-0.0989263147079473,-0.2385694709821859,Low
38.34096179000005,0.1836289427652491,-0.0351520734295066,-0.1908636742108848,Moderate
36.57213644000001,0.2677125291498834,-0.1311667675544794,-0.2314757609456732,Moderate
33.663401420000014,0.3411769163730059,-0.1710117117713227,-0.3158237141954311,Low
35.327977160000046,0.3031609195402299,-0.1229880313660751,-0.2703081232492997,Low
36.72252932000004,0.2115678484107579,-0.0615209532735305,-0.2162607861936721,Moderate
32.30644748000003,-0.0347135564378899,-0.0356621226874391,0.0541351711871943,Low
34.99642921999998,0.2043795620437956,-0.0316313153383307,-0.2144835773644638,Low
38.506735760000026,0.3224565901410092,-0.1850046990845487,-0.2789841460665715,Moderate
33.28912823000002,0.0755949367088607,-0.0925783058170035,-0.0521284762635893,Low
35.72104946000002,0.3194129578809211,-0.1941684665226782,-0.2835751596053395,Moderate
32.190234799999985,-0.0486692490316131,0.0094005139381322,0.0899746003287016,Low
37.88123810000002,0.2511478952039202,-0.0982929142392629,-0.2266545612740925,Moderate
41.60175287000004,0.1090640081727551,0.0041437337888277,-0.1410604907397339,Extreme
41.19159047000005,0.1174355642191899,0.0024748646558391,-0.1272504806851949,High
40.66008836000003,0.2064921217865181,-0.0524285222183947,-0.1956326067389347,High
43.27145564,0.0706070563818747,0.0184139065628035,-0.0698900339188108,Extreme
40.45500716000004,0.1267103878228483,0.0237297648069873,-0.1470964019288629,High
31.42118030000006,-0.0353578074775841,-0.0407641761985884,0.0627619647700189,Low
40.56096578000006,0.2217180160815221,-0.0604657591044157,-0.2144666033554922,High
36.66442298000004,0.1501726121979286,-0.0999633162142333,-0.1310826103357223,Moderate
31.44168841999999,-0.0438707108249817,0.0101690256974027,0.1038815625777556,Low
29.72242435999999,-0.0109016112444292,0.0221649833932081,0.0820235443843461,Low
38.73574310000004,0.1976909413854351,-0.0781468601351081,-0.1602357293414203,Moderate
36.00474512000005,0.3121715447466339,-0.1271582970871227,-0.2843840348439905,Moderate
29.647227919999978,-0.0195386702849389,0.0215301286391333,0.09015361369932,Low
31.65702368000001,-0.0383733374101819,-0.0059171597633136,0.0907251069735168,Low
31.25027929999999,-0.021377350832093,0.0123574793473066,0.0862232328974796,Low
36.39952643000004,0.1728752189228014,-0.0374225440367611,-0.1717684065664012,Moderate
41.79487100000006,0.1419202711664579,-0.00041961202027048834,-0.1558025059665871,Extreme
38.52040784000002,0.1907700667598199,-0.0626417969900071,-0.1818024230050655,Moderate
39.03994688,0.2781564182701359,-0.1422418144496416,-0.2491352027673511,Moderate
29.13110690000002,-0.018972760536658,0.0261653326158606,0.0913769298355717,Low
41.206971560000056,0.1716228393544687,-0.00245321370996,-0.1916347275454091,High
36.900266360000046,0.2384896750595111,-0.0943822146216331,-0.2150451887293992,Moderate
35.13144101,0.2906427929277794,-0.1143092770168658,-0.2672637328282178,Low
37.17199894999999,0.3113271952322084,-0.089479251299189,-0.2990312557119357,Moderate
33.71467172000001,0.3410296172917504,-0.1842897237344875,-0.3046620350537354,Low
36.044052350000015,0.2086387026352721,-0.0302385857646042,-0.2086858212155471,Moderate
37.474493720000055,0.3164980660517703,-0.1276300909481866,-0.2910261319911738,Moderate
33.841138460000025,0.0064481461579795,-0.0626950354609929,0.0210630847227303,Low
36.55162832000002,0.316237982878649,-0.1213596265346468,-0.2962685563941541,Moderate
37.59925145,0.3509609135642001,-0.1652332676692451,-0.3211069145845439,Moderate
39.70304276000002,0.1375159161940039,0.0148041705654324,-0.1505229472369653,Moderate
40.9061858,0.1887086019115359,-0.0650911142828691,-0.1881364090791276,High
32.05693201999998,-0.0063202247191011,-0.0433179723502304,0.043649676147564,Low
40.13542229000001,0.1784966437699368,-0.029173004289645,-0.1821519012190573,Moderate
39.63126434000003,0.1158738724847737,-0.0018342273749783,-0.1241505184264688,Moderate
36.09361364000006,0.2803921568627451,-0.1085501616009924,-0.2589351920510159,Moderate
31.058870179999985,-0.0400477390266542,0.0255098606717372,0.1211606167293917,Low
36.17393711,0.2174533591599551,-0.1134109047512493,-0.1958023751827448,Moderate
35.92954868000004,0.3390201528839472,-0.1512689142157229,-0.3198280733599328,Moderate
32.23466905999999,-0.0282882280877603,-0.047859244580556,0.0721539852182698,Low
33.41217695,0.2562885802469136,-0.0554412122194311,-0.2546670005972219,Low
33.67365547999998,-0.0237401082882132,-0.033249370277078,0.0601443464314354,Low
34.16243234000001,0.2627851768398181,-0.1773267809580973,-0.2495620321707278,Low
34.68026237000004,0.1139673490541591,-0.1271697519534322,-0.0785287771589141,Low
31.09988642000002,-0.052810679929324,0.0235444916683532,0.1236376846694114,Low
30.9426575,-0.0248954888625444,-0.0010248526774276,0.0543386179353745,Low
31.735638139999992,-0.0344575227175702,-0.0098226814644725,0.1092607179025542,Low
35.235690620000014,0.2787972061086776,-0.0692226474858123,-0.2614246788633709,Low
42.21528746000001,0.1298356727148236,-0.0370806819074554,-0.1285799777720783,Extreme
34.17610442,0.339406374924824,-0.1252916437562229,-0.3185554085115274,Low
29.667736040000023,-0.0094489275122422,0.0239891267414203,0.0839392779691287,Low
33.836011429999985,0.1971472008585226,-0.1428510447570059,-0.1556524366555877,Low
33.020813660000044,-0.0236535662299854,-0.0282319877363311,0.0520551171828995,Low
37.43005946000005,0.2797487495638013,-0.0914682539682539,-0.2554105967821688,Moderate
39.491125520000026,0.1627461924886372,-0.0373479405278508,-0.1661401895317685,Moderate
36.31749395000003,0.2752245113576334,-0.0991462720546385,-0.2604098681634251,Moderate
37.49500183999999,0.1994828802005798,-0.0472346683996306,-0.2013654555442203,Moderate
38.53407992000001,0.1907940697042614,-0.0500701598275094,-0.1640047042755795,Moderate
38.65712864,0.2820361053566144,-0.0999460437363125,-0.2637567005798052,Moderate
32.37138986000002,0.3466702677675746,-0.1750862721993098,-0.3103448275862069,Low
30.390647270000045,-0.0193105323995376,0.0196105087856438,0.0937195639196958,Low
36.91393844000004,0.3271878780895316,-0.1424131717719405,-0.3063400249517977,Moderate
36.63024278,0.237987197147719,-0.0547098822960891,-0.2281844125567748,Moderate
36.035507300000006,0.118598868427691,-0.0038485171889654,-0.129220023282887,Moderate
39.94572218000002,0.219326334562847,-0.0782078853046595,-0.1964839710444674,Moderate
31.841596760000016,-0.0122396784800876,-0.0305263492265175,0.0465526362193616,Low
37.197634100000016,0.2672671564103511,-0.1059244225379337,-0.2612841003031138,Moderate
34.63753712000005,0.3709855221577129,-0.1729016032694121,-0.3298403193612774,Low
32.62090532000002,0.3640602390267431,-0.1752682048361526,-0.3262697144445216,Low
38.16151574000003,0.2437807239684195,-0.0763652770839711,-0.2312172823121728,Moderate
32.20390687999998,-0.040531719185805,-0.0205137915798775,0.1026252983293556,Low
31.993698650000056,-0.0076448959077321,-0.062508850936075,0.0322713788211015,Low
38.17518782000002,0.1629920628557684,-0.0021762409755086,-0.1664053391227435,Moderate
35.56382054000005,0.4069873253168671,-0.2152250494729898,-0.3719202066135345,Moderate
38.70839894000005,0.2228210655990144,-0.0628387873920899,-0.2160796324655436,Moderate
34.66829930000006,0.0680423567743687,-0.0783485936728987,-0.03466778894208,Low
29.732678420000013,-0.0397920415916816,0.027541514783313,0.1070476662740965,Low
40.22258180000006,0.2401109384527626,-0.0779858083269214,-0.2300218511003589,Moderate
30.69997808000005,-0.0304027825222819,-0.0155807826171811,0.0668021639716651,Low
38.45546546000003,0.1633159503686387,-0.026694175527694,-0.1860298835823632,Moderate
33.58478696000003,0.325824650163625,-0.1714888861293927,-0.2954977930358018,Low
32.22783302000005,-0.0236060479292416,-0.0352300088708655,0.0552246573758168,Low
36.14146592000003,0.1800480325143174,-0.0357038622434088,-0.1783935357709478,Moderate
40.704522620000034,0.156336281061182,0.0325410110478741,-0.160608859793566,High
32.85503969000001,0.0135113821565637,-0.072429906542056,0.0129284964542638,Low
41.13861115999998,0.1167750325097529,0.0379592881833312,-0.1463330917966515,High
37.91200028000003,0.2826546898778813,-0.0401541147432424,-0.275835333210264,Moderate
38.51528081000004,0.2478323295232057,-0.0866282373954696,-0.24054575114934,Moderate
30.87600611000005,-0.010281268331841,-0.0189123041225644,0.0535018306365891,Low
36.42687059000002,0.156937945846437,-0.017317258241295,-0.1509347577260587,Moderate
36.05601542,0.2406749054793747,-0.0692366300841344,-0.2394392663860493,Moderate
36.134629880000034,0.218028637273792,-0.0728428338491231,-0.2146099798444063,Moderate
29.71558832000005,-0.0091755683374417,0.0182508989755071,0.0988353988914492,Low
35.18271131000006,0.4112877067791112,-0.2246678675973879,-0.3709982354423998,Low
40.25676199999998,0.1894237187569532,-0.0110645273145667,-0.2014083979473349,Moderate
33.46002923000003,-0.0449625085207907,-0.0406750453100395,0.0732391384875906,Low
39.010893710000005,0.2155846180833024,-0.0351535269709543,-0.2212496818030507,Moderate
31.07937830000003,-0.0170436398478557,-0.0449732999969132,0.055175685858614,Low
41.059996700000056,0.230679521069818,-0.0960772772911401,-0.2269591504534532,High
35.39291953999998,0.2194656488549618,-0.0671305557971644,-0.2053997759918256,Low
32.53374581000003,0.3555268751897965,-0.1952337918800415,-0.311156395146041,Low
36.77379961999998,0.3349496996453644,-0.1048548923298092,-0.307089962087659,Moderate
29.76002258000005,-0.0079670329670329,0.0174818039589143,0.0964594019767296,Low
42.72799046,0.0457719162141194,0.0058997050147492,-0.0547272332101717,Extreme
40.54729370000001,0.139750954161687,0.0362184189079054,-0.1547535348800875,High
31.74589220000001,-0.0276648223451769,0.0070120498332085,0.0798637395912187,Low
36.20299028,0.2636895878773964,-0.0846388806778993,-0.266840570814792,Moderate
37.06262231000005,0.1821552540233512,-0.0462011065924284,-0.1899467958389581,Moderate
31.786908440000047,0.0038699243343152,-0.0370547168685482,0.0341224852728687,Low
35.34677627000002,0.2191473988439306,-0.0718800622558206,-0.2154369788759026,Low
33.44123012,-0.0162025924147863,-0.035366931918656,0.0474696415083376,Low
32.398734020000006,-0.0182252423871939,-0.0449387199273717,0.0546977660972404,Low
30.139422800000037,-0.0262647864733008,0.0150081124932395,0.100506235337696,Low
31.638224570000038,-0.0151262542059474,-0.0299898554400202,0.052548699405109,Low
32.14580053999998,-0.0459010537595999,-0.0290888075515314,0.0674425370963049,Low
37.671029869999984,0.3754429098271747,-0.1718210941350419,-0.3465718027680436,Moderate
39.37662184999999,0.289516426725729,-0.1061572806003704,-0.265596695891602,Moderate
32.19365282000001,-0.058498619131308,-0.0088102764140157,0.0833537032510388,Low
42.17768924000001,0.2819337839385955,-0.1184780435796628,-0.262314807851395,Extreme
35.50229618000003,0.2498582712876526,-0.0763222131814483,-0.248584157668202,Low
35.076752690000035,0.2770629343403866,-0.1216659827656955,-0.2546904584313501,Low
31.39725415999999,-0.041211323238973,0.0243837084673097,0.1250750931154631,Low
34.82894624000005,0.2075152199330726,-0.105206834200524,-0.186091639935052,Low
29.51734316,-0.0098132751805915,0.0267916945746818,0.0762286222900375,Low
31.04007107000001,-0.0315056237218813,-0.0025137262684395,0.0734287111763267,Low
31.25369732000001,-0.0315862767438916,0.0034523189161021,0.0924514311137476,Low
41.29242206000004,0.1962960185948864,0.0145151327980234,-0.1899168437931163,High
39.91837801999998,0.1565781796966161,-0.0162117134435473,-0.1567047153641369,Moderate
33.42755804000001,0.3304087310079178,-0.1439173234383145,-0.3228597772891694,Low
34.88021653999999,0.3272804131669393,-0.119732068099358,-0.3035379061371841,Low
33.50617250000005,0.253458199200078,-0.080472915019929,-0.2296826551314933,Low
38.42812130000004,0.2404183816032926,-0.1059488940511059,-0.221825485382727,Moderate
38.07948326000002,0.2495780266994015,-0.0991732748439345,-0.240347269819511,Moderate
39.69962473999999,0.2461731493099121,0.000948412128179336,-0.2429649229448993,Moderate
34.43929195999999,0.3782276682649618,-0.2005445207598539,-0.3401947917386199,Low
34.36580452999999,0.229641548225619,-0.1616771523877887,-0.2138271822814409,Low
37.166871920000006,0.1220990925881313,0.0087607292331701,-0.1293542390689404,Moderate
35.29037893999998,0.2244031830238727,-0.0839679291489147,-0.2133228192707746,Low
30.12062369,-0.0128696604600219,0.020313880019023,0.0762923579527256,Low
38.911771130000034,0.2830422491577276,-0.1005115259416727,-0.2736463759201953,Moderate
41.94526388000003,0.1812792941825199,-0.0037777842855887,-0.232860945255737,Extreme
32.13212845999999,-0.0385267201446164,-0.0371092559868381,0.0846017318345613,Low
33.53180765000002,0.308364908190032,-0.0860045965888472,-0.2882073356649627,Low
40.21745477000002,0.1268012608826178,0.0426132287531684,-0.1542409041111687,Moderate
36.07823255000005,0.2423585946116275,-0.0859730064729376,-0.2253214715823006,Moderate
34.91439674000003,0.3555460893078732,-0.1643890099750226,-0.3286738676590723,Low
29.609629700000028,-0.0178789110117838,0.0203337161386205,0.08821125432254,Low
38.23842119000005,0.1822278929063857,-0.0386548544566986,-0.1735817450103164,Moderate
29.756604560000028,-0.0100329851566794,0.0304865737936604,0.0736287055494823,Low
34.596520880000014,0.3281745291814283,-0.1452689122919848,-0.3009808040035798,Low
41.76410882000005,0.1445734558942106,0.0155009189582827,-0.1431447553855445,Extreme
34.80331109000002,0.1469903323689224,-0.0678667630247684,-0.1245070682378986,Low
35.266452800000025,0.3138974368096195,-0.1175900989499803,-0.3021771705597179,Low
34.94174090000001,0.2574152542372881,-0.1264737015001642,-0.2264833286968962,Low
30.498314900000025,-0.0107225788826663,0.0134849826329769,0.064729620661824,Low
32.268849260000025,0.0011804981702278,-0.036733695984353,0.0428845502764924,Low
31.24344326000005,-0.0432764676367285,0.0094805194805194,0.1143238692446147,Low
39.29629838000005,0.2129744995431514,-0.0645137775185887,-0.1978017471188943,Moderate
33.83088440000006,0.3881131661671175,-0.2514128482691579,-0.3344343517753922,Low
39.50479760000002,0.2084646728684554,-0.0525663776073927,-0.2031919779546846,Moderate
30.25734449000004,-0.0195836334327948,0.022299746904713,0.0918736895609632,Low
32.30644748000003,0.041428182065958,-0.0737972122302158,-0.0053411213723787,Low
38.02479493999999,0.2475333149887967,-0.076124919466956,-0.2408507976227713,Moderate
34.23079274000003,0.3564511323003576,-0.1326118056851402,-0.3189193104447341,Low
32.65166750000003,-0.0269912834385332,-0.0306271887933779,0.0581320919406459,Low
39.732095930000014,0.1820974111452391,-0.0288076776196722,-0.179554540262707,Moderate
40.87200560000002,0.0924992153991003,0.0093908292386788,-0.1093972422291626,High
36.50035802000002,0.0592682054034711,0.002590291671054,-0.0505512055542,Moderate
30.76150244000001,-0.0232173992842066,-0.0017882352941176,0.0694719664296538,Low
36.29356781000001,0.2331633919535621,-0.0611044476940012,-0.2348610872100805,Moderate
40.93011194000002,0.1429343629343629,0.0181432219974128,-0.1527258566978193,High
39.680825630000015,0.2132492980699377,-0.0575389354783501,-0.2040999259519077,Moderate
36.319202959999984,0.2739251040221914,-0.0962800875273523,-0.2678194854491775,Moderate
32.05351400000001,-0.0419715884631941,-0.0531795326826382,0.0843918745178709,Low
36.459341780000045,0.2604016937958898,-0.0992749203767703,-0.2410205408713613,Moderate
35.54502143000002,0.231688853058576,-0.0833246861056345,-0.2158385093167701,Low
31.019562950000022,-0.0413851598373841,-0.0301734976112647,0.0699469368065605,Low
35.26987082000005,0.1848235606261608,-0.0021993805826114,-0.2122265052391552,Low
36.830196950000015,0.1821448313985627,-0.0398555129117968,-0.177402862985685,Moderate
31.48954070000002,-0.0119908305413507,-0.033636699053007,0.0444002274019329,Low
37.53772709000003,0.1553132312039203,-0.018367902868039,-0.1446254784034991,Moderate
30.814481750000027,-0.0512933958646727,-0.0256704614305303,0.0875460992907801,Low
40.916439860000025,0.1386912128712871,0.0009501187648456056,-0.1417380850816302,High
32.70293780000003,-0.006158373753338,-0.0623325177676803,0.0412701750696598,Low
38.88271796000004,0.1552422436191349,-0.0517619229832678,-0.1596732126419147,Moderate
34.79476604000001,0.2973038718832353,-0.1155931317005142,-0.2648930703245444,Low
36.46788683,0.2720585418183211,-0.1004059988400033,-0.250711016518185,Moderate
33.94709708000005,0.3030973451327434,-0.1162228394053259,-0.2941131903932116,Low
29.657481980000057,-0.0232904536222071,0.0266513730517508,0.0939011368632623,Low
41.13519314000001,0.1390362466466305,0.0201454078534122,-0.1386687637368177,High
38.61098536999998,0.2185579346229852,-0.0222046477673682,-0.2439985933480168,Moderate
38.86220983999999,0.2630625307730182,-0.1209732394120012,-0.2440013190309002,Moderate
33.400213880000024,0.0557847736392923,-0.0640236956026429,-0.0354767184035476,Low
37.98719672000004,0.2863490675990676,-0.0740504211902806,-0.2653792411593995,Moderate
42.65279401999999,0.0901287553648068,0.0326299536798764,-0.1198315923263295,Extreme
32.764462159999994,0.1585119487558512,-0.1039275066319224,-0.119139416440573,Low
32.73028196000001,-0.0052132438578004,-0.0465299454476501,0.0340092091445189,Low
31.161410779999983,-0.0572964468336174,0.0264048747461069,0.1291182170542635,Low
40.130295260000025,0.1125869828116016,0.0689031573009473,-0.1447220805711371,Moderate
30.511986980000017,-0.042823653712814,0.0270506108202443,0.1061021861798896,Low
36.42857960000004,0.1823524093662417,-0.1311681010249535,-0.161714412613813,Moderate
35.90733154999998,0.1837762356127285,-0.1270244138264442,-0.1630807608356719,Moderate
40.53703963999999,0.1206903314375367,0.0093613480341169,-0.1243064573249911,High
34.44441899000003,0.187250120820702,-0.1296532408084777,-0.1578473799220189,Low
42.51436421000005,0.0771682310188694,0.1399801402594178,-0.0862450763291461,Extreme
36.385854350000045,0.2607033934293325,-0.0740515384235886,-0.2484612149711358,Moderate
39.42960116000006,0.1717837709020137,-0.0270138550442108,-0.1633739500768957,Moderate
39.603920180000046,0.1684431650198397,0.0017116742833402,-0.1701729780271154,Moderate
35.73813956000004,0.3662046719364786,-0.1547126850020972,-0.3313298791018998,Moderate
30.395774300000028,-0.0246791707798617,-0.018359853121175,0.0564078075568554,Low
35.84238917000005,0.3601306085683725,-0.1854565676060254,-0.3344380005523336,Moderate
33.824048360000006,0.0510229099131003,-0.082760362585244,-0.0186397718872108,Low
40.29094220000002,0.1305714959515761,0.0033264033264033,-0.1395745018026227,Moderate
32.217578960000026,-0.0386665849623138,-0.0165230350547528,0.0740172352732853,Low
40.43449903999999,0.176084463600775,-0.0213949654864521,-0.1801912622514979,High
32.66192156,0.3346330275229358,-0.1340869226271682,-0.3030529222960364,Low
32.484184519999985,0.1481040815270808,-0.1144923169629406,-0.0975718312645269,Low
38.01454088000003,0.263839021503255,-0.0965732087227414,-0.2531100852828417,Moderate
34.33846037000001,0.21230923385232,-0.082037699504678,-0.1923886056516877,Low
38.23842119000005,0.2319063408850934,-0.0774614798852902,-0.2229353242979826,Moderate
64.84428887000001,0.1526493799323562,0.0203825650674192,-0.1453478898484601,Extreme
31.301549600000044,0.0717761222750639,-0.088259922960978,-0.0367218868827611,Low
30.867461059999982,-0.0369039299856909,0.0170826965528952,0.1085717805772014,Low
30.80251868000005,-0.028052330230624,0.0110655470936666,0.0870688619156351,Low
31.974899540000024,-0.0210458055768437,-0.0334183832223536,0.0565844790364731,Low
35.645853020000004,0.3024602026049204,-0.1223836327479861,-0.2763021731631597,Moderate
38.83315667,0.1449911084765856,-0.0335675810651731,-0.1550328881801873,Moderate
40.45158914000001,0.1028007511286907,0.0273108503365401,-0.1109680016099818,High
33.52497161000002,0.1836496593679035,-0.0629969876700282,-0.1818030536256604,Low
42.06831260000001,0.0943354477061513,0.0492454583319983,-0.1113441444140668,Extreme
41.34027434000001,0.106659205372132,0.0254287403903016,-0.1392142555397672,High
39.06045500000005,0.1437878593781454,0.0110133552756503,-0.1386201745277003,Moderate
31.034944040000028,-0.0376357955685498,-0.0424765571632615,0.0654158779645919,Low
41.80512506000002,0.1080347159363186,0.0017748357077756,-0.1232255626922869,Extreme
41.8461413,0.1158617461184364,0.045451511713275,-0.1331458226042863,Extreme
36.9241925,0.2871408929734423,-0.0720872762341028,-0.2834259326069702,Moderate
36.97204478000003,0.3191442190444518,-0.150351227685764,-0.2916998335624864,Moderate
36.96862676000001,0.2857093051633371,-0.1421227043265508,-0.2546524682747593,Moderate
31.293004549999974,-0.036437013548573,-0.0394303128303999,0.0636450221300913,Low
33.26178407000003,-0.0192234001788223,-0.0133958030882935,0.0488076803964075,Low
30.342794990000016,-0.0260774834887996,0.0243170423928242,0.0939380502945461,Low
30.392356280000055,-0.0138673824025326,0.0222449675878539,0.0911743253099927,Low
36.22349840000004,0.2512980675385516,-0.0708272083389015,-0.2481308411214953,Moderate
41.51459336000005,0.2567741935483871,-0.0468152362889205,-0.248529633539436,Extreme
37.92225434,0.2153889812299833,-0.0354712810416882,-0.2145027344541219,Moderate
40.03117268000005,0.1119093874857959,0.0380846678293959,-0.1265272774538567,Moderate
30.373557170000023,-0.0202459154455112,0.0259553233530928,0.0950840074673304,Low
37.70350106000001,0.2094485773448884,-0.0308705528590805,-0.2012949914302037,Moderate
29.496835040000008,-0.0258337247534053,0.0218958431583911,0.1068044788975021,Low
39.340732640000056,0.2553963854951403,-0.1214868540344515,-0.2404828942800941,Moderate
41.66840425999999,0.1189434078169392,-0.0042037075322169,-0.1269479138471057,Extreme
38.81435756000002,0.2365491651205936,-0.00337329244494,-0.273093861091951,Moderate
31.38529109000001,-0.0046506446851764,-0.0554571226080793,0.0310144770373583,Low
38.66396468000005,0.2656627625952779,-0.1338729555977482,-0.2503673229503379,Moderate
30.53933114000006,-0.0283949788548029,0.0179128782738499,0.1065707848523193,Low
41.29925810000003,0.0696627527478711,0.0885727984657183,-0.1318223316000476,High
30.558130249999977,-0.0350689332084058,0.0190835799571384,0.113093224248762,Low
34.90414268000001,0.3636834702790732,-0.1450770760815514,-0.3350726528245824,Low
40.86516956000003,0.201528100508054,-0.0497556947216296,-0.200676925498839,High
39.98673842000005,0.2366503404611157,-0.068023935621432,-0.2308180088776157,Moderate
39.03652886000003,0.2618695252189912,-0.1287298747763864,-0.2346587351283657,Moderate
31.13406662,-0.0384640935361721,0.021630390698932,0.0992033856111526,Low
38.75966924,0.1903721395057337,0.074280445234802,-0.2225952923574746,Moderate
35.61338182999998,0.2612208787968151,-0.0679007207897058,-0.2337160330006346,Moderate
37.63172264000002,0.4355407460127463,-0.210618213564686,-0.404862913949218,Moderate
39.10488926000005,0.2647543439185141,-0.1008115771976141,-0.2520017793594306,Moderate
32.24492312000001,-0.0444497837578087,-0.0204631470908974,0.0739317731982768,Low
30.76150244000001,-0.0247030878859857,0.0198137980424922,0.0970721286755466,Low
33.65656538000002,-0.0152322514667097,-0.0653933500262039,0.0422446736114746,Low
36.41832554000001,0.2580412410283674,-0.1108577560190463,-0.2363039259590983,Moderate
31.09134137000001,-0.0145297689993756,-0.053164710520729,0.051176261646493,Low
30.212910230000038,-0.0069163438082938,-0.0371347220140866,0.0486349764935529,Low
42.37251637999998,0.2238563682997305,-0.0449341649341649,-0.214902668557432,Extreme
29.68824416000001,-0.0206589251957872,0.0227701428186472,0.0858907303547797,Low
34.10090797999999,0.1781821302892455,-0.0040595399188092,-0.1726965956174448,Low
31.754437250000024,-0.0279805352798053,-0.0403000806001612,0.0553694581280788,Low
36.838742000000025,0.267640317478358,-0.1105579342162036,-0.2552050118167835,Moderate
34.81185614000003,0.4256710141594664,-0.2377638334284084,-0.3959083890890376,Low
36.02867126000001,0.2169080436502825,-0.0310589996257951,-0.2085016173541183,Moderate
38.08119227000003,0.1571268237934904,-0.0182022510173849,-0.1758991603248579,Moderate
39.77482118,0.1691622514013668,-0.0381658569845734,-0.1738267321962031,Moderate
31.99882567999998,0.0100686623062935,-0.067948350071736,0.0175021778728122,Low
31.28104148,-0.0365790829469345,-0.019923642080272,0.0905189677862333,Low
37.659066800000005,0.2510852181859721,-0.0728489795918367,-0.2422397822223902,Moderate
31.42801634,-0.0681948424068767,0.001841620626151,0.1017126020502117,Low
31.20071801000006,-0.0350946595083356,-0.0489325756412225,0.0614555848724714,Low
34.24104680000005,-0.0338468587137048,-0.0387931034482758,0.0476459297730608,Low
34.98275713999999,0.0823871755566525,-0.0675755323783409,-0.0579780074662874,Low
30.32057786000001,-0.0227822237357398,0.0226158038147138,0.0916975279334029,Low
38.527243880000015,0.205978937832635,-0.0268359312228828,-0.228090405904059,Moderate
37.97010662000002,0.2820007578628268,-0.0855071068758622,-0.262246763422005,Moderate
40.04313575000003,0.1586167004090402,-0.0442197769461356,-0.1458341846116128,Moderate
40.18498358,0.2641035401598782,-0.0965164272742281,-0.248561867879836,Moderate
32.817441470000006,0.1442824251726784,-0.111552893814766,-0.1082480612472436,Low
39.15274154000002,0.2604366287152895,-0.0968543587731345,-0.2450911250510374,Moderate
31.40067218000001,-0.0525906735751295,0.0210801043967074,0.1297519186150276,Low
36.27476869999998,0.2981198612415432,-0.1630007383368533,-0.2701734646038443,Moderate
31.66044169999998,-0.0023172650550708,-0.0469214373630332,0.042922224051814,Low
34.27009997000005,0.331168467610996,-0.145923367338742,-0.2989747045218626,Low
38.80068548000003,0.0954285714285714,0.0505704430883523,-0.1201168614357262,Moderate
39.463781359999984,0.1976147223757997,-0.0138744943331884,-0.2144973968762515,Moderate
32.80206038000006,-0.0155630149527006,-0.0305392282136468,0.04221839558221,Low
31.821088640000028,-0.0305434851061149,-0.0097736962938668,0.0777065484392786,Low
35.07504368000002,0.2853099782001759,-0.1143643477684196,-0.2605540031132199,Low
33.883863710000014,0.0568785881352328,-0.0928979771328056,-0.0242118277354213,Low
30.73928531000001,-0.0413884339170971,0.0067232375979112,0.1091792530148694,Low
35.00839229000002,0.3488529014844804,-0.1711746899716824,-0.318021978021978,Low
38.23842119000005,0.2319063408850934,-0.0774614798852902,-0.2229353242979826,Moderate
36.97546280000006,0.327976759579319,-0.0968427766556819,-0.315160785170618,Moderate
36.32603900000004,0.2452800870173257,-0.0848421266371112,-0.2241188375911711,Moderate
31.01785394000001,-0.028745350016909,0.0138039969782295,0.0946346384212849,Low
38.73232508000001,0.2336773932402347,-0.1146953405017921,-0.2301420729738456,Moderate
35.59970974999999,0.1864699283803607,-0.1496174909075707,-0.1638980002116178,Moderate
31.06570622000004,-0.0339926248742876,0.0261574856370395,0.1167238842569887,Low
41.43256087999998,0.1190816710575837,0.0642328874901652,-0.1721527969409075,Extreme
32.152636580000035,-0.0093209761797275,-0.073770255878882,0.0341988764335827,Low
33.957351140000014,0.2685357981864887,-0.1895085747225825,-0.2340716375830325,Low
30.52224104000004,-0.0307001249620047,0.0196748189643393,0.1091659682776174,Low
30.501732919999995,-0.0146502510489029,0.0329091706888986,0.0766355140186915,Low
32.23125104000002,-0.0022204043473179,-0.0359764605957653,0.0401618841516539,Low
30.88626017000001,-0.0005006884466140943,-0.0175863387281763,0.0497158668293118,Low
38.20765901000004,0.1611393225085156,-0.0432986593563408,-0.149346351150091,Moderate
33.40704992000002,0.0352630678624667,-0.0417804008360998,-0.011580983309057,Low
31.06057919,-0.0268190811167289,-0.0471290875761338,0.0719077568134171,Low
34.10261699,-0.0250458475242336,-0.0473670878950775,0.0455011798502103,Low
39.01431173000003,0.178009944239789,-0.0040835935623348,-0.1691373316817837,Moderate
30.306905780000022,0.3203235824099988,-0.1266029835121696,-0.2912151775336508,Low
29.626719800000046,-0.0065988452020896,0.019671686338353,0.0852006583111786,Low
29.73951446000001,-0.0241716458446496,0.029181302350716,0.0929630798359103,Low
35.42709974000002,0.3138675001905923,-0.1189455914816257,-0.2905496480455294,Low
30.397483309999984,-0.026538603125732,0.0287813021702838,0.1032739379739811,Low
34.11970709000002,0.1652607672966177,-0.0627288530532233,-0.1542834187004117,Low
36.50377604000005,0.1155175550300163,-0.115771277805577,-0.0823882441198534,Moderate
29.26099166000006,-0.0160076617868381,0.0248796691749711,0.0804832832576871,Low
38.031630980000045,0.1759981285090455,0.00016574402492790135,-0.1943454502257068,Moderate
35.572365590000004,0.3039864666078258,-0.0968370582321552,-0.2870651010000181,Moderate
32.684138690000054,0.0631319886576427,-0.0781584872900898,-0.0412932976995231,Low
37.18225301000001,0.2139914435113294,-0.042629197427959,-0.2140154891358171,Moderate
36.095322650000014,0.2124913308160591,-0.0112146529562982,-0.2172752591675692,Moderate
32.41924214000005,0.0187818912170231,-0.0686709941920054,0.0294254537932461,Low
35.24765368999999,0.2712849118878959,-0.0694812048388406,-0.2516913721018624,Low
32.07744014000002,-0.0278586767863972,-0.025,0.064462248393398,Low
34.37947660999998,0.37175978103365,-0.1446484549932825,-0.3443669132858796,Low
35.77061075000006,0.3819570304939205,-0.1627507587534236,-0.3540334120648932,Moderate
36.88830329000001,0.2913825776075956,-0.0771762865430368,-0.2777777777777778,Moderate
41.84272328000003,0.1025503244740214,0.0367615195724396,-0.1095212345576307,Extreme
43.22018534000006,0.1097814555484829,0.0009168704156479218,-0.122355263722587,Extreme
36.44566970000005,0.1882864438361206,-0.1184341575369159,-0.152264108855677,Moderate
33.93171599000004,0.1284269015044294,-0.0879640158694059,-0.1097535828435921,Low
38.30165456000003,0.1427204253433761,0.0236523319200484,-0.1666214333532359,Moderate
32.71660988000002,0.0053859964093357,-0.0623036338846404,0.028620988725065,Low
38.872463900000014,0.1738848893459795,-0.0032880815183774,-0.2061367461156119,Moderate
40.40715488000001,0.1789979719071584,-0.0142155595761178,-0.2136395267919276,High
30.447044600000027,-0.0400429270910188,0.0257317903335602,0.1235225672117092,Low
32.21074292000003,0.0040093934360501,-0.0454775892404497,0.0355167955101928,Low
32.14238252000001,0.0717837837837837,-0.1032717560649899,-0.0507684154742978,Low
35.74326659000002,0.3379382863773161,-0.1734456988392431,-0.3116846183925207,Moderate
36.24058850000006,0.2141737594984425,-0.0664087685364281,-0.2019404509388011,Moderate
35.71421342000002,0.33,-0.1344896218367927,-0.3020776677907103,Moderate
37.80945968000003,0.319123653917564,-0.1259231086177934,-0.2941819374111989,Moderate
31.932174290000034,0.2026177519234377,-0.1198969004608898,-0.165598144864275,Low
38.769923300000016,0.1358594506067148,0.0349451314000189,-0.1527651858567543,Moderate
37.01647904000004,0.2223382853605695,-0.0663899014445794,-0.2049272543523444,Moderate
37.720591160000026,0.1805855161787365,-0.0177326160589758,-0.1918799097767753,Moderate
38.04530306000004,0.2068953159158513,-0.0418587383596819,-0.2206314110696292,Moderate
39.63297335000004,0.1169855588366166,0.0053312200569143,-0.1190678824721377,Moderate
36.233752460000005,0.3120761848297328,-0.105736501889267,-0.288724705197263,Moderate
38.558006060000025,0.145679402584061,0.0003792188092529389,-0.1522352473673753,Moderate
34.329915320000055,0.1123726493993613,-0.0918951191601572,-0.0873507407223901,Low
30.42311846000001,-0.0214192587073943,-0.0117465819372231,0.0568453805648635,Low
39.785075240000026,0.1320724666533944,0.017655391631828,-0.1591650358773646,Moderate
41.76923585000003,0.1700195508779623,0.0482885721504689,-0.2079379751372356,Extreme
37.57874333000001,0.2682674632352941,-0.1014218009478673,-0.2549071618037135,Moderate
37.43005946000005,0.1592142773460381,-0.003278466894244,-0.1761862308073303,Moderate
33.70441765999999,0.0084488191171959,-0.0502991229598652,0.0208468702620749,Low
37.82996780000002,0.3063754204300669,-0.1316146984204926,-0.2963567156063078,Moderate
30.97000165999998,-0.0379468268601677,-0.0153479175167132,0.0958888795729577,Low
33.29425526,0.0233966418937517,-0.0490674642363364,0.0024951036943632,Low
41.61713396000005,0.1934310436164577,-0.0541552283503868,-0.1941479963248286,Extreme
37.64539472000001,0.2958088235294118,-0.1204323293332273,-0.2816261226864477,Moderate
30.99734582000002,-0.0225407467344815,-0.0420851562018608,0.0560392944853762,Low
34.45980008000004,0.3557470837357901,-0.1791657242560341,-0.3242615574424849,Low
36.09361364000006,0.2913941411979228,-0.1341340295909486,-0.2728764554192389,Moderate
38.886135980000006,0.2355985084848946,-0.0961317761425774,-0.225017918442793,Moderate
29.657481980000057,-0.0210064167510976,0.0208079989190649,0.0846280156624984,Low
35.594582720000005,0.244302157176614,-0.1050636339019767,-0.2217191183624593,Moderate
34.16585036000004,0.1832699619771863,-0.1442754056165831,-0.1624410515011439,Low
31.86894092,0.0056690615177368,-0.0457596451292826,0.0385812406095728,Low
31.817670620000055,-0.0536329150860811,-0.0343156014797805,0.0777979981801637,Low
39.08267212999999,0.1948324714180982,-0.0409459692732608,-0.1862066252262176,Moderate
35.77744679,0.2530105924523742,-0.1022693050364045,-0.2408663050414805,Moderate
33.24298496000006,-0.0356356713665298,-0.0350552327437583,0.0580510198152129,Low
38.66909171000003,0.110629479647902,0.0158858509795994,-0.131780843149411,Moderate
31.62455249000004,-0.0128309956601044,-0.0179330025618575,0.050858732462506,Low
35.70054134000003,0.1262463415844039,-0.0933256284310892,-0.0879815986198964,Moderate
39.47745343999998,0.2450532724505327,-0.0857938357938357,-0.2343761501656238,Moderate
39.5389778,0.1810118772173376,-0.0170358317005944,-0.1900524577423742,Moderate
30.52907707999998,-0.0218648417450812,0.0214630472734741,0.0977211034656903,Low
38.83486568000001,0.2703182212826998,-0.0662864385297845,-0.2616503580399655,Moderate
32.04155093000003,-0.0200451722190852,-0.0449783236994219,0.0589925717074228,Low
36.55504633999999,0.3336934295304603,-0.1685879449646732,-0.2961379827521559,Moderate
31.73051111000001,-0.0089652028567087,-0.0286092798788758,0.0425719318849089,Low
34.299153140000044,0.2392129789437349,-0.1675745995609399,-0.2189635414456092,Low
32.77129820000005,-0.0314263130638611,-0.0517032170232916,0.0615575567116486,Low
34.30598917999998,0.2729027110278154,-0.0692541501052139,-0.2707333790267306,Low
32.78838830000001,0.0808172896444468,-0.0833736494113852,-0.0565107989096246,Low
38.46059249000001,0.1547648716523206,0.0098137524041227,-0.1663697622182635,Moderate
32.35088173999998,-0.0254993380533011,-0.0428729826290501,0.0606447317316761,Low
34.26155491999998,0.3183090183202119,-0.1203703703703703,-0.289394934676301,Low
36.50035802000002,0.214080776870448,-0.03785925413496,-0.2314293176136999,Moderate
31.56302813000002,-0.0299010919901663,-0.0380521228435091,0.0625414364640884,Low
31.78349042000002,0.0142988808426596,-0.0622724765581908,0.0110149690605181,Low
33.87873668000003,0.1782319791403818,-0.0911781888997078,-0.1619110816191108,Low
30.705105109999977,0.0013647033134996,-0.0668527726889412,0.0351864513753747,Low
39.30313441999999,0.1698291845832182,0.0018512908546231,-0.1635407674801852,Moderate
31.528847929999984,-0.0352297343518413,-0.0354553519532564,0.0620185113340353,Low
35.01864635000004,0.3328733402953901,-0.1362574122060951,-0.3048415364393165,Low
32.70635582,0.0086001220662486,-0.0627301958491669,0.0287973500026713,Low
37.92738137000004,0.215127962085308,-0.0429391952358482,-0.2073915009041591,Moderate
39.72696890000003,0.2099678696854218,-0.0256199132279823,-0.2144142792860357,Moderate
34.049637680000046,0.3488233646168931,-0.135156641419351,-0.3240860104161295,Low
34.61361098000003,0.2700808393532852,-0.1680474542758279,-0.2387342993143072,Low
34.782802970000034,0.2672402178724715,-0.0441001569908501,-0.2551613702651695,Low
31.79203547000003,0.0008703693629984224,-0.049721865639709,0.0277168599889026,Low
36.77550862999999,0.2037287327079026,-0.0354956741784358,-0.1934339652386395,Moderate
35.47153400000002,0.2310251105431828,-0.0616057372747944,-0.210547311313228,Low
37.74793532000001,0.2862330037082818,-0.1064664052635076,-0.2717412061261123,Moderate
35.257907750000015,0.2216063807187964,-0.0912039193361969,-0.2005997684438286,Low
36.76696358000004,0.1975066007583427,-0.0685916740478299,-0.1967463545283206,Moderate
30.594019460000027,-0.0271914812702034,0.0099980648906663,0.0544020701127472,Low
38.70839894000005,0.2852549379880569,-0.1274302407575299,-0.2699421309429252,Moderate
30.462425690000032,-0.0132032342806454,0.0246830321014297,0.076500638569604,Low
41.03607055999999,0.1181373098628396,-0.0134823848238482,-0.1447046219773492,High
34.00178540000002,0.305050987890376,-0.1637539073600454,-0.2835762419683435,Low
41.097594920000006,0.1556115419438649,-0.0015010917030567,-0.1617396810320946,High
35.6595251,0.3283511355765375,-0.1275180245691122,-0.3151189230158444,Moderate
38.08290127999999,0.2724280437406283,-0.1059122695486331,-0.259986238365987,Moderate
31.55790109999998,-0.0531824425982861,0.0096476223058501,0.1086340682350043,Low
39.36636779000003,0.2439783649169228,-0.0946788111217641,-0.2296715131933225,Moderate
40.74895688000004,0.0585518720105558,0.0501350501350501,-0.0776593065233817,High
37.55652620000001,0.2579632465543645,-0.0796477623710324,-0.2404862579281184,Moderate
29.698498220000037,-0.006060606060606,0.0205632846963013,0.0611501431173562,Low
31.817670620000055,0.0386334610472541,-0.077271221989182,-0.0043223217042297,Low
29.777112680000016,-0.0184256875762091,0.020350212967345,0.0894809601608646,Low
36.18760918999999,0.2090809088495239,0.0042485395645246,-0.204898977489652,Moderate
38.012831870000014,0.3047907050771924,-0.1430209140201394,-0.2875316290027048,Moderate
37.08142142000003,0.2964494732735076,-0.1448456449834619,-0.2659250228588845,Moderate
29.83863703999998,-0.0106209150326797,0.016313544980708,0.0822860751499842,Low
35.58432865999998,0.2311816385230986,-0.0025173666432987,-0.2249737180235953,Moderate
29.83521902000001,0.0064435194160916,-0.0517220831843642,0.0368874822656335,Low
31.66727774000003,-0.0108268246700781,-0.0624855357556121,0.0387101839976967,Low
31.233189200000027,-0.0235267882031554,-0.044486850736478,0.0673092283934181,Low
40.622490140000025,0.1614691073728582,-0.0170545814962917,-0.1575835375578636,High
35.67490619,0.200660115520216,-0.0579681406570163,-0.1893739550436559,Moderate
34.56575870000006,0.2409678215784709,-0.1354241180678438,-0.2187020124464559,Low
35.89536848,0.1598315920785903,-0.0205467704867423,-0.1545207605743112,Moderate
35.73130351999998,0.2881217216621405,-0.1033010451185317,-0.2785141970978104,Moderate
36.319202959999984,0.3692413146217396,-0.1813003828317096,-0.3358440095734197,Moderate
38.325580700000046,0.115421198461602,0.011199706717991,-0.1220334047465524,Moderate
35.76377471000001,0.1800758387602011,-0.0622565206099506,-0.1722486079266295,Moderate
40.07902496000003,0.1110212335692618,0.0061864621395752,-0.1248055032347883,Moderate
34.70760653000002,0.2694005790911144,-0.1430050663806812,-0.2391949322428033,Low
42.54170837000004,0.1140821301331333,0.0660378841468207,-0.1436766121270452,Extreme
33.79670420000002,-0.0140895309434635,0.0049799004019919,0.0360381306672866,Low
35.08187972000002,0.3004541530608415,-0.0642585084162673,-0.2861172976985894,Low
39.74064098000002,0.2880045518441663,-0.0684528354272228,-0.277550004149722,Moderate
30.95803859,-0.0465116279069767,0.0161229846269216,0.1129141311697092,Low
35.064789620000056,0.3198006102992741,-0.1724079873387884,-0.2856615339167682,Low
32.52861877999999,0.0185516680227827,-0.0669053098099377,0.0204752340958293,Low
36.34996514,0.3723447486054158,-0.20686798460064,-0.3244202007237464,Moderate
42.056349530000034,0.0912715909744454,0.0041461835867112,-0.114910785984292,Extreme
40.15080338000001,0.1563819421890224,0.0172169892695718,-0.1591112557988117,Moderate
31.31522168000004,-0.0576773187840997,0.0236877523553162,0.1355538342370255,Low
30.523950050000053,-0.0076087708376564,0.0161157591551227,0.0716019024816384,Low
36.74303744000002,0.3347671832202797,-0.1435366007307547,-0.3064992082913488,Moderate
34.38289463000001,0.4399822194867586,-0.2833460307786073,-0.3877154249184433,Low
38.41444922000005,0.2747227577255635,-0.1206121216189006,-0.2496538303207215,Moderate
30.594019460000027,-0.0039367618571517,-0.0089246154819925,0.0530224268528145,Low
34.57259474,0.1104556228601527,-0.086701030927835,-0.0687959442332065,Low
42.61177778000001,0.0560676671662321,0.0675754060324826,-0.0811946949156104,Extreme
33.608713100000045,0.366911459055009,-0.1266238401142041,-0.3550824175824176,Low
38.43837536000001,0.1577474361793575,0.0182903056294814,-0.1783112919633774,Moderate
30.66067085000003,-0.0207939508506616,0.0208612571742791,0.0971606033717834,Low
30.658961840000018,-0.0288555208438308,0.0184361525141751,0.1040104134382941,Low
37.78895155999999,0.2317312038571644,-0.0849729586250373,-0.2308966347963562,Moderate
29.442146719999982,-0.0131965811965811,0.0282790196606517,0.0804714877349474,Low
36.13121186000001,0.1246698362387744,0.0192416725726435,-0.1390180665871023,Moderate
32.96954335999999,0.0514164680963727,-0.0831333187868208,-0.0207428351111682,Low
35.78428283000005,0.3087958652402759,-0.1409876256895323,-0.2748810779795287,Moderate
31.513466839999975,-0.0381727553788882,0.0033995815899581,0.1183852871436007,Low
40.803645200000005,0.1947824097028872,-0.0288698393930436,-0.1924174945757679,High
34.661463260000005,0.3529194655643315,-0.16601456882018,-0.3229869708016025,Low
34.576012760000026,0.3254202300206428,-0.1324724409448819,-0.2982380127094165,Low
36.15684700999998,0.2953326997902135,-0.0690165438456302,-0.2838913769815881,Moderate
29.749768520000032,-0.0064877415830089,0.0152304880525282,0.0704747300491981,Low
35.51938628000005,0.2863423741743791,-0.1256456203225466,-0.2734066021424171,Low
37.66590284000006,0.1229891838741396,-0.015037861281951,-0.1363980099502487,Moderate
36.18419117000002,0.2373046293170218,-0.1015594610841967,-0.2169785521740829,Moderate
34.112871050000024,0.0507124253102497,-0.0781041213613854,-0.0151227334402368,Low
31.95097340000001,-0.0317171835610013,-0.0328309674191732,0.0581660583941605,Low
35.63218094000001,0.4076418875909646,-0.1924623994403637,-0.3718395815170008,Moderate
33.23956694000003,0.0429852035857004,-0.0792958927074601,-0.0088273700705144,Low
37.33777292000002,0.3073306097278964,-0.1815521805768427,-0.2737992414285178,Moderate
32.15947262000003,-0.008361860934957,-0.0362420830401125,0.0277319247276328,Low
33.01397761999999,-0.0057096009135361,-0.0415605925835045,0.0403820612089185,Low
29.749768520000032,-0.0159700985389058,0.0286442610853961,0.0813348559827433,Low
39.43301918000003,0.1764099037138927,-0.0505546812022571,-0.1597101572100512,Moderate
40.38664676000002,0.1731672932330827,-0.0367524916943521,-0.1849537220156633,Moderate
36.53453822000006,0.2253846736905935,-0.0337793551068693,-0.2168758585649498,Moderate
34.86141743000002,0.1678500034466119,-0.0969719206612997,-0.1391622027478315,Low
37.91712731000001,0.2786763338910578,-0.1024025901171643,-0.2817980208352746,Moderate
35.92613066000001,0.2138844451058447,-0.0995113732097725,-0.2063222109252241,Moderate
30.778592539999977,-0.0344522065087749,0.0224598930481283,0.1099173813338359,Low
40.90960382000003,0.0983670127967598,0.0522010707911957,-0.1161609527562502,High
41.61713396000005,0.0725482771677395,0.0343628553896502,-0.0882477236928041,Extreme
30.809354719999988,-0.020501660749055,-0.0454128720738341,0.0542438484932264,Low
33.345525560000056,-0.0153846153846153,-0.0503920734301866,0.0515135713697615,Low
32.21928796999998,-0.0289802622421424,-0.0527268886004889,0.0606484972530432,Low
39.06045500000005,0.264487426007616,-0.1243797773903714,-0.2469975831939022,Moderate
30.300069740000023,-0.0224928124471503,0.0274599542334096,0.0994921010812326,Low
36.76354556000001,0.2966345758248992,-0.1312275664034458,-0.2619524305277488,Moderate
36.06285146000005,0.23831106870229,-0.1036071150166536,-0.2165931018319596,Moderate
35.20492844,0.3062452084684791,-0.1284515844173487,-0.2917711553041348,Low
39.17666768000004,0.2634666285141999,-0.0765573570644886,-0.2506727092479818,Moderate
31.14773869999999,-0.0557562224995074,0.0266061878004197,0.1288700393820054,Low
34.86483544999999,0.1538839241873711,-0.0617869648706653,-0.1228975535168195,Low
37.46423966000003,0.2224476546015257,-0.0675785818065842,-0.2201206917500303,Moderate
41.88715754000003,0.1470180048481708,-0.0288645077763208,-0.1554420564057636,Extreme
40.37468368999998,0.248179636334052,-0.0718365208278753,-0.2286131854491581,Moderate
32.61748729999999,0.0665370595382746,-0.1042117445780707,-0.0361206855847773,Low
33.83088440000006,0.1053259141494435,-0.1331941119543625,-0.0657214025675416,Low
31.345983860000047,-0.0216056960471397,-0.0224502886465683,0.0596702356723593,Low
37.96327058000003,0.2377087786674395,-0.0669290108997782,-0.2462425215234204,Moderate
40.33537646000002,0.1230679837303893,-0.0052704576976421,-0.1333854573885848,Moderate
39.47403542000001,0.204816504966062,-0.0152851833898852,-0.2069455649033844,Moderate
41.95209992000002,0.1652301627178912,0.0009609967856314412,-0.1652301627178912,Extreme
30.269307560000016,-0.0161793744824511,0.0089194045174537,0.065496899107548,Low
31.328893760000028,0.004338636110802,-0.0648109925104676,0.0329387820684483,Low
41.36761850000005,0.1579429269037082,-0.006366047745358,-0.1699946033459255,Extreme
35.17245724999998,0.2118887015177065,-0.1322672128564676,-0.1831577214356272,Low
43.19967722000001,0.1162028166788472,0.0512885083522202,-0.1163792251921215,Extreme
33.25494803000004,0.1243642870597099,-0.0967593762201143,-0.100728379125945,Low
35.82700808000004,0.3405024853490126,-0.1588997575453557,-0.311434464228273,Moderate
30.88113314000003,-0.0195671594478545,-0.0235566653629772,0.0574840014405629,Low
39.17666768000004,0.169640395446847,-0.0074295213217084,-0.1785062306532264,Moderate
43.654273880000005,0.193946231957359,0.0185807029326169,-0.1844989964489733,Extreme
35.67319717999999,0.331699289190798,-0.1609633993711652,-0.3069415807560137,Moderate
31.725384080000023,0.0102535764720329,-0.0303068252974326,0.0496707866466443,Low
29.67457208000002,-0.0215690276927264,0.0247541539504916,0.1041614752055818,Low
41.98628012000006,0.2461799021452766,-0.0898767301393986,-0.2293383827132991,Extreme
36.51061207999999,0.261098052705001,-0.0702041743022558,-0.2574215921649327,Moderate
30.51369599000003,-0.004349216501439,0.0043810559304147,0.0798285798729126,Low
38.56142408000005,0.2393367728722776,-0.0405052408821876,-0.2296510491969833,Moderate
42.24263162,0.1077279752704791,0.0128779009710075,-0.1382514095132216,Extreme
38.64345656,0.2415324597379213,-0.0829799486937856,-0.235058809481163,Moderate
31.357946930000026,-0.0184097859327217,-0.0219689251146204,0.0557745484497264,Low
31.142611670000008,-0.0341887533305286,-0.0529920802372871,0.0652551574375678,Low
32.50811066000006,-0.0510161261315268,-0.0299284320104098,0.0769679300291545,Low
45.02319089000002,0.0790762771168649,0.1019546463800822,-0.0823901026585943,Extreme
31.14432068000002,-0.0182066143879986,0.0263068911882058,0.0852604828462516,Low
31.31009465,-0.0236439499304589,-0.0432844138955972,0.0559493458101028,Low
39.09463520000003,0.207376740684983,-0.0545000328709486,-0.2066955049840135,Moderate
36.44225168000003,0.2308010079729004,-0.0554394417088809,-0.2089758156143483,Moderate
36.47301386000004,0.2426464999619974,-0.0717469682071452,-0.2412313999392651,Moderate
30.53249510000001,-0.0317598288312383,0.0285120085871461,0.1059179452350816,Low
37.13952776000002,0.2546630565583634,-0.028832218076413,-0.259589247961341,Moderate
34.76742188000003,0.3861429510111703,-0.1783397982932505,-0.3369951762261892,Low
33.615549139999985,0.1494875265906014,-0.147711913496814,-0.1224094792994382,Low
29.698498220000037,-0.0171304759970207,0.0173966019088878,0.093090091215794,Low
40.84807946000001,0.1599289921730008,0.0053279822861887,-0.1555001808608978,High
40.164475460000006,0.1571634121274409,0.0352013710368466,-0.1550266721378744,Moderate
38.45546546000003,0.1682840418977202,-0.0289997625750432,-0.1648077403006277,Moderate
38.233294160000014,0.2042366271193398,-0.0664970005453553,-0.1986270583908797,Moderate
39.88077980000003,0.2864967849487973,-0.1209406882241051,-0.2675791943684005,Moderate
34.64437315999999,0.2133670359081109,0.0209064459041962,-0.2153095796567258,Low
42.46822094000004,0.1013043393995774,0.0519220501868659,-0.1227376906662451,Extreme
39.36807680000004,0.1807800973159629,-0.0158671212990783,-0.1831478787402194,Moderate
42.87154730000003,0.1255400668460096,-0.0166408953685295,-0.1400379819998348,Extreme
34.30598917999998,0.323195788437139,-0.1606783940466105,-0.2997154070794814,Low
35.39804657000002,0.2750773012733104,-0.0743563603411168,-0.2499199879511267,Low
31.66044169999998,-0.0389376276889796,-0.0191805263493277,0.0676770620810259,Low
34.17097739000002,0.3319656079228603,-0.1659755102040816,-0.3025223877874847,Low
35.14340407999998,0.3345515513441214,-0.164704721820334,-0.3100451216805976,Low
31.29471355999999,-0.0477948447491594,0.0222703580856968,0.1176003421100861,Low
32.51665571000001,0.3527692394727413,-0.1891784364432066,-0.3136536771169059,Low
33.61896716000001,0.2902559788946453,-0.0972346409585277,-0.2777010014576983,Low
42.24604964000002,0.2219780219780219,-0.0125724874994009,-0.2171909206129738,Extreme
39.38516690000006,0.0947242756784058,0.0121400455769629,-0.0924169530355097,Moderate
42.164017160000014,0.1615870760255787,-0.0224489795918367,-0.1834946277528004,Extreme
31.585245260000026,-0.038456797732035,-0.0036667738822772,0.1129178985672049,Low
38.93057024000001,0.1773101555352241,-0.0091141975846505,-0.1742066308425428,Moderate
30.212910230000038,-0.0108725197064419,0.0185091534338019,0.0746344564526382,Low
40.74895688000004,0.1542835481425322,0.0237881508078994,-0.1492734478203434,High
37.82825879000001,0.1246714973643834,0.0607310049097344,-0.1988470755877971,Moderate
35.15707616000003,0.2833261558939827,-0.1271189354605783,-0.2623228589032655,Low
37.43005946000005,0.2492931028311679,-0.1058868259299157,-0.2405459198180267,Moderate
30.407737370000007,-0.0191421844610502,0.0212128434744117,0.0903164556962025,Low
37.706919080000034,0.2685366549396216,-0.0769975943297221,-0.2517780404961624,Moderate
38.15809772,0.1670748507576917,-0.0043138933710936,-0.1678792984605958,Moderate
38.43837536000001,0.2227278030568195,-0.059441973311767,-0.2148377125193199,Moderate
38.36659694000002,0.2427785172128493,-0.0707909744606992,-0.240190975338335,Moderate
36.97033577000002,0.2306673533956294,-0.0681056227848909,-0.2168567323257125,Moderate
39.97648436000003,0.209356374404918,-0.0495803240288893,-0.2205659806295399,Moderate
36.69860318000002,0.3461404607781722,-0.103251568739304,-0.3210833703336863,Moderate
32.69439275000002,0.0376038979650329,-0.0600257671585851,-0.0064498192938559,Low
30.34963103000001,-0.0183207669475623,0.0168113168864894,0.0896032398911599,Low
41.60517089000001,0.1007806128393335,0.0181685920640144,-0.1198293232191537,Extreme
39.61759226000004,0.1388274336283186,0.0242366799810439,-0.1677536965768685,Moderate
36.44566970000005,0.31630259492743,-0.1262190724074132,-0.2882097636213637,Moderate
31.40238119000003,-0.0257002443805892,-0.063305978898007,0.0519246348028327,Low
36.06626948000002,0.2955533024333719,-0.0961061241996262,-0.2853601580743668,Moderate
30.16334893999999,-0.0258462790855437,0.0261435692245091,0.1040119797841143,Low
36.55333732999998,0.2287381141796416,-0.0001850195812390145,-0.2354307914984383,Moderate
37.19421608000005,0.2582773878547452,-0.0443881589362038,-0.2558343168233906,Moderate
31.11184949000005,-0.0156618239312669,-0.0359486358356095,0.0575802581971895,Low
32.40557006000006,-0.0024084238826033,-0.0388754411035609,0.0309575625680087,Low
30.498314900000025,-0.0223939279975383,0.0223605032822757,0.0943814530943181,Low
31.082796320000057,-0.0013885674612358,-0.047838756677999,0.0508660984327742,Low
36.91052042000001,0.2402955985057658,-0.1002017000432214,-0.2258116296801637,Moderate
37.86072998000003,0.3434501227404597,-0.1808552373479796,-0.3040652754711531,Moderate
31.31009465,-0.033564668769716,0.0024096385542168,0.0929922728483879,Low
39.61417424000001,0.1469107185676604,0.0207131888756184,-0.1478281737461003,Moderate
34.98959318000004,0.3554024655547498,-0.1906991559165472,-0.3207787160371692,Low
35.26987082000005,0.209004455932563,-0.0873132904255503,-0.1982105987611837,Low
33.789868160000026,0.3111338548139484,-0.0931976106302572,-0.2882025498294128,Low
36.312366920000045,0.2000997334049368,-0.0761187355966016,-0.2044890180754201,Moderate
36.36192821000003,0.360284415774813,-0.2164336867635732,-0.332878434189262,Moderate
32.01933380000003,-0.0519581464872944,-0.0284083538720975,0.0714996779293787,Low
33.167788520000045,0.3297716320972135,-0.0966738660907127,-0.3129007791491415,Low
35.92954868000004,0.2833422195140528,-0.1528566541224769,-0.2649399399399399,Moderate
34.09407194000005,0.3219612194617366,-0.1344049578774087,-0.2983007018840044,Low
34.42220186000003,0.0528851417934961,-0.0514460663714395,-0.0291095890410958,Low
34.05989174000001,0.1866250632484398,-0.1096346824911775,-0.1570118817580068,Low
30.91873136000004,-0.02049666098118,-0.0433256351039261,0.0545525574127298,Low
31.680949820000023,-0.0378960565306587,-0.0371348711490616,0.0714953528020678,Low
34.673426329999984,-0.01492931695072,-0.040352737623486,0.0340467430170492,Low
33.326726450000024,0.014592975769126,-0.0496282109058134,0.0190834671369534,Low
32.24150510000004,-0.0149994718495827,-0.0620728929384965,0.0398970398970398,Low
40.889095699999984,0.0880251276010993,0.0059188578397962,-0.1098117741289547,High
38.31874465999999,0.2023833167825223,-0.0404564671914206,-0.1957809907561033,Moderate
38.25038426000003,0.1213151927437641,-0.0106569343065693,-0.1367349451992939,Moderate
38.36659694000002,0.256909900138385,-0.0684513400947445,-0.2556419070393065,Moderate
37.31726480000003,0.2234789993823348,-0.0719588709813803,-0.215618587346336,Moderate
34.49398028000002,0.240469318139221,-0.0653188681067507,-0.2271749610620781,Low
33.50959052000002,0.2257469926270857,-0.1490803264897801,-0.1742019422889271,Low
41.18304541999999,0.1265569737044441,0.0193427481426946,-0.1393911116295345,High
36.85241408000002,0.3160674981658107,-0.1337378333965364,-0.2884180283713413,Moderate
37.14636380000002,0.3122341330610856,-0.1517323775388291,-0.2842393516633978,Moderate
31.643351600000017,-0.020261066969353,-0.0445647898829153,0.0582876469465128,Low
37.63172264000002,0.2400912571052937,-0.1241193171860212,-0.2144967052942513,Moderate
34.709315540000034,0.2534724857685009,-0.1324681558690919,-0.2297181577869615,Low
36.45250573999999,0.0420924820398664,-0.0492588253272884,-0.0303121248499399,Moderate
31.72196606,-0.0139962398161687,0.0190509179078628,0.0779449111154522,Low
44.228501240000014,0.0519297775395336,0.1252820727120769,-0.114471302310723,Extreme
32.373098870000035,-0.0270559720421622,-0.0437490551776266,0.0572910977607864,Low
29.773694660000046,-0.0174277222372331,0.0164311312461965,0.1096284507559527,Low
28.351798340000016,-0.0177989130434782,0.0260693836308521,0.0950175262894341,Low
31.61258942000001,-0.0518032786885245,0.0129019045668646,0.1064697522091083,Low
38.53066190000004,0.179220573061354,0.0018810883439704,-0.1870405880472994,Moderate
35.396337560000006,0.2485742909987669,-0.0919108355377331,-0.2339064374250299,Low
38.69130884000003,0.2619029004768978,-0.0849269030415056,-0.2508524488530688,Moderate
35.09555180000001,0.3174585002862049,-0.1487896181682056,-0.288305097395328,Low
39.86710772000004,0.1597360748810802,-0.0268324162760682,-0.1661780589415213,Moderate
34.545250580000015,0.4019043558587366,-0.2167879610213395,-0.3520885447006819,Low
39.46719938000001,0.1442634209622648,0.0603164656117812,-0.1847199178320297,Moderate
30.515404999999987,-0.0144185756194994,-0.0044529262086513,0.060230924889894,Low
34.39143968000002,0.2904549201541322,-0.1419216936961389,-0.2725004253388532,Low
31.39041812000005,-0.0386486200697895,-0.0598006644518272,0.0767707539984767,Low
36.11412175999999,0.3005945303210464,-0.1227097767513471,-0.279722325136985,Moderate
34.242755810000006,0.3092791560851728,-0.1466944976731453,-0.2791190335324541,Low
39.88077980000003,0.1904382470119522,-0.036420395421436,-0.1837882809714353,Moderate
31.03836206000005,-0.0387588429706918,-0.0499119902145052,0.0756461441479302,Low
37.21472419999998,0.2062634189679425,-0.0493334192052553,-0.2068441909558905,Moderate
30.640162730000043,-0.0259922605390226,0.0217712811693895,0.1032286543069744,Low
30.19752914000003,-0.0247337801517368,0.0204346637506834,0.1049985950232601,Low
38.46059249000001,0.2358495695514272,-0.0782757202947594,-0.2371949560010886,Moderate
35.32455914000002,0.3501765824504211,-0.1612924761332532,-0.3133257833144582,Low
29.667736040000023,-0.0124777183600713,0.0219989136338946,0.0831317632081476,Low
34.43929195999999,0.2724057993791992,-0.0318633698699974,-0.2564599984480484,Low
40.74895688000004,0.173758291538586,-0.0215791882282536,-0.1775685765297841,High
39.76114910000001,0.2837700282752121,-0.1056562114423014,-0.2726865002242488,Moderate
30.494896880000056,-0.0040179351307284,-0.0429268292682926,0.0448427989054559,Low
32.42266016000002,0.3019566792817457,-0.1629864058116953,-0.2712977159256202,Low
36.26793266000004,0.2969853637224204,-0.0746327189357145,-0.2736601237083914,Moderate
45.27612437000005,0.0483156028368794,-0.0105158212073017,-0.0454322200392927,Extreme
39.85343564000004,0.1142476010155342,-0.0142180094786729,-0.1143435038946507,Moderate
38.49306367999998,0.2953027139874739,-0.0988871505741358,-0.2824514262091773,Moderate
41.230897700000014,0.1328054974604123,0.011665037471489,-0.1604560410130844,High
38.56655110999998,0.1516468032642517,0.0092595710293275,-0.1496893681866135,Moderate
30.84524393000004,-0.0339659761601666,-0.033842152521906,0.0811524808057459,Low
37.26257648000001,0.1458196859383481,0.0050867014447532,-0.1490671571755696,Moderate
42.66133907000005,0.0750814837808474,0.0468704312079671,-0.1334192387146918,Extreme
30.429954500000008,-0.0217075723304412,0.0320662702919366,0.0971460618145563,Low
37.66932086000003,0.1404399323181049,-0.0127361190612478,-0.1360918248585303,Moderate
30.735867289999987,-0.0321663167874314,0.0219667419421063,0.1068337343374058,Low
35.70054134000003,0.1995199301716613,-0.0381818754131386,-0.1965607313887679,Moderate
38.45204744,0.1871683550410033,-0.0399690108110011,-0.1785928083968551,Moderate
39.36124075999999,0.2056205341104147,-0.0481710279725133,-0.1970669837495045,Moderate
37.61805056000003,0.2666666666666666,-0.1270304800146012,-0.2414306105627148,Moderate
31.889449040000045,-0.0377303305059959,-0.0239651416122004,0.1028088355604036,Low
34.743495740000014,0.3275467237940459,-0.1433388471815752,-0.3024823337561152,Low
34.21370264000001,0.2902157164869029,-0.1272127616611698,-0.2583214366218348,Low
35.52793133,0.3295780829934709,-0.1227279044986332,-0.3027739946957207,Low
39.06387302000002,0.241722401122946,-0.0714998218738867,-0.2333463186599143,Moderate
38.04530306000004,0.331471635966561,-0.1307388263910003,-0.3015328620424162,Moderate
35.56211153000004,0.1685638121923219,-0.0581622764514139,-0.165321328779882,Moderate
31.680949820000023,-0.050545738045738,0.0126676350369894,0.1061500351692712,Low
30.392356280000055,-0.0323473797947055,0.0233445796271683,0.1115726818985026,Low
31.633097539999994,-0.001980435695853,-0.0392775677280255,0.0385060129509713,Low
31.339147819999997,-0.0336060415355569,0.0053759958546537,0.1024606932024081,Low
39.41592908000001,0.2103966114747786,-0.0738956646510197,-0.2003207575989002,Moderate
35.95689284000002,0.2400663499962301,-0.054497659806373,-0.2336483648364836,Moderate
40.67717846000005,0.1381030346875832,0.0020366598778004,-0.1460010735373054,High
29.589121579999983,-0.0288551872231915,0.0238111298482293,0.1138868479059515,Low
40.834407380000016,0.2257036643653744,-0.0593751024556571,-0.2141434637207379,High
38.74941518000003,0.1763683753258036,-0.0404597240319401,-0.1921295410174941,Moderate
30.428245489999995,-0.0241373506143746,0.0279659311917376,0.1010636648370391,Low
40.97967323,0.1770487547057841,-0.0531468299400998,-0.1812327849326286,High
40.35246656000004,0.2044136048231145,0.0813945081481267,-0.1974440653685936,Moderate
32.58843413,0.0276979134048791,-0.0470721308622639,-0.0053467000835421,Low
35.91929462000002,0.3504441557529581,-0.1189270960609763,-0.3235375086028905,Moderate
30.18385706000004,-0.0445096122515477,0.0168309528599208,0.1140785498489426,Low
38.68789082000001,0.0958725300445604,0.1924441938372748,-0.1021729289271163,Moderate
30.92727640999999,-0.0416889815937086,-0.0363348168018045,0.0912055600106923,Low
30.508568960000048,-0.0066480658606317,0.0151628987091045,0.0708209820853202,Low
38.998930640000026,0.2863770560944749,-0.1129540553989053,-0.2649875574994344,Moderate
38.29481852000004,0.1923153732475935,-0.0421183082857691,-0.1854970017076367,Moderate
35.425390730000004,0.2530246844214706,-0.0178919182083739,-0.2366499695014879,Low
35.153658140000005,0.2732002824543799,-0.0696599743966028,-0.2709801884692439,Low
38.98867658000006,0.2258757107073277,-0.0362652505629684,-0.2256807791691512,Moderate
32.54229085999998,-0.0219424875851714,-0.0347608283951371,0.0441848654139156,Low
31.670695760000054,-0.0357289047424127,-0.0248601615910503,0.1030243690165361,Low
32.89776494,-0.0281828073993471,-0.0520054184580952,0.0678426051560379,Low
33.92487994999999,0.2896873120865905,-0.0650031811057834,-0.2766131582373839,Low
33.06182990000002,0.3799045203640161,-0.1555014210312627,-0.3410903291286066,Low
31.298131580000017,-0.0339164182462455,-0.0405282607378687,0.059184400076685,Low
35.93125769000005,0.1625686428331278,-0.0812816610727761,-0.1384797734805417,Moderate
31.345983860000047,-0.0437248877333963,-0.0160723254645906,0.092469018112488,Low
41.05316066,0.0299417798724702,0.0017913121361397,-0.0598136173449981,High
36.9241925,0.2242274983645669,-0.067906414689,-0.2174345629879075,Moderate
39.88761584000002,0.1089293192499185,-0.0368952314653672,-0.100734377165027,Moderate
41.818797140000015,0.1164748071853149,0.0788954635108481,-0.1666609630060573,Extreme
34.64095514000002,0.2656895903795566,-0.1153548956838503,-0.2304944385808232,Low
29.85572714,-0.0217215326497571,0.0221832647832243,0.0843540851117565,Low
30.91531334000001,-0.0188520569065807,0.036940221503749,0.0794318779589689,Low
36.69860318000002,0.2403421523771633,-0.0952782462057335,-0.2223006351446718,Moderate
40.18840160000002,0.17865410388661,-0.0568057679702862,-0.1801878736122971,Moderate
30.42653647999998,-0.0231622036500085,0.0213929328138883,0.0994968553459119,Low
38.01454088000003,0.1695193810879063,-0.0245821042281219,-0.1688634269460358,Moderate
33.60016804999998,0.1937210823381216,-0.1258138950446642,-0.1578749500693155,Low
32.10307528999999,0.1073099487585711,-0.1083250743310208,-0.0773603082851637,Low
41.98115309000002,0.1040910345413243,0.0769421912994089,-0.1147168517168945,Extreme
42.117873890000055,0.173618737645015,-0.0130649108897238,-0.1687877823735284,Extreme
38.63320250000004,0.3130501339456563,-0.1509560550150956,-0.2900436155812904,Moderate
32.72002789999999,-0.0294639687610933,-0.0196419691695673,0.0453910614525139,Low
32.14921856000001,-0.0404450110093869,-0.0339014796778422,0.0647238224330735,Low
34.104326000000015,0.1622443726894099,-0.1165258047113828,-0.1270648030495552,Low
36.28502276000006,0.2230172704454351,-0.0800277897244185,-0.2223761560639532,Moderate
30.91873136000004,0.070675944333996,-0.0576913634801394,-0.037318823132855,Low
33.62751221000002,0.1496122924694353,-0.0692447236847927,-0.1284613588606117,Low
38.31019961000004,0.1552957969253322,0.0269365739537301,-0.1582224628712871,Moderate
33.61896716000001,0.1498885963135507,-0.0956286789539708,-0.1299761146496815,Low
36.025253239999984,0.3207015941863562,-0.1022481900165121,-0.2884929472902747,Moderate
30.94436651000001,-0.0144882955489249,-0.019474320626233,0.0557062013676019,Low
30.708523130000003,-0.0387152622309781,-0.0259971963807824,0.0714491667147223,Low
39.61417424000001,0.1281935252748081,0.0236595633586789,-0.1414509452318727,Moderate
30.76150244000001,0.0028816799338069,-0.051042071584487,0.0414769163644296,Low
35.56723856000002,0.3152980791306344,-0.112751286782558,-0.2928875014104637,Moderate
37.905164239999976,0.3330365093499555,-0.1694931805605286,-0.305096443750227,Moderate
30.628199660000007,-0.018438844499078,0.0404246086056681,0.0785061708607148,Low
34.039383620000024,0.2838471979833236,-0.1327675882836025,-0.2570343649136131,Low
31.906539140000007,-0.039567213939737,-0.0061285008237232,0.089510406106506,Low
39.83292752,0.2298191798514691,-0.0248906828119744,-0.2157848535631633,Moderate
30.429954500000008,-0.0352598091198303,0.0253113700281237,0.1098608775416603,Low
31.43485238000005,-0.0293482831114225,-0.0440812880660917,0.0557888422315536,Low
30.515404999999987,-0.0335901386748844,0.000318775900541919,0.081967213114754,Low
30.999054829999977,-0.0094600405430309,-0.0264816347316824,0.0632352514015162,Low
38.851955780000026,0.1732681205901218,0.0094767481215731,-0.1718587330824057,Moderate
31.38870911000004,-0.0400337837837837,-0.0399853600512398,0.0634990387256248,Low
34.00178540000002,0.3723618090452261,-0.164853913414374,-0.3484517175707131,Low
33.43439408000006,-0.0262419138288783,-0.0271000965561635,0.050633664544535,Low
36.62340674000001,0.3588272313330619,-0.1714431607838131,-0.3304577911486462,Moderate
30.300069740000023,0.0006574621959237344,-0.0311653116531165,0.024699988349062,Low
31.759564280000006,0.0074715337321827,-0.0742591721542803,0.0252347417840375,Low
31.42118030000006,-0.0233553500660501,-0.0678568333477771,0.0442875979213526,Low
32.990051480000034,0.1810358976763816,-0.1066438175586606,-0.1422804789550072,Low
40.01408258000004,0.2074488764481766,-0.0280701754385964,-0.2137720806628107,Moderate
39.36807680000004,0.3252240040840037,-0.1550393543734753,-0.3017360630792641,Moderate
38.20595000000003,0.2391288406541028,-0.1114545992699049,-0.2527244421380384,Moderate
35.66636114000005,0.3236909967485144,-0.0815316965921583,-0.3096435438544594,Moderate
36.39781742000002,0.2227930690941767,-0.0933990113364425,-0.2072284044666448,Moderate
39.10488926000005,0.1463740458015267,0.058611502899232,-0.1753464862220773,Moderate
40.42766300000005,0.2113686321391384,-0.0435880398671096,-0.2020051276164236,High
38.086319300000014,0.2396700208503308,-0.0332612999259516,-0.2516979405034324,Moderate
40.37468368999998,0.1826932779044659,-0.0323410251893605,-0.182239974178972,Moderate
29.746350500000005,-0.0128047949870589,0.0241702013061334,0.0910573184497679,Low
29.616465740000024,-0.0370320855614973,0.026424275190917,0.1054951878298665,Low
37.74793532000001,0.2520130332197296,-0.073297588852859,-0.2515443075886339,Moderate
40.66692440000003,0.0411728009981285,0.0239766081871345,-0.0419156336395255,High
31.072542259999977,-0.0372629624718207,0.0244557914539102,0.1210121678067679,Low
38.54433398000003,0.286155270875135,-0.1076698125747707,-0.2695970137883751,Moderate
34.34358740000005,0.346076146076146,-0.1914308311268525,-0.3070278018786073,Low
35.474952020000046,0.2867972742759795,-0.1808340172743971,-0.2545779180334676,Low
41.07366878000005,0.0881888520448444,0.0008336655913588749,-0.1042300913315173,High
30.903350270000036,-0.0373172724796465,-0.0202720041057223,0.0654875576578429,Low
38.89297202,0.2631494868005911,-0.1189414844689733,-0.2488351891336966,Moderate
42.087111710000045,0.115474794841735,0.0365532604293236,-0.1376589215256466,Extreme
33.56427884000004,0.0659782608695652,-0.0897877541949105,-0.0342209332981808,Low
30.558130249999977,-0.0306654195617316,0.023193186790992,0.1071109880304009,Low
31.80058052000004,-0.0352212937171154,0.0061850411273353,0.07170935080405,Low
36.48668594000003,0.2195763826987563,-0.1155242366004697,-0.1936354949939761,Moderate
35.32114111999999,0.2633541735219918,-0.0746073705489037,-0.255778456170955,Low
35.79624590000003,0.2066540642722117,-0.0262874415164718,-0.2031061519903498,Moderate
34.46663612000003,0.2938564026646928,-0.1013104838709677,-0.2836423719478612,Low
29.599375640000005,-0.0174891540130151,0.0206095006419352,0.0888860950465174,Low
41.35052840000003,0.1783633048514533,-0.0371955440871042,-0.1748770228844371,High
37.050659240000016,0.2304705250547362,-0.0774461928015916,-0.215655864827361,Moderate
31.482704660000024,-0.0683023448980895,0.0025991792065663,0.1026461538461538,Low
30.617945599999985,-0.0268207068125276,0.0246268401817126,0.1021255188026663,Low
36.32091197,0.3299346455334726,-0.1829526082509376,-0.2929624177830777,Moderate
32.921691080000016,0.2175297395303586,-0.0822752466685011,-0.1894927849304415,Low
29.91725150000002,-0.0149172399700292,0.0181941615750169,0.0953900043785575,Low
35.28012488000002,0.1163229813664596,-0.0621217851739788,-0.0978303362001563,Low
31.188754940000024,-0.0162313586553514,-0.0484720758693361,0.0481505102040816,Low
29.66431802,-0.0133077239676224,0.0208304969366916,0.0864401397268974,Low
38.851955780000026,0.1226299694189602,0.0029875067897881,-0.1323693850009639,Moderate
32.72344592000002,0.2601350033165555,-0.0735631419738722,-0.261611781710223,Low
38.97500450000001,0.1361924079976818,-0.0048371079860332,-0.1577898350127339,Moderate
32.52178274000005,0.2799210331496257,-0.1285175514940528,-0.2437552455937013,Low
34.21370264000001,0.2903091235242584,-0.1684043517679057,-0.2488896067188888,Low
32.624323340000046,0.0110994533105085,-0.0588711542910016,0.015697236856252,Low
31.21780811000002,-0.0348497088893222,-0.0448760480125459,0.0564814814814814,Low
39.99357445999999,0.2596801183017473,-0.0918474044591358,-0.2486980673533156,Moderate
35.87827837999998,0.2566439752317218,-0.0596743854186936,-0.2427827013046289,Moderate
36.72936536000003,0.2264006139677667,-0.0579978813559322,-0.2140089645217655,Moderate
30.45558964999998,-0.0074691679694285,0.0193588247408526,0.0720711942576894,Low
38.52040784000002,0.188464238780176,0.0164623154507396,-0.2242332084708674,Moderate
42.38277044000006,0.0582674530472246,0.0537811354626374,-0.0799043879119002,Extreme
33.54377072,0.3154983039896624,-0.1549056102100505,-0.2857734888402107,Low
37.46765768,0.3298347910592809,-0.1513672696676483,-0.3023202695243352,Moderate
30.489769850000016,-0.006492609476447,0.0175534458028823,0.0557962452409084,Low
38.93057024000001,0.2164369850036641,-0.0666583076030907,-0.2135087906993331,Moderate
35.41684568000005,0.3441108545034642,-0.1373338945343034,-0.3182103282458708,Low
32.02787884999998,0.0623309225418207,-0.0800101029944152,-0.0173685462764691,Low
38.69130884000003,0.1907830201381008,0.0007263336292470342,-0.1871524448705656,Moderate
40.17985655000001,0.3200152275982089,-0.1383547509614482,-0.2925534747492678,Moderate
30.74953936999998,-0.0386733256498911,0.0118467816243253,0.1121492563791727,Low
31.376746040000057,-0.0277753387771826,-0.0377057886351566,0.0634902734705384,Low
31.38870911000004,-0.0391017543859649,-0.0424825653987879,0.0628045775611892,Low
43.20993127999998,0.0901945675207089,-0.0025865428905502,-0.1009259979768111,Extreme
30.55642124000002,-0.0085036965048071,0.0192268076632562,0.0718996718541862,Low
31.024689980000005,0.0169529709940861,-0.0625864351919964,0.0189622385221407,Low
34.54012355000003,0.1656149089297397,-0.0499020968385833,-0.1608373970068942,Low
37.06774933999998,0.2604485492849344,-0.0994192218822207,-0.2549900199600798,Moderate
35.300633000000005,0.334053460270963,-0.1525053777046691,-0.3069196828927072,Low
36.25596959000001,0.3973105134474328,-0.1924171746225726,-0.3699638717189185,Moderate
29.66431802,-0.0179187233754817,0.0265415549597855,0.09225,Low
37.38049817000001,0.2898322201158691,-0.1105653354486377,-0.2859817706493323,Moderate
33.003723560000026,0.3544973544973545,-0.199584965023262,-0.3126281863463229,Low
38.03846701999999,0.2429464116644575,-0.0542207375048181,-0.2415828100174018,Moderate
38.57680517000006,0.2639764755898817,-0.0889916517863956,-0.2615183338637247,Moderate
39.95939426000001,0.1345574954846478,-0.0051001700056668,-0.171907186443313,Moderate
38.19911395999998,0.2888784165881244,-0.1340313050689333,-0.2760001555149489,Moderate
30.36330311000006,-0.0316349195665342,0.0187559678079388,0.1058421379738968,Low
31.082796320000057,-0.0191492271919026,0.0289776574136763,0.0869039281848857,Low
32.19365282000001,-0.0351235829771418,-0.0078943962728096,0.068643865104042,Low
38.35292486000003,0.3562612675079739,-0.13982692811981,-0.33228893505432,Moderate
30.84695294000005,-0.0212945393211047,-0.0299207606973058,0.058636073932441,Low
32.39531599999998,-0.0402076869499145,-0.0096582961433424,0.0680602520750076,Low
30.67263392000001,-0.014934397484733,-0.0179955011247188,0.0500291545189504,Low
39.19033976000003,0.2464305435039835,-0.0638971182332345,-0.2355632013136802,Moderate
32.50469264000003,0.0813897332462146,-0.0787847871677152,-0.0465455145300085,Low
31.793744479999987,0.0055282215711205,-0.0512353706111833,0.0207278992139549,Low
31.487831690000007,-0.0214574780912452,-0.0398168486835999,0.0481989125509741,Low
31.706584969999994,-0.0291526554206152,-0.0504254743362299,0.0576207175613703,Low
33.789868160000026,-0.0315628312330703,-0.0257593712967005,0.0574277854195323,Low
37.460821640000006,0.2095746785361028,-0.082731265051707,-0.1922626940176273,Moderate
35.266452800000025,0.2907235132386727,-0.1336795792120149,-0.2614104829210836,Low
44.43700046000004,0.1485504587155963,0.0137236674177131,-0.1498163115356355,Extreme
39.585121070000014,0.1615369910151022,-0.0065435268781578,-0.1651453555265782,Moderate
31.210972070000025,-0.0178191728310023,-0.0198712566470752,0.0619529775184486,Low
36.46105079000006,0.3642660258675524,-0.1479801959589051,-0.3408585718255071,Moderate
28.751706679999984,-0.0138048282896973,0.0253377243094293,0.0906126544177588,Low
40.57463786000005,0.1316774538548062,-0.0018936920464934,-0.1410192053842006,High
39.96281227999998,0.1777035944414253,-0.0227885652642934,-0.1825232879915812,Moderate
36.954954680000014,0.2516799499921863,-0.071182587181116,-0.242264443582784,Moderate
30.503441930000008,-0.0099350269861459,0.0157211209842788,0.0768047185536607,Low
38.57509616000005,0.3255476570433773,-0.1329551443008153,-0.3026339237979826,Moderate
40.017500600000005,0.1511371973587674,0.005948400267502,-0.1473491773308958,Moderate
36.17564612000001,0.4084451718494272,-0.1960860621560015,-0.3702748320117193,Moderate
29.842055060000007,-0.0144416570614956,0.026520225020091,0.0777820073594721,Low
42.09565676,0.2860845070422535,-0.1001092334382831,-0.2661120354963949,Extreme
30.35817608000002,-0.0169735238035697,-0.0054672762732998,0.0615898782525662,Low
40.43449903999999,0.2227773007571618,-0.0568392646314724,-0.213823563596916,High
31.219517119999978,-0.0307966403665054,0.0099447513812154,0.0588816805684275,Low
30.674342930000023,-0.024981126895889,0.0269511318105544,0.0999113025848961,Low
31.43314337000004,-0.0189589409916984,-0.0504189063391489,0.0539042003624266,Low
38.81777557999999,0.1022165089010946,0.0167324031762028,-0.1098907564673348,Moderate
33.40704992000002,0.0636864338805411,-0.1004647045806594,-0.038042060220216,Low
38.69985388999999,0.0795300381396063,-0.0583452533313257,-0.050437121721587,Moderate
32.039841920000015,-0.031837033422786,-0.0163913433218081,0.0620420704325218,Low
35.775737779999986,0.1521210278242359,0.0248688993983849,-0.1619259372843671,Moderate
35.84751620000003,0.3854044450403942,-0.185236169663598,-0.362431594910002,Moderate
36.61657070000001,0.3805193910587587,-0.177877692556349,-0.3429605307243852,Moderate
31.513466839999975,-0.0532947605271616,0.0186592029854724,0.1295146893657267,Low
40.41740894000003,0.172482332155477,-0.0018871485185884,-0.1850446428571428,High
37.050659240000016,0.2374600418327479,-0.0763052208835341,-0.2309987437185929,Moderate
30.887969180000027,-0.0165222345497616,-0.0271522971407096,0.0517246364240899,Low
40.85149748000004,0.2120127287191726,-0.040002730561813,-0.2033014769765421,High
30.542749160000028,-0.0272106532595033,0.02276217452138,0.1066604273904227,Low
40.65325231999998,0.2091897468454884,-0.0496693303940479,-0.2042203430016597,High
34.79134801999999,0.1864257769572289,-0.0978238763473662,-0.157574197975639,Low
31.486122679999998,-0.0733286775442829,0.0018464063461669,0.1066772752310423,Low
32.98663346000001,0.096206420704559,-0.0830375057879302,-0.0629670773581094,Low
40.297778240000014,0.1942321557317952,0.0483877917414721,-0.2109514932192857,Moderate
37.63514066000005,0.174664566677964,-0.0456820359919071,-0.1666402661175352,Moderate
41.26507790000005,0.2454297356910538,-0.0567318519928312,-0.230820386825042,High
35.65610708000003,0.3383958920951761,-0.1263542300669507,-0.3079369566753834,Moderate
36.41490752000004,0.2420127795527156,-0.040342543654245,-0.2335395843249246,Moderate
31.711712000000038,0.0014363053806209,-0.0649121776420137,0.0348205728889362,Low
41.097594920000006,0.1511034350412588,0.0010990840965861,-0.1606811145510835,High
38.886135980000006,0.2231065667421909,-0.0295028524857375,-0.2266697741265124,Moderate
31.11697651999998,-0.0148730350665054,-0.03067872730723,0.0588303249097472,Low
31.561319120000007,-0.0471224920802534,0.0086514693765449,0.1023935343487721,Low
39.96964832000003,0.1428453472050202,-0.0147732688148392,-0.1284497166850108,Moderate
40.05509882000001,0.1678203353330256,0.0522439298420822,-0.1764158983497327,Moderate
37.50525590000001,0.2748475200429629,-0.0814135103475204,-0.2722122267733415,Moderate
32.93194514000004,-0.0292453392101971,-0.0348593561495968,0.0575922285185613,Low
41.244569780000006,0.1285084856396866,-0.0367677373411791,-0.1188771589208429,High
36.683222090000015,0.2540360419020625,-0.0754323441015618,-0.2580353883690995,Moderate
35.61509083999999,0.2189340400471142,-0.0437139525355353,-0.2163820018365473,Moderate
37.22839628000003,0.2387757441442818,-0.0254301619433198,-0.2324653107774187,Moderate
30.720486199999986,-0.0122798313073678,-0.009380149575358,0.058663593108136,Low
36.76696358000004,0.3134991442409235,-0.1552751265133559,-0.2894576913452257,Moderate
42.75533461999999,0.0614812938096444,0.0635174905934508,-0.0651694915254237,Extreme
36.36705524000001,0.2470450290296348,-0.0939677483575552,-0.2224240851284713,Moderate
29.585703560000013,-0.037550857066631,0.0260529157667386,0.108984254399506,Low
31.846723790000052,0.1320467864937103,-0.127099609375,-0.1042648360322434,Low
41.36761850000005,0.2291886991992748,-0.0675414138100705,-0.2124734547893148,Extreme
33.25836605000001,0.0921879830980109,-0.0766261143423158,-0.0605719432560234,Low
33.20880476000002,0.3702466874932673,-0.1631486702735655,-0.3435437021388962,Low
41.10784898000003,0.1378642312102162,-0.0007302061963211517,-0.1535994869328202,High
30.286397660000038,0.0155070999940585,-0.0439137604592927,0.0360385765044272,Low
30.843534920000025,-0.0427613016490062,0.0057634072482172,0.1081057397400321,Low
31.894576070000028,0.1010166671000286,-0.0951506530453898,-0.0559337672377247,Low
35.905622540000024,0.263847619047619,-0.1256786102062975,-0.246468289750526,Moderate
38.20082296999999,0.2180242502565662,-0.0484385479886796,-0.2093821942106653,Moderate
33.66681944000004,0.3269371078359842,-0.1090310384779559,-0.2989786443825441,Low
35.254489730000046,0.2610940309762747,-0.0814664964266171,-0.2564295208923308,Low
34.998138229999995,0.3049282499134382,-0.1070892355897904,-0.2849322852542854,Low
37.11560162000001,0.1933025573386092,-0.0367493753083668,-0.1997863444642955,Moderate
39.09805322,0.2033481419337617,-0.0675778540859651,-0.1940818102697998,Moderate
36.16197404000002,0.2910617652547117,-0.1581519919651824,-0.2694114193453691,Moderate
38.600731310000015,0.1963578629225089,-0.0148967934570946,-0.2033555884786331,Moderate
33.62409419000005,0.3583594148045709,-0.1886753395646566,-0.3222920910459658,Low
37.891492159999984,0.1180805764821487,0.03655094552639,-0.1170743679947639,Moderate
30.459007670000005,-0.0275117179539433,0.0247292049867157,0.1060880424601935,Low
32.183398760000046,-0.0166581963973121,-0.0440673901313028,0.0364632324461904,Low
31.13064860000003,-0.0276370025001689,0.0263211313350023,0.1108502224419179,Low
40.10295110000004,0.236180531039224,-0.0690469686500731,-0.2326990420781531,Moderate
40.80022717999998,0.1863364092601586,-0.0126442340910661,-0.1900933820544052,High
39.55948592000004,0.3561327561327561,-0.1439004351398229,-0.3031962837135131,Moderate
31.098177410000005,-0.0229678560570465,-0.0595887536718422,0.0446978705004864,Low
37.06433132000001,0.2167932368534174,-0.0606855450279249,-0.2075977653631285,Moderate
30.99734582000002,-0.0508343034536282,0.0215347689845989,0.1190347559877543,Low
43.56198734000003,0.1586996647455456,0.0114092881246986,-0.1709619703833415,Extreme
35.11605992,0.298403937947494,-0.1019400576004051,-0.2722157263957907,Low
33.01226860999998,0.068487236224297,-0.0699597373469884,-0.0368702210118361,Low
29.84889110000006,-0.0141592920353982,0.0175700427379417,0.0993220971453448,Low
41.77778090000004,0.1652556139512661,0.0989004492787893,-0.1707598072159603,Extreme
35.84068016000003,0.2921369240511044,-0.1047067065791987,-0.2727939827554577,Moderate
39.18008570000001,0.18225374429396,-0.0361039476294386,-0.182476794204211,Moderate
30.18043904000001,-0.0125384269973403,0.0247995906532491,0.0807717041800643,Low
35.53305836000004,0.2620881942915841,-0.0983685067526579,-0.243970348942325,Low
36.53453822000006,0.2701124567474048,-0.0793971696379342,-0.2670981661272923,Moderate
37.24548637999999,0.3567727873655625,-0.1528325945716194,-0.3332865168539325,Moderate
40.834407380000016,0.1812590118454434,-0.0283462565145544,-0.1954413638966364,High
32.251759160000006,-0.04662248575747,-0.0316411901616657,0.0723457209118162,Low
30.49147886000003,-0.0180862381876212,-0.0109536082474226,0.0659602333611144,Low
37.55652620000001,0.2367076370667035,0.037898525422363,-0.2492153170119271,Moderate
43.10739067999998,0.0881323838142674,0.0108146540433334,-0.0948929296276353,Extreme
31.175082860000032,-0.0458974057988026,-0.0161905357254485,0.0957334371697168,Low
33.99153134000005,0.3236155874597128,-0.114194105315082,-0.2908986998142592,Low
35.01351932,0.3111128356355735,-0.1593755361125407,-0.2783263345061098,Low
31.267369400000007,-0.0456543397995663,-0.0192151217374976,0.0918520997155763,Low
42.6835562,0.1147970148087367,0.036033448771011,-0.1374636207790136,Extreme
34.80502009999998,0.2482713269433872,-0.0471923636302846,-0.2342764817150063,Low
48.029339479999976,0.2151413512218495,-0.0960561858454889,-0.2018008056235684,Extreme
32.32353757999999,0.1720479512133996,-0.1052465731841815,-0.1506602148773886,Low
37.732554230000005,0.1577547008716716,-0.0108876560332871,-0.1806823934393034,Moderate
38.99038559000002,0.1721667433808961,-0.0653716031867292,-0.1668426399984063,Moderate
35.01351932,0.3444886924116765,-0.1451866374146166,-0.3199899565981563,Low
34.96908506,0.1676477000218007,-0.1091093578513594,-0.1482966361511909,Low
41.03948858000001,0.2568603568102027,-0.0323681732580037,-0.2569954498226505,High
36.82336091000002,0.32749835780354,-0.1314308195133761,-0.301957097088731,Moderate
41.702584460000026,0.1441502955578532,-0.0016737830913748,-0.158868163136263,Extreme
36.36534623,0.2678067147787888,-0.0986523460734496,-0.2538158685828436,Moderate
29.67115406000005,-0.0093023255813953,0.0224741850577039,0.0825943754750443,Low
32.484184519999985,-0.0248144994526213,-0.0269647088964324,0.059037558685446,Low
34.29231709999999,-0.0226718547341115,-0.0586119696543973,0.0583824852544236,Low
37.81971374,0.1627201767029182,0.0361991652314232,-0.1934597575268507,Moderate
34.48201720999998,0.2650709219858156,-0.1086724288627755,-0.2569457187947297,Low
40.58489192000002,0.1399507913774742,0.0605858854860186,-0.1888020833333333,High
31.25711534000004,-0.0484108732826227,-0.0128663779576978,0.1013976279302856,Low
31.95097340000001,-0.0455142754748536,-0.020434227330779,0.0749102697695959,Low
35.43735379999998,0.4019010643282683,-0.2031366691560866,-0.3594054264572244,Low
40.22258180000006,0.1576839038601602,-0.000976101262634214,-0.1856189161973669,Moderate
38.84170172000006,0.1573995899167772,-0.0564015999412865,-0.1598243422908021,Moderate
37.00964299999998,0.253880266075388,-0.1178256265442993,-0.2445667125171939,Moderate
42.29048390000003,0.103416598947108,0.0704803857372462,-0.1094335600987584,Extreme
31.76127329000002,-0.0046813107670147,-0.0506432748538011,0.0328901329601119,Low
35.12118695000004,0.2693471337579617,-0.0697307724565965,-0.2469350644271943,Low
39.17324966000001,0.2639507272187593,-0.106685725423949,-0.2450113295811709,Moderate
31.24686128000002,-0.0398984914704638,-0.0386163982430453,0.0640719056650449,Low
38.68789082000001,0.1318885448916408,-0.0330702523628568,-0.1284671222087404,Moderate
28.676510240000027,-0.0167423574866128,0.024150689539186,0.0949588220613925,Low
39.45352730000002,0.1112821894607182,0.0193281021773837,-0.148506186100171,Moderate
40.99847234000004,0.1886323552990219,-0.0414413148837536,-0.197367358475329,High
30.573511339999985,-0.0323363792696496,0.0214478125959013,0.1107461576598909,Low
40.742120839999984,0.1284841316775083,0.0062836313140079,-0.1368655175152911,High
33.348943580000025,0.0477232468479733,-0.0691121743753322,-0.015246365105008,Low
32.73369997999998,0.0637780927313221,-0.0712064835108823,-0.0206896551724137,Low
33.639475280000056,0.0853112404836542,-0.0771111111111111,-0.0644559130339299,Low
37.486456790000034,0.169574489692292,-0.0117010436065919,-0.1796374065348766,Moderate
37.737681260000045,0.2512536745633754,-0.0560591564369922,-0.2499328240758512,Moderate
36.20640830000002,0.2956221198156682,-0.1185226933660444,-0.2846209496249476,Moderate
35.54160340999999,0.1072297574020092,-0.0495067592254293,-0.1008910606496119,Low
30.715359170000056,-0.0337030057767755,-0.0121339589063258,0.089718592672351,Low
35.04428150000001,0.2848917717367539,-0.1038757748419009,-0.2970388081662681,Low
33.63776627000004,0.3084305452138661,-0.1883829275623685,-0.2732469205377988,Low
31.513466839999975,-0.0005354911643957875,-0.0341685649202733,0.0570337936454474,Low
35.28183389000003,0.3285994752389864,-0.1162496724167167,-0.2986943109261784,Low
36.16197404000002,0.2056383407168747,-0.0392640166637736,-0.2005614597954682,Moderate
35.86802432000002,0.2206348569364741,-0.0950032399740802,-0.2097361147016127,Moderate
31.308385639999983,-0.0415191503057611,0.0172914466737064,0.1095562731730654,Low
36.81823387999998,0.2018802171975038,-0.0508042230567561,-0.190686471296668,Moderate
32.10820232000003,0.301940990602815,-0.1498414424209477,-0.2657636991083361,Low
39.51505166000004,0.209924934363791,0.0370239566778503,-0.2214424369120501,Moderate
34.76400386,-0.0162663691350049,-0.0351603534573317,0.0510394833739307,Low
38.46230150000002,0.1982265779955664,-0.0462865487146398,-0.1887720652069065,Moderate
33.03106772000001,-0.0412884333821376,-0.035944817111758,0.0708366443410148,Low
38.445211400000005,0.196505162827641,-0.0410864231659698,-0.1932826362484157,Moderate
38.28798247999998,0.2249545346722543,-0.0659877520126608,-0.2151064747637162,Moderate
29.24731958000001,0.3316249623153452,-0.1329272202629047,-0.3138990109318063,Low
42.06831260000001,0.0741298595562792,0.0146020838779549,-0.0852630280097067,Extreme
34.57259474,0.0372230593225068,-0.0780742459396751,-0.001616727743048,Low
42.29048390000003,0.17747237514357,-0.0774081322026527,-0.1597425394967817,Extreme
30.655543820000048,-0.0320178209262891,0.0263527523242592,0.1018909831261375,Low
34.54354157,0.3234111170833874,-0.1155690961643621,-0.2985251059341299,Low
40.13884030999998,0.1430123536276206,0.017042996799031,-0.1340000399225502,Moderate
36.92077447999998,0.3040888787080518,-0.1147080899389746,-0.2977963525835866,Moderate
30.438499550000017,-0.0113284572206157,0.0151145452080791,0.0852376455775889,Low
36.69176714000002,0.2558854400959664,-0.0707277317907251,-0.2475608847843896,Moderate
40.475515280000025,0.1550881005976868,-0.000571524625987561,-0.1582798209768437,High
33.96076916000004,0.361551634278907,-0.1680878924339689,-0.3250009056986559,Low
35.58774668000001,0.2153047989623865,-0.1008635375668213,-0.1924659568150002,Moderate
36.21324434000002,0.1264898750360869,-0.0224601332634573,-0.1236167674523839,Moderate
42.656212040000014,0.114658523042754,-0.0093011563599798,-0.1066195048004042,Extreme
34.972503080000024,0.1488723985400401,-0.0880662958130165,-0.1144196951934349,Low
39.42618314000004,0.1712013394725826,0.0020103761348897,-0.2021717053355206,Moderate
39.03823786999999,0.2357574311050728,-0.0128205128205128,-0.2458215336776056,Moderate
30.122332700000012,-0.0580049421251138,0.0246431457042822,0.1252943662822293,Low
35.351903300000004,0.2109540003579738,-0.0387201768661528,-0.2192027679665537,Low
32.51665571000001,0.3181492178565198,-0.2035539193996566,-0.2877947164094309,Low
33.54377072,0.2942742011058007,-0.125955878756257,-0.2704393259253808,Low
38.380269020000014,0.2752096323371318,-0.0660555405769749,-0.2689797810505295,Moderate
31.827924680000024,-0.030580855298872,-0.0213523131672597,0.0614342443354356,Low
39.03652886000003,0.1570182961692395,-0.0086290146724401,-0.2064237275504881,Moderate
37.365117080000005,0.1016582770244735,0.079602429875854,-0.1725391768832255,Moderate
31.43656139000001,-0.0242979775934817,-0.0398511397115831,0.0536535801981315,Low
29.698498220000037,-0.0097444633730834,0.0164467005076142,0.0822281167108753,Low
38.58535022000001,0.2028918627903399,-0.0563285154667026,-0.2075821333436281,Moderate
38.91518915000006,0.1486389969050075,0.0033911142478439,-0.1540194143793976,Moderate
36.32091197,0.3054098360655737,-0.1299042213550904,-0.2700412687653262,Moderate
35.99790908,-0.0134322373696872,-0.0122910773977886,0.0066612838110617,Moderate
38.099991380000006,0.2319631194775259,-0.0361060402901407,-0.2382662419152428,Moderate
31.058870179999985,-0.0156811795631023,-0.0144169391250194,0.0643345396059509,Low
31.352819899999982,-0.0396126526377397,-0.0556481562710179,0.0763247447739426,Low
32.37822590000002,0.0122360040227958,-0.0550928891736066,0.0269094424750241,Low
41.13177512000004,0.1286140821648588,-0.0105925750448407,-0.1375133323175377,High
31.99540766000001,-0.0137471237241135,-0.0291202364095302,0.0482263850139497,Low
32.28593936000004,-0.0169414697716584,-0.0460629446521162,0.0727379616268505,Low
38.27601941,0.1576679134818669,0.0309692349578001,-0.1715766951942067,Moderate
36.42857960000004,0.3048393341076268,-0.1231110148452989,-0.2830820770519263,Moderate
33.37457873000005,0.2352882165285608,-0.098937974118697,-0.2110625909752547,Low
37.534309070000006,0.2320042012078472,-0.0918157037431021,-0.2328597436234304,Moderate
30.34450400000003,-0.0229281584368977,0.0219206333366596,0.1009875561806341,Low
38.75966924,0.204619803718184,-0.006785255822483,-0.2110456022139333,Moderate
38.05213909999998,0.1566885448018276,-0.0467970595956944,-0.1824146495162545,Moderate
31.25369732000001,-0.0304629106211921,-0.0027283357152137,0.0608420540277439,Low
35.685160250000024,0.3141459408309379,-0.0965377510279482,-0.3132315158435627,Moderate
32.217578960000026,0.0620428212931817,-0.0891121636050045,-0.0256000412488076,Low
37.624886600000025,0.1610981059799957,-0.0027568461679838,-0.1596846498686041,Moderate
34.46834512999999,0.3207731743990145,-0.0977310026047548,-0.3066183981791788,Low
31.80058052000004,-0.0015266296050926,-0.0528489855424614,0.0347516150590331,Low
37.94788949000002,0.2767966496780056,-0.110607075966115,-0.2579847797738375,Moderate
37.68641095999999,0.2721774985273905,-0.1007441133498691,-0.2591239457421586,Moderate
31.25369732000001,-0.0060688947773313,-0.0519903498190591,0.0474318014254116,Low
32.251759160000006,-0.0371474569196827,-0.0320189173643509,0.0655633354551241,Low
30.46071668000002,-0.0118472709585519,0.0335711858647638,0.079070068643958,Low
34.73665970000002,0.3587220829748232,-0.1848372153715665,-0.3212077118952346,Low
39.47061740000004,0.2838662790697674,-0.1237198651485274,-0.2708895363476133,Moderate
35.46811597999999,0.2582169787495039,-0.0553807045151918,-0.2654764496697873,Low
39.932050100000026,0.1579008162636685,-0.011469124175972,-0.1635906364867479,Moderate
39.16128659000003,0.2772091468058625,-0.120973001173862,-0.2712111967755652,Moderate
37.98206969,0.2962955692102318,-0.1195279915906547,-0.2694555521378037,Moderate
39.69620672000002,0.2098585889511854,-0.0643211850854305,-0.2010105615074842,Moderate
30.92385839000002,-0.0352547153181738,-0.0343654518537184,0.0660675179886806,Low
35.05111754000001,0.2546193571190135,-0.1063321385902031,-0.2346905254207811,Low
39.17154065,0.1456736460132342,0.004585918532506,-0.1681605033537128,Moderate
40.738702820000015,0.0731672597864768,0.0684542196960336,-0.1055873295204575,High
39.38003987000002,0.197282437660823,-0.0286768565202869,-0.2074753094486865,Moderate
34.30598917999998,0.3406995351672636,-0.1935823072487364,-0.3030179596371042,Low
35.40317360000006,0.241146118364475,-0.1056709557223199,-0.2156982865894515,Low
34.55550463999998,0.4054875841598494,-0.253810384913459,-0.3387119018066473,Low
39.62101028000001,0.1440682978765354,-0.0094462710714472,-0.1447454082739845,Moderate
40.20890972000001,0.1801976922122503,-0.0234192877380482,-0.1782484825963086,Moderate
30.453880640000023,-0.0080934330498924,0.0117382872307849,0.0623971077181316,Low
38.43837536000001,0.2246351430239346,-0.0766783001437076,-0.2430670775065181,Moderate
30.720486199999986,-0.0149475443320025,-0.0172904215539007,0.0602302922940655,Low
31.99540766000001,-0.0011310870341707,-0.0382080871206261,0.0310397597666965,Low
31.09988642000002,-0.0227257401038505,0.010312094516151,0.0888972714698855,Low
40.46867924000003,0.1962338949454906,-0.0531932744907205,-0.1932319391634981,High
37.21130618000001,0.2988381842136783,-0.1785248514708013,-0.2519530498364441,Moderate
33.48224635999998,0.0617259288853375,-0.0879967247511578,-0.0316632294067693,Low
42.35029925000004,0.2845228022310097,-0.034646786374953,-0.2850553664898854,Extreme
30.37868420000001,-0.0170809432759719,0.0119486177403337,0.0652766834353597,Low
31.240025240000023,-0.0218125238528608,-0.0249154106428791,0.0745729759755589,Low
34.84945435999998,0.297158990647609,-0.1521221240047646,-0.2702828802986055,Low
31.077669290000017,-0.0350968488002312,-0.0341451323046415,0.082749333553192,Low
36.08848661000002,0.3213182481475164,-0.1626340275809168,-0.2939036837709938,Moderate
32.42949620000002,-0.0076257682676986,-0.0478937563848326,0.0388049829125785,Low
36.13804790000006,0.2808073257335077,-0.1279418057338468,-0.2475607980195136,Moderate
35.987655020000034,0.2937233874783157,-0.1736891050862007,-0.260913003381494,Moderate
39.88419782000005,0.16473389140619,-0.0279594672450604,-0.1682779339829757,Moderate
36.196154240000055,0.2307568243215999,-0.0506677681398871,-0.2267502612330198,Moderate
29.749768520000032,-0.0180875025595522,0.0240162822252374,0.0941376487626723,Low
38.83144765999998,0.261564561734213,-0.1226745844027309,-0.2509532710280374,Moderate
33.51471755,0.4088971809047806,-0.2396012168308183,-0.3696979782011814,Low
31.762982300000036,-0.0098831445822944,-0.033164064948906,0.0407171337931837,Low
35.60483678000003,0.2992087229773217,-0.0933188899863,-0.2726598427533007,Moderate
31.35965594000004,-0.0108025597369811,-0.041604846686449,0.050145164472757,Low
35.75181164000003,0.2985717524370891,-0.1018563047032797,-0.269738057413086,Moderate
29.730969410000057,-0.0059604443240314,0.0192789602058204,0.0801629583202757,Low
37.47107570000003,0.0660125374761515,-0.0521898202948455,-0.0239279543431593,Moderate
38.739161120000006,0.1758057250501658,0.0051454410006756,-0.1756372197768451,Moderate
30.911895319999985,-0.0314998248240277,0.0045177764682773,0.0983008629125522,Low
33.612131120000015,0.0759086353325948,-0.0881929253588006,-0.0467539132666153,Low
38.91006212000002,0.3689890385855364,-0.1735955546504524,-0.3343035755631264,Moderate
34.825528220000024,0.1598763502483415,-0.006419336367198,-0.1828421649192405,Low
36.32603900000004,0.2307328418811842,-0.072815367169513,-0.2225398441477072,Moderate
30.38893826000003,-0.0120440467997247,0.0174874234283563,0.0695790258288232,Low
31.012726910000023,-0.0016265730673743,-0.0486152739479678,0.0445421525520932,Low
32.091112220000014,-0.0484687726067036,-0.0250016234820442,0.0702715438534487,Low
30.450462620000053,-0.0076894159461399,0.0114731215742348,0.070848,Low
38.99209460000003,0.1373992014405386,-0.0072800388268737,-0.1419139320102181,Moderate
32.42607817999999,0.009682183687982,-0.0409429280397022,0.0083807886537015,Low
29.70191624000006,-0.0158383397050791,0.0227103247237475,0.0858012556281311,Low
32.446586300000035,0.0064410480349344,-0.0675699148862254,0.0199330250358794,Low
33.44977517000001,0.3310122791254867,-0.1521062864549578,-0.304805769124906,Low
38.08973732000004,0.2150420546710724,0.0140162710624942,-0.219713531850735,Moderate
37.07971241000001,0.2485242835713311,-0.0959335134580526,-0.2273867662549075,Moderate
33.78474113000004,0.0428004771018834,-0.0604795486600846,-0.0062364497738283,Low
33.15753446000002,-0.0215461110453415,-0.0376647834274952,0.0481948523060977,Low
31.16482880000001,-0.0380420324554402,0.0248112189859762,0.1280443694236797,Low
42.65963006000004,0.1879332335163311,-0.0129243766352488,-0.1974287311347121,Extreme
29.52759722000002,0.2730062497661015,-0.0488083125211975,-0.2738643598097592,Low
40.55242073,0.1134387423530052,0.0467190948369649,-0.1433258150502358,High
35.758647680000024,0.3492806378921823,-0.1891594610284457,-0.3209340211783872,Moderate
34.71444257000002,0.1375018818688212,-0.100206285644946,-0.1056533827618165,Low
36.55162832000002,0.3179353127072685,-0.1352332302728861,-0.2840200699407024,Moderate
36.07310552000001,0.2247648462726379,-0.0623108235048533,-0.2092194368539859,Moderate
32.08769419999999,-0.045462586237396,-0.0357668436880158,0.0772387847004503,Low
36.753291500000046,0.3369123089889699,-0.1097996866777191,-0.315247760333111,Moderate
40.56438380000003,0.1569228440609982,-0.0002944544413544904,-0.172720647462698,High
30.414573410000003,-0.0165132554211052,0.0249837656789363,0.0882127333162874,Low
29.725842380000017,-0.0089151008092168,0.0188730482009504,0.0855479625411288,Low
30.55129421000004,-0.0089319584784632,0.0163272291631011,0.0786740189792254,Low
30.503441930000008,-0.0080456967712723,0.0201947225375855,0.0760146643740064,Low
31.53568397000004,-0.033399756119323,-0.0277004806476094,0.085280045032367,Low
37.02160607000002,0.2295319030922525,-0.076466813506998,-0.2171150678484587,Moderate
34.34358740000005,0.4138656522983185,-0.2052455629367117,-0.3737040065412919,Low
32.45684036,0.0289389067524115,-0.0570940923856191,-0.0006253908692933083,Low
35.91587660000005,0.1146795509450049,-0.072512647554806,-0.0919721577726218,Moderate
40.31486834000003,0.2451788491446345,-0.0826178081265634,-0.2373372483869721,Moderate
40.130295260000025,0.1671967616018505,-0.0083052329211939,-0.1691405401491564,Moderate
36.78918070999998,0.2758734536132528,-0.1375142847248675,-0.2501141726290151,Moderate
33.284001200000034,0.0811671632590157,-0.0884360777823748,-0.0428104251313051,Low
39.183503719999976,0.2308111842344471,-0.0196545024624606,-0.2504525137601123,Moderate
31.62797051000001,-0.0222428712468784,-0.0340570586248195,0.0517867702965278,Low
31.93901033000003,-0.0294135123893279,-0.0198551448551448,0.0692347142287309,Low
34.67855336000002,0.2456433145740345,-0.0109301666299177,-0.233293624870307,Low
36.72252932000004,0.2537347736152608,-0.0555170356515149,-0.252846944439128,Moderate
31.086214340000023,-0.0095851020128714,0.009245942058763,0.0713827192194119,Low
39.22793797999998,0.183683466792275,-0.0292267365661861,-0.1957365816520746,Moderate
33.80695825999999,-0.000780205082478823,-0.0221766147882104,0.0332668356068366,Low
39.750895040000046,0.1881829828924561,0.0066158402117068,-0.1850125897252809,Moderate
34.48543523000001,0.0970236003352166,-0.0945971461710678,-0.0659031808988468,Low
35.621926880000046,0.2865909788278613,-0.0681441854540822,-0.2575070290534208,Moderate
39.80900138000004,0.2248216359714617,-0.0756620888127937,-0.204536183405401,Moderate
35.29379696000001,0.190347184595507,-0.0575427682737169,-0.1705397762203369,Low
40.78484609000003,0.1311104155542871,-0.0048743784349646,-0.1710636675562333,High
41.64789614000006,0.08234075608493,0.0610961365678346,-0.1086628310278695,Extreme
41.12152106000002,0.203659506762132,-0.0510593956234803,-0.2077429654759529,High
41.909374670000034,0.113306194895144,0.0369653376946312,-0.1405700280665691,Extreme
41.391544640000006,0.100074186872828,0.0361932129173508,-0.1289017109428216,Extreme
33.98127728000003,0.3749955965758974,-0.1446669990322296,-0.3466740270494066,Low
32.20903391000002,0.0006882312456985547,-0.0569741026805997,0.0333250228538186,Low
30.981964730000016,-0.0068229012162563,-0.0365966932937023,0.0504552029269122,Low
35.16391220000003,0.0287864917098972,-0.0393053486101834,-0.0050181348437422,Low
30.580347380000035,-0.035131786061154,0.0203346028291621,0.1117893698359847,Low
29.551523360000036,-0.0109125630882553,0.0213914569134219,0.0737689212492814,Low
31.43485238000005,-0.0444884488448844,0.0090361445783132,0.100198906016907,Low
31.937301320000017,-0.0120639246075676,-0.0578080359856543,0.0425572886578085,Low
40.39690082000004,0.2852737365308566,-0.1276060731451125,-0.2645368552561128,High
36.44908772000002,0.3211980676328502,-0.1450678278345336,-0.2972829386763813,Moderate
29.777112680000016,-0.016504329004329,0.0186947425254774,0.0858220685319082,Low
32.41753313000004,-0.0125920068130664,-0.0139296645636829,0.057210896207237,Low
30.51369599000003,-0.0381833473507148,0.020051413881748,0.1127730883813306,Low
31.37332802000003,-0.0312827790460912,-0.0075081819931977,0.1093209281216315,Low
32.22441500000002,0.0394605131447236,-0.0657375898017609,-0.0107581967213114,Low
41.28900404000001,0.13344405391835,0.0482584160342479,-0.1664679227283567,High
32.415824120000025,-0.0154108615297128,-0.0518833535844471,0.0496734178604753,Low
41.67865832000001,0.1469807564698075,-0.0051975429796823,-0.1535830483023275,Extreme
37.313846780000006,0.2594208166727251,-0.1158346752549651,-0.2416676621670051,Moderate
30.563257280000016,-0.0378664899784661,0.0261225311022433,0.1020067406697381,Low
37.64197669999999,0.1677977275371311,-0.0256462654541739,-0.1871328891867386,Moderate
30.470970739999984,-0.0173874275523851,0.0281527711824163,0.090874476456403,Low
37.44373154000005,0.2111783884489986,-0.1560930067131996,-0.1710875928844854,Moderate
34.33504234999998,0.1715705878992172,-0.0354125290335611,-0.1694547943122196,Low
32.60723324000003,-0.0234663090848139,-0.0485332053512508,0.0505215123859191,Low
41.19329948000001,0.1724572532874007,-0.0146518814760952,-0.1706866898779311,High
39.313388480000015,0.228206431008202,-0.0989446338691346,-0.2185654616160161,Moderate
38.31190862000005,0.1708110251834225,-0.0275312380355713,-0.175847373242522,Moderate
33.57965993000005,0.1191816628129084,-0.0887264370064301,-0.0852505361668941,Low
38.12049950000005,0.1477486312004576,0.0101487067446613,-0.1660924073228444,Moderate
36.39952643000004,0.2023778269512058,-0.0529444608664236,-0.1968789083646002,Moderate
35.322850130000006,0.2896554446067017,-0.1599368133330966,-0.2589481795415141,Low
41.41205276000005,0.1459138399885501,0.0668686809824888,-0.1884810925149367,Extreme
38.665673690000006,0.253871596980748,-0.0142000631113916,-0.2725207002805942,Moderate
35.73472154000001,0.2750194092203039,-0.096702388145133,-0.2654753605107695,Moderate
31.09646840000005,-0.0335511471855129,-0.0307519219951246,0.0840368806931793,Low
33.93000698000003,0.2250588991218676,-0.126055714145093,-0.2072946788526078,Low
40.49602340000001,0.0703610411418975,0.0558785410109239,-0.0942958925275763,High
41.59491682999999,0.184590566907359,-0.0416427437603431,-0.1843858604865497,Extreme
32.036423900000045,-0.0380257459808981,-0.0252260226338749,0.065144701948576,Low
39.51334265000003,0.3016155382102015,-0.1086442276473043,-0.2858833656122229,Moderate
34.446128000000044,-0.0360371075166508,-0.0254301619433198,0.0741375371258853,Low
32.20561588999999,-0.0109054170504858,-0.0370762711864406,0.0517619576674358,Low
38.73403409000002,0.1860801951516999,-0.0312339480704545,-0.1880500143170755,Moderate
34.71102455000005,0.3420464739925065,-0.1279086957807279,-0.315323081166816,Low
37.09851151999999,0.2274079874706343,-0.1142389990758512,-0.205970608601985,Moderate
35.81675402000002,0.2315447775443956,-0.044131455399061,-0.2210988678102162,Moderate
32.07573113000001,0.016300680060219,-0.0618609822905649,0.0046521087017311,Low
33.58307795000002,0.217435249526216,-0.10866938963355,-0.1907566832804712,Low
30.23170934000001,-0.0114093301513616,0.0122166329130463,0.0548523206751054,Low
39.95597624000004,0.2365079365079365,-0.0832609073526855,-0.2291913214990138,Moderate
36.59777158999998,0.2920181573769214,-0.1184039664738519,-0.2728494107711796,Moderate
38.55629705000001,0.2035087719298245,-0.0061731379849459,-0.2113321043950713,Moderate
41.12493907999999,0.2698810745089099,-0.0932225565877273,-0.251338500131042,High
40.92327590000002,0.1577182516473661,-0.0316528265174941,-0.1670924885028104,High
39.76627613000005,0.2452502081213578,-0.087536756389957,-0.2356720637368285,Moderate
37.11731063000002,0.2913913345902509,-0.0669509852849991,-0.2839411807527116,Moderate
40.89593174000004,0.1055379807142584,0.1035633711407114,-0.1490710295923622,High
40.79510015000005,0.1416225474929928,-0.0160588999566912,-0.1405791182933706,High
38.0692292,0.2666802996783848,-0.0706810396304095,-0.2469072542273625,Moderate
39.77653019000002,0.1172836997602308,0.012055985769984,-0.1259547455718234,Moderate
35.939802740000005,0.2589967713993227,-0.0972479582732825,-0.245899084356127,Moderate
31.28104148,-0.0525612201494804,-0.0017346610986186,0.1082642264798398,Low
42.56734352000001,0.1397690026533479,0.0133090122956357,-0.1586671955573185,Extreme
42.58956065000001,0.2346368715083799,-0.0960846634766511,-0.2269617234233882,Extreme
39.10488926000005,0.1604184829991281,-0.0289579642454501,-0.1568883094306823,Moderate
36.674677040000006,0.2402942840973401,-0.0334648454078184,-0.2398966564203141,Moderate
32.52861877999999,-0.0098284191237714,-0.0539630001773154,0.0378763353836192,Low
37.24548637999999,0.3270458933610575,-0.1439362417181448,-0.3048081486619692,Moderate
35.464697960000024,0.338956739671199,-0.1498739138116577,-0.3126867997873003,Low
41.90424764,0.0991445220481877,0.003260502941948,-0.1053112791954118,Extreme
31.52030288000003,-0.040574809805579,-0.0129406514948683,0.1083553111497671,Low
30.77346551000005,-0.0364315740308267,0.0184536958368734,0.1095970650800012,Low
34.061600750000025,0.2557797347007022,-0.2254274898838272,-0.2207004160887656,Low
39.48428948000003,0.1321070934763481,0.0480217031321565,-0.1371575270401077,Moderate
31.40409020000004,-0.041307308216069,0.0189130001990842,0.1089144717015249,Low
36.273059690000025,0.285802434509452,-0.0711381797224255,-0.265383482997203,Moderate
29.71558832000005,-0.0051360355358134,0.0223040720278289,0.0907706945765937,Low
37.10022053,0.2412096045523578,-0.0923980170211326,-0.2310097620500305,Moderate
39.836345540000025,0.1782053724518956,-0.0171375941580869,-0.1749819508302618,Moderate
37.2318143,0.2845560924957067,-0.122652705061082,-0.2529801324503311,Moderate
36.95153665999999,0.1570854581981146,-0.0078067164681337,-0.1759855504947385,Moderate
30.956329579999988,-0.0039285495058621,-0.0208549589506464,0.04192005668064,Low
36.63024278,0.0661576540672064,-0.0012607359546135,-0.0654871708871373,Moderate
32.12358341000004,0.0228198641991745,-0.0533070088845014,0.0091572729383238,Low
29.49341702000004,-0.0311511807844984,0.0272899216427992,0.117484831770546,Low
33.762523999999985,0.3371139087369098,-0.1707381661701423,-0.2943932074366857,Low
39.03994688,0.2118089954428373,-0.0753595667616133,-0.2052181452725338,Moderate
41.74018268000003,0.0805064308681672,0.0331247302546396,-0.097623713865752,Extreme
29.59595762000004,-0.0066306651172328,0.0266577361018084,0.0937889748066849,Low
35.80649996,0.305013769947561,-0.0888259364180044,-0.2949015497491952,Moderate
40.97112818000005,0.1188621478122698,0.016890281277668,-0.1348270440251572,High
31.002472850000004,-0.0362813197717687,-0.0087967020482357,0.0945693975061181,Low
37.43518648999998,0.3299245720916739,-0.1343468242062448,-0.2972533205992111,Moderate
38.54433398000003,0.0990005979328606,0.0001942728367719625,-0.117082700238767,Moderate
36.44225168000003,0.4583448064861557,-0.2685899824346622,-0.4129539054394546,Moderate
31.882612999999992,-0.0257066276803118,-0.0191805263493277,0.0638023881994849,Low
35.621926880000046,0.3026532049776942,-0.1569179439057449,-0.2695652173913043,Moderate
31.08963236,-0.0547307498741821,0.008512042230287,0.1078786439470403,Low
38.51357180000002,0.1112306657700067,0.001651427880936,-0.1086460616361765,Moderate
33.37457873000005,0.2839238743617515,-0.1014800557509789,-0.2603998557025954,Low
38.21962208000002,0.194931129476584,-0.0432607510502517,-0.2018619772425003,Moderate
41.71283851999999,0.1431547738290796,0.0326823976132356,-0.1716972608927764,Extreme
39.92521406000003,0.1866308955743513,-0.0569307382207548,-0.1752941176470588,Moderate
35.71592242999998,0.2949609624736036,-0.1457319163524168,-0.2678679817905918,Moderate
31.75101923,-0.0287771925125732,-0.0310880829015544,0.0688730385164051,Low
37.61292352999999,0.2010752281073713,-0.04749797758003,-0.1899474868717179,Moderate
32.17314470000002,-0.0149897671331378,-0.0548513209335386,0.0442249892657793,Low
41.49750326000003,0.2337620231276342,-0.1098220940406364,-0.2256379057366782,Extreme
36.42174355999998,0.244399866265463,-0.1123729826658696,-0.2320876857437104,Moderate
39.019438760000014,0.3667996530789245,-0.1755333432791287,-0.3325441385375093,Moderate
41.70942050000002,0.1731132075471698,-0.0228604722898173,-0.1777426992896606,Extreme
35.69370530000003,0.3214306851585156,-0.1592793229373994,-0.2912192771084337,Moderate
32.57305303999999,0.0758541427228084,-0.0667702667702667,-0.0451154529307282,Low
37.019897060000005,0.1653429020682982,-0.0244196349459507,-0.1610829918855949,Moderate
32.415824120000025,0.0771961389773639,-0.0687251236280303,-0.0560389006745643,Low
34.75374980000004,0.16205919703038,-0.1395727560111122,-0.1367958335324191,Low
35.99449106000003,0.2851600768055174,-0.0888084724942731,-0.2637176325524044,Moderate
41.76239981000003,0.134410518395311,-0.0344516268823805,-0.1561358545395838,Extreme
37.74793532000001,0.2520130332197296,-0.073297588852859,-0.2515443075886339,Moderate
33.689036569999985,0.3065003257071794,-0.203819570753001,-0.2648053660494181,Low
34.80502009999998,0.2448057047051083,-0.1146924114863452,-0.2167365058291499,Low
31.867231909999987,0.035283756261353,-0.0731178501126865,-0.0047008547008547,Low
33.677073500000006,0.1191594686063545,-0.1124723840128539,-0.0766315175664512,Low
31.90312112000004,-0.0398592489231329,-0.0248672451754954,0.0729850046860356,Low
37.78211552000005,0.214094421914454,-0.0836634339571096,-0.2051038620742034,Moderate
32.06035004,0.0082847499232893,-0.043054192878167,0.0214943151055766,Low
31.80058052000004,-0.0501218859623045,-0.0222023162070509,0.0747668963919615,Low
36.30553087999999,0.3256478868076683,-0.1330597155210226,-0.3070348217351235,Moderate
32.87896583000003,0.0335338765770568,-0.0545209666140019,-0.0095965482183152,Low
39.20059382,0.1689639151308657,0.0106011698972653,-0.1674722555198948,Moderate
34.899015650000024,0.363053548267556,-0.1443060027688335,-0.3304877828217974,Low
31.5749912,0.002339986235375,-0.0595390524967989,0.0297652356969648,Low
36.42516158000001,0.2869335347432024,-0.0708270487682252,-0.278892162197662,Moderate
36.18590018000003,0.3296867802855827,-0.1395815514178564,-0.3036655125696221,Moderate
36.165392060000045,0.3186650570505082,-0.1758047154415083,-0.2829430931272259,Moderate
37.43176847000001,0.1928918356333359,-0.0410415124806566,-0.2009469108972368,Moderate
36.37047326000004,0.2602953208399891,-0.0727598328579956,-0.2361190721846459,Moderate
30.515404999999987,-0.0396551724137931,-0.0085359544749094,0.1035751235774227,Low
35.138277050000056,0.2035759511614281,-0.0411353083513177,-0.2105773434975191,Low
32.20390687999998,-0.0379413974455296,-0.0149943853623092,0.0668609947167061,Low
31.13406662,-0.0586689482368758,-0.0093047637769477,0.0930609120617069,Low
46.911646940000026,0.0641025641025641,0.0137350155523713,-0.072147714752479,Extreme
36.70202119999999,0.2432474447164898,-0.0826818289504856,-0.2246382359696807,Moderate
35.70054134000003,0.1804669260700389,-0.0644538788112697,-0.1754358775668345,Moderate
31.22635316000003,-0.0564714566929133,0.0036377809536182,0.1102732177040431,Low
35.91245858000002,0.3157485273959916,-0.1771568724934539,-0.2992390986245244,Moderate
32.942199200000005,0.0126612517916865,-0.0323601936131997,0.0120896087627814,Low
34.752040790000024,0.3067641543386434,-0.1021151511278675,-0.2829964107046549,Low
38.5990223,0.2004212572909915,-0.0307456872565386,-0.1998866350864407,Moderate
33.29254624999999,0.3317599078602043,-0.190246371920351,-0.2993994325927563,Low
39.019438760000014,0.2763372472276582,-0.1212349127896565,-0.2466053438458169,Moderate
40.46184320000003,0.2145837909070942,-0.0844909298905049,-0.2054933875890132,High
34.51107037999998,0.2805997674698312,-0.171066138730019,-0.2490028935637757,Low
32.303029460000005,-0.001738545230217,-0.060091715800131,0.034340584820702,Low
36.12437582000001,0.3145794659431672,-0.1257719351880159,-0.2999152781700084,Moderate
31.120394540000007,-0.0425023243458626,0.0269941962478067,0.1225657254138266,Low
36.22349840000004,0.2253947740398207,-0.0494967313479298,-0.2098568523465848,Moderate
33.051575840000055,0.0270122185085748,-0.0526788722902392,0.0027665460736326,Low
40.48918736000002,0.1277533039647577,-0.0207806149835135,-0.1243718062418176,High
35.51938628000005,0.0949277723471271,-0.0753066666666666,-0.0571518456375838,Low
31.62626150000005,-0.0442187214889605,-0.0083418891170431,0.1145046771103347,Low
40.29094220000002,0.2644095788604459,-0.0769615504845264,-0.2609387867142465,Moderate
34.350423439999986,0.3702146171693735,-0.1757057313943541,-0.3361614876091491,Low
33.51642656000001,0.1163430668093563,-0.0842407444070481,-0.0801242542280952,Low
39.57486701000005,0.1491847660146152,-0.0415659649834879,-0.1432042766888061,Moderate
34.98275713999999,0.2461999334294907,-0.1126851255634256,-0.2334272850397159,Low
39.25186412000005,0.1505936263278483,-0.0210343425381686,-0.1624579124579124,Moderate
31.02127196000004,-0.0381861575178997,0.0195309860106778,0.0970873786407767,Low
33.762523999999985,0.1402877697841726,-0.1085531108844528,-0.1190429495979603,Low
42.91085453000005,0.2116854642779544,-0.0651109490571934,-0.2225034376930588,Extreme
41.900829620000025,0.1278592837987064,-0.0037908037908037,-0.1263489562820008,Extreme
34.972503080000024,0.2853825699412007,-0.1062725631768953,-0.2780115434742133,Low
34.22395670000003,0.3238323795458741,-0.0974870680419944,-0.2965467365756644,Low
36.64391486,0.23760177646188,-0.0566439381340429,-0.2245307019234475,Moderate
41.58637178000004,0.0734662576687116,0.0327194831219984,-0.1004284422782123,Extreme
41.210389580000026,0.1149557231879304,0.0320330296127562,-0.1155045118949959,High
37.00622498000001,0.2552560444511187,-0.0770544084012498,-0.2397567577589083,Moderate
31.06570622000004,-0.0579399141630901,0.0111957601854918,0.1133420458595699,Low
37.594124420000014,0.3659528907922912,-0.1810046901999506,-0.3357297410483702,Moderate
36.62169773000005,0.2368334834957818,-0.0836772040618608,-0.2155276503260082,Moderate
32.596979180000005,-0.0403739906502337,-0.0209275287430564,0.0712187096015983,Low
36.61998872000004,0.3142916421729658,-0.1546266480345099,-0.2864008664455425,Moderate
29.657481980000057,-0.0307465091299677,0.023865864376986,0.1037308336954497,Low
32.59014314000001,-0.0184505769128515,-0.0525115456981583,0.0522154335883349,Low
35.71250441000001,0.2121082427095695,-0.0615756832276971,-0.1969033348701398,Moderate
31.395545150000032,-0.0218901153416842,-0.0188618306310961,0.0615219848872493,Low
31.909957159999976,-0.0575922219044895,-0.0329091706888986,0.0739054684426459,Low
38.14100761999998,0.1556798974179635,-0.0277835372174994,-0.1650964645970032,Moderate
40.07902496000003,0.1519691029317104,0.0380179827990617,-0.182531736814705,Moderate
33.01226860999998,0.3253276792598303,-0.117180645370942,-0.2978839873907545,Low
39.983320400000025,0.1524708902539653,-0.0014819064008795,-0.1655076495132127,Moderate
32.990051480000034,-0.0265347015605076,-0.0244089456869009,0.0677443740187242,Low
32.803769390000014,0.2876955299356567,-0.1189558772893472,-0.2789115646258503,Low
31.024689980000005,-0.0410396716826265,-0.0239751039979676,0.09020116807268,Low
31.04861612000002,-0.0466365363201676,0.0140224901774827,0.1117959358027704,Low
32.59356116000004,-0.0424264751028427,-0.0236282488842215,0.0726051019801391,Low
29.38745840000001,-0.0128749486371729,0.0277234401349072,0.0796833099221044,Low
37.831676809999976,0.2432063210751735,-0.0937469546857235,-0.2287340802101959,Moderate
36.01499918000002,0.2500609538813556,-0.0898328918538866,-0.2284950695788406,Moderate
37.46765768,0.2462916206406817,-0.0913393443189276,-0.2271685506739696,Moderate
29.93946863000002,-0.0194258208698641,0.0227187060960148,0.0939703920198233,Low
30.631617679999977,-0.0358987603305785,0.0138361456923026,0.1120889576024261,Low
31.974899540000024,-0.0518920833579314,-0.0352607490491845,0.0710856614032043,Low
37.132691720000025,0.1754781241812942,-0.0651072988542128,-0.1831862452093808,Moderate
36.91052042000001,0.2589453860640301,-0.1804791909138339,-0.2358823529411764,Moderate
31.03665305000004,-0.0267929149616177,-0.0316962730755834,0.0627121569529946,Low
32.58330710000001,0.314437350973002,-0.1291420264957547,-0.2785904006584115,Low
38.798976470000014,0.3356536413014818,-0.1505057234570892,-0.3093691302924299,Moderate
39.61075621999999,0.186303887490511,-0.0514164305949008,-0.1817711442786069,Moderate
30.549585200000024,-0.0131803758847937,-0.0249065213258127,0.058946755891766,Low
30.441917569999987,-0.0304633964312368,0.0261023648878893,0.1101840032379588,Low
33.19000564999999,0.1208926548105818,-0.1213069511864573,-0.0870738873892166,Low
38.12220851000001,0.2521643635032488,-0.0908569059540134,-0.2553121215457448,Moderate
30.34450400000003,-0.0475373035785025,0.0193065941536369,0.1176218728974249,Low
32.44145927,-0.012933618843683,-0.0468433005299015,0.0465789691403987,Low
32.27568530000002,-0.0452083823875676,-0.0343728078566418,0.0754673962608299,Low
30.705105109999977,-0.0288606209820817,0.021870156707422,0.1062437059415911,Low
37.66590284000006,0.2032976340604942,-0.0293525689535801,-0.2022793094369428,Moderate
42.20845142000002,0.1511034255599473,-0.0128242283726996,-0.1425885814704319,Extreme
31.103304439999988,-0.0430187432912228,-0.0436113695710898,0.0869702221521978,Low
39.50479760000002,0.1977996436042457,-0.0115814957796244,-0.2047066157562534,Moderate
31.694621900000016,-0.0213550135501355,-0.0563388521617036,0.0490335492705535,Low
40.17472952000003,0.1659588504514905,-0.0506409065576815,-0.1582224042596764,Moderate
37.02331508000003,0.4159685071161805,-0.2047406389556853,-0.3775675542971243,Moderate
43.66110992000006,0.0974454475527306,0.030680111564042,-0.0969569439948203,Extreme
40.78997312000001,0.1627961898764071,-0.0367432882961923,-0.1627046599496221,High
35.69028728000001,0.2418104431101315,-0.0786268361115695,-0.2291286603599706,Moderate
36.77038160000001,0.2688540256430676,-0.1209371042634022,-0.2514629069630444,Moderate
40.68059648000002,0.2196711598281736,-0.0952745169764889,-0.2194453700618312,High
31.450233470000057,-0.0138674884437596,-0.0312470380082777,0.0506108202443281,Low
41.210389580000026,0.1958054733457561,-0.0697172740643896,-0.1985644180766132,High
38.306781590000014,0.1900958770943331,-0.0532388663967611,-0.1833068000909711,Moderate
36.35680118000005,0.2439352093752332,-0.026675702316412,-0.2361384118977858,Moderate
31.270787420000037,-0.0530109999378534,0.0094259897289215,0.1147902869757174,Low
37.50525590000001,0.2701041274620499,-0.096541266517438,-0.2376528117359413,Moderate
36.96520873999998,0.2708451182260437,-0.0872574166384358,-0.2606239712703875,Moderate
32.01591578,-0.0180583604062399,-0.0435134210444465,0.0516169154228855,Low
40.1713115,0.2307258261703688,-0.0394103537559766,-0.2364467791613915,Moderate
31.453651490000027,0.0313966480446927,-0.0657507360157016,0.0062974325851768,Low
30.91873136000004,-0.0286714817246662,-0.0152619366645968,0.0675351182614959,Low
36.69176714000002,0.3566253177041842,-0.1889358023870474,-0.3209470690355705,Moderate
36.50719406000002,0.3114691654287129,-0.1107884888372693,-0.2965054978159361,Moderate
40.89593174000004,0.1823778376298576,-0.0418361811771087,-0.1677306581547347,High
36.61315267999999,0.2546465681252744,-0.0923454273245628,-0.2560712061829237,Moderate
38.39735912000003,0.1988345222545966,-0.0487088892404507,-0.1866732968672302,Moderate
35.5569845,0.3084522502744237,-0.1110075496318389,-0.2811693895098882,Moderate
47.64652124000003,0.0992106952679481,0.0412253973482664,-0.1206252646979555,Extreme
31.055452160000016,0.0056724178681162,-0.0404058927807323,0.0410187063331079,Low
32.19707084000004,-0.0120395756347598,-0.0356763511402686,0.0503036553225621,Low
29.86256318000005,-0.0141170082801683,0.017650639074863,0.0768350810295519,Low
38.173478810000006,0.179075882794891,-0.0356353317715379,-0.186250425186137,Moderate
31.31180366000001,-0.0487925086249383,0.0045773966862226,0.1153383372486105,Low
37.741099280000014,0.2685143854238526,-0.1090022172949002,-0.2385103011093502,Moderate
37.85047592000001,0.2171871331298427,-0.0542656678981798,-0.2107434799532892,Moderate
36.90710239999999,0.1999456352904629,-0.0317529215358931,-0.2096692111959287,Moderate
37.94959849999998,0.321498092346025,-0.1295840266222961,-0.306015659567919,Moderate
32.06035004,-0.009134575339423,-0.0614478615192433,0.0385516851208276,Low
39.10488926000005,0.2588160975065958,-0.112695023813434,-0.2347505968544404,Moderate
31.56302813000002,-0.0110393327336658,-0.0610012867001988,0.0384034348413771,Low
38.402486150000016,0.1332557271189791,-0.0799564634963161,-0.1206046521729687,Moderate
34.617029,0.3489464797004625,-0.166621692407816,-0.3270737784839839,Low
31.28787752000005,-0.0380831269660665,0.0275390757155423,0.1229098010496765,Low
35.17758428000002,0.2504311314388543,-0.043649676147564,-0.2404328907731786,Low
39.09805322,0.201595069784303,-0.0205049261083743,-0.2333854282950063,Moderate
30.53420411000002,-0.0467015022860875,0.022928870292887,0.1134665613800643,Low
35.34848527999998,0.3281095166440342,-0.1668332634701576,-0.297583189902467,Low
35.327977160000046,0.2754901121479325,-0.20542071197411,-0.2499161073825503,Low
30.83328086000006,-0.0181308468171984,-0.0143869038249645,0.0606652479374981,Low
36.54137426,0.2796680827410966,-0.1129104657988329,-0.2677391441157961,Moderate
29.582285540000044,-0.0338041368230805,0.0248615052019997,0.1149671960267337,Low
30.54787619000001,-0.0189186395120438,0.0234951123306465,0.0939469161733817,Low
39.47061740000004,0.1059563518536167,-0.0123878982447569,-0.11554581458838,Moderate
37.52234600000003,0.1933160261801162,-0.0324254215304799,-0.223788810559472,Moderate
34.69051643,0.1732169529499626,-0.1121189327905844,-0.1378966906605097,Low
37.15661785999998,0.254374461388587,-0.0837811589511168,-0.2337571402248019,Moderate
37.542854120000015,0.3072088724584103,-0.1139223716280072,-0.2862366703042138,Moderate
39.77482118,0.1591568945364051,-0.0248358169150248,-0.2235621890547263,Moderate
34.68197138000005,0.3487711959363562,-0.1701500275428534,-0.3168508186558728,Low
31.39725415999999,-0.0401261509869625,-0.0419048201240945,0.0630789104801693,Low
37.49500183999999,0.2531853835852305,-0.05750540828517,-0.2507924384189421,Moderate
40.18327456999998,0.1358293158272643,-0.0122310181545605,-0.1471490137576661,Moderate
30.78542858000003,-0.0183338309943266,-0.0278568078786931,0.0573730538750465,Low
31.29471355999999,-0.0315950724452671,0.0054408390691576,0.094857415582866,Low
38.546042990000046,0.2874316140010612,-0.1511165644171779,-0.2642984205703196,Moderate
34.796475050000026,0.2580776641470283,-0.1126294402936164,-0.2346769941271659,Low
35.86802432000002,0.3116946911014547,-0.110848,-0.2857989480702274,Moderate
31.29471355999999,-0.0515368919897321,0.024967859801069,0.1188700012229424,Low
35.36899340000002,0.2575208341118876,-0.1003924133420536,-0.2434869369202912,Low
37.03356914000005,0.319835354321949,-0.1346233542669514,-0.2974628171478565,Moderate
42.19648834999998,0.1574908881642048,-0.0346187479638552,-0.1586466454164906,Extreme
32.2073249,-0.0410143460920292,-0.0228571428571428,0.0685707678075855,Low
33.86506459999998,0.0121062596821389,-0.0381355932203389,0.0080413878423213,Low
41.69574842000003,0.1089126171279145,-0.0265472444121681,-0.1165525715288748,Extreme
30.616236590000028,-0.0282650741406806,0.0226605692444201,0.1077948781855567,Low
31.17850088,0.0094910428283307,-0.0484228684080828,0.0346040390288177,Low
30.925567399999977,-0.010467277529592,0.0074248519935891,0.0553186190579958,Low
33.29254624999999,0.2966009843464046,-0.0788427137387087,-0.2934753708988425,Low
40.50285944000001,0.1874650668852703,-0.0341045526819612,-0.1991270319084888,High
30.380393210000022,-0.0205038821106005,0.0093272220263469,0.062257281553398,Low
31.426307329999982,-0.0205073935303034,-0.0401530798201919,0.0507788680082044,Low
42.70064630000002,0.2012876349176292,0.0642239726229459,-0.1948619429690737,Extreme
38.04530306000004,0.331471635966561,-0.1307388263910003,-0.3015328620424162,Moderate
36.46446881000003,0.3098124886218824,-0.0802029847160916,-0.2925177400520973,Moderate
37.771861460000025,0.2327098396730587,-0.0648336727766463,-0.2339705766658799,Moderate
38.05213909999998,0.2647984089676369,-0.0790017583366752,-0.2655763803459006,Moderate
41.04119759000002,0.1565417953201145,-0.0097765363128491,-0.1679032288360036,High
29.582285540000044,-0.015898899306971,0.0220121539500337,0.0783914482056502,Low
31.335729800000024,-0.0372258367429069,0.0283625533067081,0.1275755181425879,Low
37.607796500000006,0.2894819220535295,-0.0935457109673137,-0.2708341367475222,Moderate
38.68789082000001,0.1696088404843117,0.0020593291012134,-0.1698188492538504,Moderate
35.334813199999985,0.237126042177538,-0.066483458408202,-0.2327930276126089,Low
36.985716860000025,0.0733445096395641,-0.0510978863123332,-0.0434428316781257,Moderate
36.380727320000005,0.1749024440336825,0.0032929697708859,-0.1671121085382026,Moderate
35.76035668999998,0.2748325136506215,-0.1285954266515821,-0.2486013919705676,Moderate
41.357364440000026,0.1603133581004684,-0.0087768571829799,-0.1611104376288035,Extreme
40.43791706000002,0.1008071157964091,0.045183412508483,-0.1166715401645849,High
35.909040559999994,0.3438704096878194,-0.1685070595877064,-0.3086259045139554,Moderate
33.74885191999999,0.0624702459666754,-0.0827448655059026,-0.0249527988977904,Low
34.58968484000002,0.1902722376426903,-0.0405103565746974,-0.1878485471088934,Low
36.95837270000004,0.2144068714136201,-0.0445768920345191,-0.2231471047944458,Moderate
31.05374315000006,-0.0130877650124363,-0.0338730690489484,0.0546021840873634,Low
31.42459832000003,-0.0171697421483563,-0.0250446087178179,0.0544909475664237,Low
31.35965594000004,-0.045434098065677,0.0149867374005305,0.1295124238162212,Low
31.304967620000014,-0.0518798323791536,-0.0131819615263323,0.0996020402443809,Low
30.61452758000001,-0.0024572969733293,-0.0305882352941176,0.0610932475884244,Low
35.16391220000003,0.2769761205465458,-0.1802195208308745,-0.2196609342602756,Low
